split,condition,pair_index,episode_id,target_side,instruction,chunk_index,phase,start,stop,executed_steps,progress_pregrasp,progress_full,seed,num_samples,tau_min,tau_max,action_dims,energy_left,energy_right,energy_true,energy_alternative,margin_alternative_minus_true,cartesian_x,cartesian_y,cartesian_z
test,C2,0,2026_08_17_02_29_03_938361_L1_left_C2,left,pick up the left block,0,pregrasp,0,16,16,0.10256410256410256,0.0903954802259887,0,8,0.3,0.7,8,0.2593849301338196,0.3168094754219055,0.2593849301338196,0.3168094754219055,0.05742454528808594,0.36497917771339417,0.028502441942691803,0.4813486933708191
test,C2,0,2026_08_17_02_29_03_938361_L1_left_C2,left,pick up the left block,0,pregrasp,0,16,16,0.10256410256410256,0.0903954802259887,1,8,0.3,0.7,8,0.22989654541015625,0.24465340375900269,0.22989654541015625,0.24465340375900269,0.014756858348846436,0.36497917771339417,0.028502441942691803,0.4813486933708191
test,C2,0,2026_08_17_02_29_03_938361_L1_left_C2,left,pick up the left block,0,pregrasp,0,16,16,0.10256410256410256,0.0903954802259887,2,8,0.3,0.7,8,0.24513237178325653,0.3200114965438843,0.24513237178325653,0.3200114965438843,0.07487912476062775,0.36497917771339417,0.028502441942691803,0.4813486933708191
test,C2,0,2026_08_17_02_29_03_938361_L1_left_C2,left,pick up the left block,0,pregrasp,0,16,16,0.10256410256410256,0.0903954802259887,3,8,0.3,0.7,8,0.20899292826652527,0.26252084970474243,0.20899292826652527,0.26252084970474243,0.05352792143821716,0.36497917771339417,0.028502441942691803,0.4813486933708191
test,C2,0,2026_08_17_02_29_03_938361_L1_left_C2,left,pick up the left block,0,pregrasp,0,16,16,0.10256410256410256,0.0903954802259887,4,8,0.3,0.7,8,0.15294839441776276,0.1980370283126831,0.15294839441776276,0.1980370283126831,0.04508863389492035,0.36497917771339417,0.028502441942691803,0.4813486933708191
test,C2,0,2026_08_17_02_29_03_938361_L1_left_C2,left,pick up the left block,0,pregrasp,0,16,16,0.10256410256410256,0.0903954802259887,5,8,0.3,0.7,8,0.26810628175735474,0.35132312774658203,0.26810628175735474,0.35132312774658203,0.0832168459892273,0.36497917771339417,0.028502441942691803,0.4813486933708191
test,C2,0,2026_08_17_02_29_03_938361_L1_left_C2,left,pick up the left block,0,pregrasp,0,16,16,0.10256410256410256,0.0903954802259887,6,8,0.3,0.7,8,0.23371782898902893,0.2842978835105896,0.23371782898902893,0.2842978835105896,0.05058005452156067,0.36497917771339417,0.028502441942691803,0.4813486933708191
test,C2,0,2026_08_17_02_29_03_938361_L1_left_C2,left,pick up the left block,0,pregrasp,0,16,16,0.10256410256410256,0.0903954802259887,7,8,0.3,0.7,8,0.26851335167884827,0.309345543384552,0.26851335167884827,0.309345543384552,0.040832191705703735,0.36497917771339417,0.028502441942691803,0.4813486933708191
test,C2,0,2026_08_17_02_29_03_938361_L1_left_C2,left,pick up the left block,0,pregrasp,0,16,16,0.10256410256410256,0.0903954802259887,8,8,0.3,0.7,8,0.12553711235523224,0.15880152583122253,0.12553711235523224,0.15880152583122253,0.033264413475990295,0.36497917771339417,0.028502441942691803,0.4813486933708191
test,C2,0,2026_08_17_02_29_03_938361_L1_left_C2,left,pick up the left block,0,pregrasp,0,16,16,0.10256410256410256,0.0903954802259887,9,8,0.3,0.7,8,0.2677910625934601,0.29729393124580383,0.2677910625934601,0.29729393124580383,0.02950286865234375,0.36497917771339417,0.028502441942691803,0.4813486933708191
test,C2,0,2026_08_17_02_29_03_938361_L1_left_C2,left,pick up the left block,1,pregrasp,16,32,16,0.20512820512820512,0.1807909604519774,0,8,0.3,0.7,8,0.23308581113815308,0.3443436324596405,0.23308581113815308,0.3443436324596405,0.11125782132148743,0.3800584673881531,0.09224610030651093,0.4594341814517975
test,C2,0,2026_08_17_02_29_03_938361_L1_left_C2,left,pick up the left block,1,pregrasp,16,32,16,0.20512820512820512,0.1807909604519774,1,8,0.3,0.7,8,0.1845279037952423,0.3023310601711273,0.1845279037952423,0.3023310601711273,0.11780315637588501,0.3800584673881531,0.09224610030651093,0.4594341814517975
test,C2,0,2026_08_17_02_29_03_938361_L1_left_C2,left,pick up the left block,1,pregrasp,16,32,16,0.20512820512820512,0.1807909604519774,2,8,0.3,0.7,8,0.18418720364570618,0.31598734855651855,0.18418720364570618,0.31598734855651855,0.13180014491081238,0.3800584673881531,0.09224610030651093,0.4594341814517975
test,C2,0,2026_08_17_02_29_03_938361_L1_left_C2,left,pick up the left block,1,pregrasp,16,32,16,0.20512820512820512,0.1807909604519774,3,8,0.3,0.7,8,0.2680250108242035,0.33021968603134155,0.2680250108242035,0.33021968603134155,0.06219467520713806,0.3800584673881531,0.09224610030651093,0.4594341814517975
test,C2,0,2026_08_17_02_29_03_938361_L1_left_C2,left,pick up the left block,1,pregrasp,16,32,16,0.20512820512820512,0.1807909604519774,4,8,0.3,0.7,8,0.25031208992004395,0.34409886598587036,0.25031208992004395,0.34409886598587036,0.09378677606582642,0.3800584673881531,0.09224610030651093,0.4594341814517975
test,C2,0,2026_08_17_02_29_03_938361_L1_left_C2,left,pick up the left block,1,pregrasp,16,32,16,0.20512820512820512,0.1807909604519774,5,8,0.3,0.7,8,0.23108837008476257,0.3240305781364441,0.23108837008476257,0.3240305781364441,0.09294220805168152,0.3800584673881531,0.09224610030651093,0.4594341814517975
test,C2,0,2026_08_17_02_29_03_938361_L1_left_C2,left,pick up the left block,1,pregrasp,16,32,16,0.20512820512820512,0.1807909604519774,6,8,0.3,0.7,8,0.24737748503684998,0.3765132427215576,0.24737748503684998,0.3765132427215576,0.12913575768470764,0.3800584673881531,0.09224610030651093,0.4594341814517975
test,C2,0,2026_08_17_02_29_03_938361_L1_left_C2,left,pick up the left block,1,pregrasp,16,32,16,0.20512820512820512,0.1807909604519774,7,8,0.3,0.7,8,0.19290590286254883,0.3176530599594116,0.19290590286254883,0.3176530599594116,0.12474715709686279,0.3800584673881531,0.09224610030651093,0.4594341814517975
test,C2,0,2026_08_17_02_29_03_938361_L1_left_C2,left,pick up the left block,1,pregrasp,16,32,16,0.20512820512820512,0.1807909604519774,8,8,0.3,0.7,8,0.14025406539440155,0.24714677035808563,0.14025406539440155,0.24714677035808563,0.10689270496368408,0.3800584673881531,0.09224610030651093,0.4594341814517975
test,C2,0,2026_08_17_02_29_03_938361_L1_left_C2,left,pick up the left block,1,pregrasp,16,32,16,0.20512820512820512,0.1807909604519774,9,8,0.3,0.7,8,0.17527452111244202,0.2677251100540161,0.17527452111244202,0.2677251100540161,0.0924505889415741,0.3800584673881531,0.09224610030651093,0.4594341814517975
test,C2,0,2026_08_17_02_29_03_938361_L1_left_C2,left,pick up the left block,2,pregrasp,32,48,16,0.3076923076923077,0.2711864406779661,0,8,0.3,0.7,8,0.4044487774372101,0.4778091013431549,0.4044487774372101,0.4778091013431549,0.07336032390594482,0.40577369928359985,0.15092162787914276,0.43399590253829956
test,C2,0,2026_08_17_02_29_03_938361_L1_left_C2,left,pick up the left block,2,pregrasp,32,48,16,0.3076923076923077,0.2711864406779661,1,8,0.3,0.7,8,0.3487870693206787,0.4089009165763855,0.3487870693206787,0.4089009165763855,0.06011384725570679,0.40577369928359985,0.15092162787914276,0.43399590253829956
test,C2,0,2026_08_17_02_29_03_938361_L1_left_C2,left,pick up the left block,2,pregrasp,32,48,16,0.3076923076923077,0.2711864406779661,2,8,0.3,0.7,8,0.3786674439907074,0.460992693901062,0.3786674439907074,0.460992693901062,0.08232524991035461,0.40577369928359985,0.15092162787914276,0.43399590253829956
test,C2,0,2026_08_17_02_29_03_938361_L1_left_C2,left,pick up the left block,2,pregrasp,32,48,16,0.3076923076923077,0.2711864406779661,3,8,0.3,0.7,8,0.2685365676879883,0.35640841722488403,0.2685365676879883,0.35640841722488403,0.08787184953689575,0.40577369928359985,0.15092162787914276,0.43399590253829956
test,C2,0,2026_08_17_02_29_03_938361_L1_left_C2,left,pick up the left block,2,pregrasp,32,48,16,0.3076923076923077,0.2711864406779661,4,8,0.3,0.7,8,0.2668153941631317,0.36668017506599426,0.2668153941631317,0.36668017506599426,0.09986478090286255,0.40577369928359985,0.15092162787914276,0.43399590253829956
test,C2,0,2026_08_17_02_29_03_938361_L1_left_C2,left,pick up the left block,2,pregrasp,32,48,16,0.3076923076923077,0.2711864406779661,5,8,0.3,0.7,8,0.25401541590690613,0.3630608320236206,0.25401541590690613,0.3630608320236206,0.10904541611671448,0.40577369928359985,0.15092162787914276,0.43399590253829956
test,C2,0,2026_08_17_02_29_03_938361_L1_left_C2,left,pick up the left block,2,pregrasp,32,48,16,0.3076923076923077,0.2711864406779661,6,8,0.3,0.7,8,0.31828561425209045,0.38672539591789246,0.31828561425209045,0.38672539591789246,0.068439781665802,0.40577369928359985,0.15092162787914276,0.43399590253829956
test,C2,0,2026_08_17_02_29_03_938361_L1_left_C2,left,pick up the left block,2,pregrasp,32,48,16,0.3076923076923077,0.2711864406779661,7,8,0.3,0.7,8,0.23760992288589478,0.3554078936576843,0.23760992288589478,0.3554078936576843,0.11779797077178955,0.40577369928359985,0.15092162787914276,0.43399590253829956
test,C2,0,2026_08_17_02_29_03_938361_L1_left_C2,left,pick up the left block,2,pregrasp,32,48,16,0.3076923076923077,0.2711864406779661,8,8,0.3,0.7,8,0.228133887052536,0.3314749002456665,0.228133887052536,0.3314749002456665,0.1033410131931305,0.40577369928359985,0.15092162787914276,0.43399590253829956
test,C2,0,2026_08_17_02_29_03_938361_L1_left_C2,left,pick up the left block,2,pregrasp,32,48,16,0.3076923076923077,0.2711864406779661,9,8,0.3,0.7,8,0.29938438534736633,0.38087165355682373,0.29938438534736633,0.38087165355682373,0.0814872682094574,0.40577369928359985,0.15092162787914276,0.43399590253829956
test,C2,0,2026_08_17_02_29_03_938361_L1_left_C2,left,pick up the left block,3,pregrasp,48,64,16,0.41025641025641024,0.3615819209039548,0,8,0.3,0.7,8,0.23666951060295105,0.24111822247505188,0.23666951060295105,0.24111822247505188,0.00444871187210083,0.44284212589263916,0.195410817861557,0.3959493041038513
test,C2,0,2026_08_17_02_29_03_938361_L1_left_C2,left,pick up the left block,3,pregrasp,48,64,16,0.41025641025641024,0.3615819209039548,1,8,0.3,0.7,8,0.3649011254310608,0.3776865005493164,0.3649011254310608,0.3776865005493164,0.012785375118255615,0.44284212589263916,0.195410817861557,0.3959493041038513
test,C2,0,2026_08_17_02_29_03_938361_L1_left_C2,left,pick up the left block,3,pregrasp,48,64,16,0.41025641025641024,0.3615819209039548,2,8,0.3,0.7,8,0.3705688416957855,0.38531026244163513,0.3705688416957855,0.38531026244163513,0.01474142074584961,0.44284212589263916,0.195410817861557,0.3959493041038513
test,C2,0,2026_08_17_02_29_03_938361_L1_left_C2,left,pick up the left block,3,pregrasp,48,64,16,0.41025641025641024,0.3615819209039548,3,8,0.3,0.7,8,0.3466944098472595,0.35371947288513184,0.3466944098472595,0.35371947288513184,0.0070250630378723145,0.44284212589263916,0.195410817861557,0.3959493041038513
test,C2,0,2026_08_17_02_29_03_938361_L1_left_C2,left,pick up the left block,3,pregrasp,48,64,16,0.41025641025641024,0.3615819209039548,4,8,0.3,0.7,8,0.27808547019958496,0.2838839888572693,0.27808547019958496,0.2838839888572693,0.005798518657684326,0.44284212589263916,0.195410817861557,0.3959493041038513
test,C2,0,2026_08_17_02_29_03_938361_L1_left_C2,left,pick up the left block,3,pregrasp,48,64,16,0.41025641025641024,0.3615819209039548,5,8,0.3,0.7,8,0.35017865896224976,0.361130028963089,0.35017865896224976,0.361130028963089,0.010951370000839233,0.44284212589263916,0.195410817861557,0.3959493041038513
test,C2,0,2026_08_17_02_29_03_938361_L1_left_C2,left,pick up the left block,3,pregrasp,48,64,16,0.41025641025641024,0.3615819209039548,6,8,0.3,0.7,8,0.4630284011363983,0.4707399606704712,0.4630284011363983,0.4707399606704712,0.007711559534072876,0.44284212589263916,0.195410817861557,0.3959493041038513
test,C2,0,2026_08_17_02_29_03_938361_L1_left_C2,left,pick up the left block,3,pregrasp,48,64,16,0.41025641025641024,0.3615819209039548,7,8,0.3,0.7,8,0.46718329191207886,0.4845498204231262,0.46718329191207886,0.4845498204231262,0.017366528511047363,0.44284212589263916,0.195410817861557,0.3959493041038513
test,C2,0,2026_08_17_02_29_03_938361_L1_left_C2,left,pick up the left block,3,pregrasp,48,64,16,0.41025641025641024,0.3615819209039548,8,8,0.3,0.7,8,0.38873130083084106,0.40657490491867065,0.38873130083084106,0.40657490491867065,0.01784360408782959,0.44284212589263916,0.195410817861557,0.3959493041038513
test,C2,0,2026_08_17_02_29_03_938361_L1_left_C2,left,pick up the left block,3,pregrasp,48,64,16,0.41025641025641024,0.3615819209039548,9,8,0.3,0.7,8,0.4058452844619751,0.41678351163864136,0.4058452844619751,0.41678351163864136,0.01093822717666626,0.44284212589263916,0.195410817861557,0.3959493041038513
test,C2,0,2026_08_17_02_29_03_938361_L1_left_C2,left,pick up the left block,4,pregrasp,64,80,16,0.5128205128205128,0.4519774011299435,0,8,0.3,0.7,8,0.44107571244239807,0.4194227159023285,0.44107571244239807,0.4194227159023285,-0.02165299654006958,0.48844000697135925,0.20644791424274445,0.346373587846756
test,C2,0,2026_08_17_02_29_03_938361_L1_left_C2,left,pick up the left block,4,pregrasp,64,80,16,0.5128205128205128,0.4519774011299435,1,8,0.3,0.7,8,0.31402939558029175,0.2873738706111908,0.31402939558029175,0.2873738706111908,-0.026655524969100952,0.48844000697135925,0.20644791424274445,0.346373587846756
test,C2,0,2026_08_17_02_29_03_938361_L1_left_C2,left,pick up the left block,4,pregrasp,64,80,16,0.5128205128205128,0.4519774011299435,2,8,0.3,0.7,8,0.3488392233848572,0.32311272621154785,0.3488392233848572,0.32311272621154785,-0.025726497173309326,0.48844000697135925,0.20644791424274445,0.346373587846756
test,C2,0,2026_08_17_02_29_03_938361_L1_left_C2,left,pick up the left block,4,pregrasp,64,80,16,0.5128205128205128,0.4519774011299435,3,8,0.3,0.7,8,0.34519532322883606,0.3099313974380493,0.34519532322883606,0.3099313974380493,-0.03526392579078674,0.48844000697135925,0.20644791424274445,0.346373587846756
test,C2,0,2026_08_17_02_29_03_938361_L1_left_C2,left,pick up the left block,4,pregrasp,64,80,16,0.5128205128205128,0.4519774011299435,4,8,0.3,0.7,8,0.45712512731552124,0.4053223729133606,0.45712512731552124,0.4053223729133606,-0.051802754402160645,0.48844000697135925,0.20644791424274445,0.346373587846756
test,C2,0,2026_08_17_02_29_03_938361_L1_left_C2,left,pick up the left block,4,pregrasp,64,80,16,0.5128205128205128,0.4519774011299435,5,8,0.3,0.7,8,0.2734648585319519,0.22159188985824585,0.2734648585319519,0.22159188985824585,-0.051872968673706055,0.48844000697135925,0.20644791424274445,0.346373587846756
test,C2,0,2026_08_17_02_29_03_938361_L1_left_C2,left,pick up the left block,4,pregrasp,64,80,16,0.5128205128205128,0.4519774011299435,6,8,0.3,0.7,8,0.26000863313674927,0.2266828864812851,0.26000863313674927,0.2266828864812851,-0.03332574665546417,0.48844000697135925,0.20644791424274445,0.346373587846756
test,C2,0,2026_08_17_02_29_03_938361_L1_left_C2,left,pick up the left block,4,pregrasp,64,80,16,0.5128205128205128,0.4519774011299435,7,8,0.3,0.7,8,0.30517610907554626,0.2875383496284485,0.30517610907554626,0.2875383496284485,-0.01763775944709778,0.48844000697135925,0.20644791424274445,0.346373587846756
test,C2,0,2026_08_17_02_29_03_938361_L1_left_C2,left,pick up the left block,4,pregrasp,64,80,16,0.5128205128205128,0.4519774011299435,8,8,0.3,0.7,8,0.26778358221054077,0.23287919163703918,0.26778358221054077,0.23287919163703918,-0.03490439057350159,0.48844000697135925,0.20644791424274445,0.346373587846756
test,C2,0,2026_08_17_02_29_03_938361_L1_left_C2,left,pick up the left block,4,pregrasp,64,80,16,0.5128205128205128,0.4519774011299435,9,8,0.3,0.7,8,0.3672439455986023,0.3346269428730011,0.3672439455986023,0.3346269428730011,-0.032617002725601196,0.48844000697135925,0.20644791424274445,0.346373587846756
test,C2,0,2026_08_17_02_29_03_938361_L1_left_C2,left,pick up the left block,5,pregrasp,80,96,16,0.6153846153846154,0.5423728813559322,0,8,0.3,0.7,8,0.38684725761413574,0.36472055315971375,0.38684725761413574,0.36472055315971375,-0.022126704454421997,0.5326240062713623,0.1815766990184784,0.3006437122821808
test,C2,0,2026_08_17_02_29_03_938361_L1_left_C2,left,pick up the left block,5,pregrasp,80,96,16,0.6153846153846154,0.5423728813559322,1,8,0.3,0.7,8,0.35101279616355896,0.3317760229110718,0.35101279616355896,0.3317760229110718,-0.019236773252487183,0.5326240062713623,0.1815766990184784,0.3006437122821808
test,C2,0,2026_08_17_02_29_03_938361_L1_left_C2,left,pick up the left block,5,pregrasp,80,96,16,0.6153846153846154,0.5423728813559322,2,8,0.3,0.7,8,0.27735838294029236,0.2587898373603821,0.27735838294029236,0.2587898373603821,-0.01856854557991028,0.5326240062713623,0.1815766990184784,0.3006437122821808
test,C2,0,2026_08_17_02_29_03_938361_L1_left_C2,left,pick up the left block,5,pregrasp,80,96,16,0.6153846153846154,0.5423728813559322,3,8,0.3,0.7,8,0.2464451789855957,0.2218676060438156,0.2464451789855957,0.2218676060438156,-0.02457757294178009,0.5326240062713623,0.1815766990184784,0.3006437122821808
test,C2,0,2026_08_17_02_29_03_938361_L1_left_C2,left,pick up the left block,5,pregrasp,80,96,16,0.6153846153846154,0.5423728813559322,4,8,0.3,0.7,8,0.33691033720970154,0.3140551745891571,0.33691033720970154,0.3140551745891571,-0.022855162620544434,0.5326240062713623,0.1815766990184784,0.3006437122821808
test,C2,0,2026_08_17_02_29_03_938361_L1_left_C2,left,pick up the left block,5,pregrasp,80,96,16,0.6153846153846154,0.5423728813559322,5,8,0.3,0.7,8,0.38601574301719666,0.36069178581237793,0.38601574301719666,0.36069178581237793,-0.025323957204818726,0.5326240062713623,0.1815766990184784,0.3006437122821808
test,C2,0,2026_08_17_02_29_03_938361_L1_left_C2,left,pick up the left block,5,pregrasp,80,96,16,0.6153846153846154,0.5423728813559322,6,8,0.3,0.7,8,0.2257332056760788,0.2065487653017044,0.2257332056760788,0.2065487653017044,-0.01918444037437439,0.5326240062713623,0.1815766990184784,0.3006437122821808
test,C2,0,2026_08_17_02_29_03_938361_L1_left_C2,left,pick up the left block,5,pregrasp,80,96,16,0.6153846153846154,0.5423728813559322,7,8,0.3,0.7,8,0.21087364852428436,0.19508135318756104,0.21087364852428436,0.19508135318756104,-0.015792295336723328,0.5326240062713623,0.1815766990184784,0.3006437122821808
test,C2,0,2026_08_17_02_29_03_938361_L1_left_C2,left,pick up the left block,5,pregrasp,80,96,16,0.6153846153846154,0.5423728813559322,8,8,0.3,0.7,8,0.328159362077713,0.30128711462020874,0.328159362077713,0.30128711462020874,-0.026872247457504272,0.5326240062713623,0.1815766990184784,0.3006437122821808
test,C2,0,2026_08_17_02_29_03_938361_L1_left_C2,left,pick up the left block,5,pregrasp,80,96,16,0.6153846153846154,0.5423728813559322,9,8,0.3,0.7,8,0.25525689125061035,0.24268512427806854,0.25525689125061035,0.24268512427806854,-0.012571766972541809,0.5326240062713623,0.1815766990184784,0.3006437122821808
test,C2,0,2026_08_17_02_29_03_938361_L1_left_C2,left,pick up the left block,6,pregrasp,96,112,16,0.717948717948718,0.632768361581921,0,8,0.3,0.7,8,0.207841694355011,0.2008727341890335,0.207841694355011,0.2008727341890335,-0.006968960165977478,0.5720630288124084,0.1395261585712433,0.26074960827827454
test,C2,0,2026_08_17_02_29_03_938361_L1_left_C2,left,pick up the left block,6,pregrasp,96,112,16,0.717948717948718,0.632768361581921,1,8,0.3,0.7,8,0.20227515697479248,0.19541361927986145,0.20227515697479248,0.19541361927986145,-0.00686153769493103,0.5720630288124084,0.1395261585712433,0.26074960827827454
test,C2,0,2026_08_17_02_29_03_938361_L1_left_C2,left,pick up the left block,6,pregrasp,96,112,16,0.717948717948718,0.632768361581921,2,8,0.3,0.7,8,0.22180774807929993,0.215034618973732,0.22180774807929993,0.215034618973732,-0.006773129105567932,0.5720630288124084,0.1395261585712433,0.26074960827827454
test,C2,0,2026_08_17_02_29_03_938361_L1_left_C2,left,pick up the left block,6,pregrasp,96,112,16,0.717948717948718,0.632768361581921,3,8,0.3,0.7,8,0.31146764755249023,0.30227193236351013,0.31146764755249023,0.30227193236351013,-0.009195715188980103,0.5720630288124084,0.1395261585712433,0.26074960827827454
test,C2,0,2026_08_17_02_29_03_938361_L1_left_C2,left,pick up the left block,6,pregrasp,96,112,16,0.717948717948718,0.632768361581921,4,8,0.3,0.7,8,0.2883830964565277,0.27807366847991943,0.2883830964565277,0.27807366847991943,-0.010309427976608276,0.5720630288124084,0.1395261585712433,0.26074960827827454
test,C2,0,2026_08_17_02_29_03_938361_L1_left_C2,left,pick up the left block,6,pregrasp,96,112,16,0.717948717948718,0.632768361581921,5,8,0.3,0.7,8,0.19303663074970245,0.18673723936080933,0.19303663074970245,0.18673723936080933,-0.0062993913888931274,0.5720630288124084,0.1395261585712433,0.26074960827827454
test,C2,0,2026_08_17_02_29_03_938361_L1_left_C2,left,pick up the left block,6,pregrasp,96,112,16,0.717948717948718,0.632768361581921,6,8,0.3,0.7,8,0.2358989119529724,0.2275598645210266,0.2358989119529724,0.2275598645210266,-0.0083390474319458,0.5720630288124084,0.1395261585712433,0.26074960827827454
test,C2,0,2026_08_17_02_29_03_938361_L1_left_C2,left,pick up the left block,6,pregrasp,96,112,16,0.717948717948718,0.632768361581921,7,8,0.3,0.7,8,0.342305988073349,0.32667890191078186,0.342305988073349,0.32667890191078186,-0.01562708616256714,0.5720630288124084,0.1395261585712433,0.26074960827827454
test,C2,0,2026_08_17_02_29_03_938361_L1_left_C2,left,pick up the left block,6,pregrasp,96,112,16,0.717948717948718,0.632768361581921,8,8,0.3,0.7,8,0.20008069276809692,0.19368375837802887,0.20008069276809692,0.19368375837802887,-0.006396934390068054,0.5720630288124084,0.1395261585712433,0.26074960827827454
test,C2,0,2026_08_17_02_29_03_938361_L1_left_C2,left,pick up the left block,6,pregrasp,96,112,16,0.717948717948718,0.632768361581921,9,8,0.3,0.7,8,0.2032441794872284,0.19466224312782288,0.2032441794872284,0.19466224312782288,-0.008581936359405518,0.5720630288124084,0.1395261585712433,0.26074960827827454
test,C2,0,2026_08_17_02_29_03_938361_L1_left_C2,left,pick up the left block,7,pregrasp,112,128,16,0.8205128205128205,0.7231638418079096,0,8,0.3,0.7,8,0.33250734210014343,0.33382925391197205,0.33250734210014343,0.33382925391197205,0.0013219118118286133,0.6080551147460938,0.09202572703361511,0.2241027057170868
test,C2,0,2026_08_17_02_29_03_938361_L1_left_C2,left,pick up the left block,7,pregrasp,112,128,16,0.8205128205128205,0.7231638418079096,1,8,0.3,0.7,8,0.22612285614013672,0.22937722504138947,0.22612285614013672,0.22937722504138947,0.0032543689012527466,0.6080551147460938,0.09202572703361511,0.2241027057170868
test,C2,0,2026_08_17_02_29_03_938361_L1_left_C2,left,pick up the left block,7,pregrasp,112,128,16,0.8205128205128205,0.7231638418079096,2,8,0.3,0.7,8,0.3294898271560669,0.32749655842781067,0.3294898271560669,0.32749655842781067,-0.0019932687282562256,0.6080551147460938,0.09202572703361511,0.2241027057170868
test,C2,0,2026_08_17_02_29_03_938361_L1_left_C2,left,pick up the left block,7,pregrasp,112,128,16,0.8205128205128205,0.7231638418079096,3,8,0.3,0.7,8,0.34225815534591675,0.3418642282485962,0.34225815534591675,0.3418642282485962,-0.00039392709732055664,0.6080551147460938,0.09202572703361511,0.2241027057170868
test,C2,0,2026_08_17_02_29_03_938361_L1_left_C2,left,pick up the left block,7,pregrasp,112,128,16,0.8205128205128205,0.7231638418079096,4,8,0.3,0.7,8,0.3040386438369751,0.3043941855430603,0.3040386438369751,0.3043941855430603,0.0003555417060852051,0.6080551147460938,0.09202572703361511,0.2241027057170868
test,C2,0,2026_08_17_02_29_03_938361_L1_left_C2,left,pick up the left block,7,pregrasp,112,128,16,0.8205128205128205,0.7231638418079096,5,8,0.3,0.7,8,0.37391090393066406,0.37445810437202454,0.37391090393066406,0.37445810437202454,0.0005472004413604736,0.6080551147460938,0.09202572703361511,0.2241027057170868
test,C2,0,2026_08_17_02_29_03_938361_L1_left_C2,left,pick up the left block,7,pregrasp,112,128,16,0.8205128205128205,0.7231638418079096,6,8,0.3,0.7,8,0.303041934967041,0.3029254972934723,0.303041934967041,0.3029254972934723,-0.00011643767356872559,0.6080551147460938,0.09202572703361511,0.2241027057170868
test,C2,0,2026_08_17_02_29_03_938361_L1_left_C2,left,pick up the left block,7,pregrasp,112,128,16,0.8205128205128205,0.7231638418079096,7,8,0.3,0.7,8,0.27067074179649353,0.26964887976646423,0.27067074179649353,0.26964887976646423,-0.0010218620300292969,0.6080551147460938,0.09202572703361511,0.2241027057170868
test,C2,0,2026_08_17_02_29_03_938361_L1_left_C2,left,pick up the left block,7,pregrasp,112,128,16,0.8205128205128205,0.7231638418079096,8,8,0.3,0.7,8,0.2933293581008911,0.2905946969985962,0.2933293581008911,0.2905946969985962,-0.002734661102294922,0.6080551147460938,0.09202572703361511,0.2241027057170868
test,C2,0,2026_08_17_02_29_03_938361_L1_left_C2,left,pick up the left block,7,pregrasp,112,128,16,0.8205128205128205,0.7231638418079096,9,8,0.3,0.7,8,0.23630128800868988,0.23805394768714905,0.23630128800868988,0.23805394768714905,0.0017526596784591675,0.6080551147460938,0.09202572703361511,0.2241027057170868
test,C2,0,2026_08_17_02_29_03_938361_L1_left_C2,left,pick up the left block,8,pregrasp,128,144,16,0.9230769230769231,0.8135593220338984,0,8,0.3,0.7,8,0.31478631496429443,0.32192206382751465,0.31478631496429443,0.32192206382751465,0.007135748863220215,0.6397457718849182,0.04855792224407196,0.1963140070438385
test,C2,0,2026_08_17_02_29_03_938361_L1_left_C2,left,pick up the left block,8,pregrasp,128,144,16,0.9230769230769231,0.8135593220338984,1,8,0.3,0.7,8,0.28197044134140015,0.2886691093444824,0.28197044134140015,0.2886691093444824,0.006698668003082275,0.6397457718849182,0.04855792224407196,0.1963140070438385
test,C2,0,2026_08_17_02_29_03_938361_L1_left_C2,left,pick up the left block,8,pregrasp,128,144,16,0.9230769230769231,0.8135593220338984,2,8,0.3,0.7,8,0.3353434205055237,0.3416927456855774,0.3353434205055237,0.3416927456855774,0.006349325180053711,0.6397457718849182,0.04855792224407196,0.1963140070438385
test,C2,0,2026_08_17_02_29_03_938361_L1_left_C2,left,pick up the left block,8,pregrasp,128,144,16,0.9230769230769231,0.8135593220338984,3,8,0.3,0.7,8,0.2899288237094879,0.2972259521484375,0.2899288237094879,0.2972259521484375,0.007297128438949585,0.6397457718849182,0.04855792224407196,0.1963140070438385
test,C2,0,2026_08_17_02_29_03_938361_L1_left_C2,left,pick up the left block,8,pregrasp,128,144,16,0.9230769230769231,0.8135593220338984,4,8,0.3,0.7,8,0.3725859224796295,0.37622135877609253,0.3725859224796295,0.37622135877609253,0.0036354362964630127,0.6397457718849182,0.04855792224407196,0.1963140070438385
test,C2,0,2026_08_17_02_29_03_938361_L1_left_C2,left,pick up the left block,8,pregrasp,128,144,16,0.9230769230769231,0.8135593220338984,5,8,0.3,0.7,8,0.3861738443374634,0.38966503739356995,0.3861738443374634,0.38966503739356995,0.0034911930561065674,0.6397457718849182,0.04855792224407196,0.1963140070438385
test,C2,0,2026_08_17_02_29_03_938361_L1_left_C2,left,pick up the left block,8,pregrasp,128,144,16,0.9230769230769231,0.8135593220338984,6,8,0.3,0.7,8,0.3423273265361786,0.3462032079696655,0.3423273265361786,0.3462032079696655,0.0038758814334869385,0.6397457718849182,0.04855792224407196,0.1963140070438385
test,C2,0,2026_08_17_02_29_03_938361_L1_left_C2,left,pick up the left block,8,pregrasp,128,144,16,0.9230769230769231,0.8135593220338984,7,8,0.3,0.7,8,0.3395502269268036,0.34036460518836975,0.3395502269268036,0.34036460518836975,0.0008143782615661621,0.6397457718849182,0.04855792224407196,0.1963140070438385
test,C2,0,2026_08_17_02_29_03_938361_L1_left_C2,left,pick up the left block,8,pregrasp,128,144,16,0.9230769230769231,0.8135593220338984,8,8,0.3,0.7,8,0.30868709087371826,0.3222328722476959,0.30868709087371826,0.3222328722476959,0.013545781373977661,0.6397457718849182,0.04855792224407196,0.1963140070438385
test,C2,0,2026_08_17_02_29_03_938361_L1_left_C2,left,pick up the left block,8,pregrasp,128,144,16,0.9230769230769231,0.8135593220338984,9,8,0.3,0.7,8,0.29759150743484497,0.2998787760734558,0.29759150743484497,0.2998787760734558,0.00228726863861084,0.6397457718849182,0.04855792224407196,0.1963140070438385
test,C2,0,2026_08_17_02_29_03_938361_L1_left_C2,left,pick up the left block,9,pregrasp,144,156,12,1.0,0.8813559322033898,0,8,0.3,0.7,8,0.3381538987159729,0.3389913737773895,0.3381538987159729,0.3389913737773895,0.000837475061416626,0.6424461007118225,0.04693702980875969,0.19340075552463531
test,C2,0,2026_08_17_02_29_03_938361_L1_left_C2,left,pick up the left block,9,pregrasp,144,156,12,1.0,0.8813559322033898,1,8,0.3,0.7,8,0.29377973079681396,0.2950686812400818,0.29377973079681396,0.2950686812400818,0.0012889504432678223,0.6424461007118225,0.04693702980875969,0.19340075552463531
test,C2,0,2026_08_17_02_29_03_938361_L1_left_C2,left,pick up the left block,9,pregrasp,144,156,12,1.0,0.8813559322033898,2,8,0.3,0.7,8,0.2039766162633896,0.20526233315467834,0.2039766162633896,0.20526233315467834,0.0012857168912887573,0.6424461007118225,0.04693702980875969,0.19340075552463531
test,C2,0,2026_08_17_02_29_03_938361_L1_left_C2,left,pick up the left block,9,pregrasp,144,156,12,1.0,0.8813559322033898,3,8,0.3,0.7,8,0.2999197840690613,0.3007233142852783,0.2999197840690613,0.3007233142852783,0.000803530216217041,0.6424461007118225,0.04693702980875969,0.19340075552463531
test,C2,0,2026_08_17_02_29_03_938361_L1_left_C2,left,pick up the left block,9,pregrasp,144,156,12,1.0,0.8813559322033898,4,8,0.3,0.7,8,0.27834078669548035,0.2791270911693573,0.27834078669548035,0.2791270911693573,0.0007863044738769531,0.6424461007118225,0.04693702980875969,0.19340075552463531
test,C2,0,2026_08_17_02_29_03_938361_L1_left_C2,left,pick up the left block,9,pregrasp,144,156,12,1.0,0.8813559322033898,5,8,0.3,0.7,8,0.2455643117427826,0.24558639526367188,0.2455643117427826,0.24558639526367188,2.2083520889282227e-05,0.6424461007118225,0.04693702980875969,0.19340075552463531
test,C2,0,2026_08_17_02_29_03_938361_L1_left_C2,left,pick up the left block,9,pregrasp,144,156,12,1.0,0.8813559322033898,6,8,0.3,0.7,8,0.23622848093509674,0.2379225492477417,0.23622848093509674,0.2379225492477417,0.0016940683126449585,0.6424461007118225,0.04693702980875969,0.19340075552463531
test,C2,0,2026_08_17_02_29_03_938361_L1_left_C2,left,pick up the left block,9,pregrasp,144,156,12,1.0,0.8813559322033898,7,8,0.3,0.7,8,0.34117934107780457,0.342299222946167,0.34117934107780457,0.342299222946167,0.0011198818683624268,0.6424461007118225,0.04693702980875969,0.19340075552463531
test,C2,0,2026_08_17_02_29_03_938361_L1_left_C2,left,pick up the left block,9,pregrasp,144,156,12,1.0,0.8813559322033898,8,8,0.3,0.7,8,0.22650177776813507,0.22802644968032837,0.22650177776813507,0.22802644968032837,0.0015246719121932983,0.6424461007118225,0.04693702980875969,0.19340075552463531
test,C2,0,2026_08_17_02_29_03_938361_L1_left_C2,left,pick up the left block,9,pregrasp,144,156,12,1.0,0.8813559322033898,9,8,0.3,0.7,8,0.29161903262138367,0.29277974367141724,0.29161903262138367,0.29277974367141724,0.0011607110500335693,0.6424461007118225,0.04693702980875969,0.19340075552463531
test,C2,0,2026_08_17_02_29_03_938361_L1_left_C2,left,pick up the left block,10,postgrasp,156,172,16,1.0,0.9717514124293786,0,8,0.3,0.7,8,0.2709265649318695,0.2727297842502594,0.2709265649318695,0.2727297842502594,0.0018032193183898926,0.6424458026885986,0.04692354053258896,0.19333364069461823
test,C2,0,2026_08_17_02_29_03_938361_L1_left_C2,left,pick up the left block,10,postgrasp,156,172,16,1.0,0.9717514124293786,1,8,0.3,0.7,8,0.2657759189605713,0.268210232257843,0.2657759189605713,0.268210232257843,0.0024343132972717285,0.6424458026885986,0.04692354053258896,0.19333364069461823
test,C2,0,2026_08_17_02_29_03_938361_L1_left_C2,left,pick up the left block,10,postgrasp,156,172,16,1.0,0.9717514124293786,2,8,0.3,0.7,8,0.19620177149772644,0.1988394558429718,0.19620177149772644,0.1988394558429718,0.0026376843452453613,0.6424458026885986,0.04692354053258896,0.19333364069461823
test,C2,0,2026_08_17_02_29_03_938361_L1_left_C2,left,pick up the left block,10,postgrasp,156,172,16,1.0,0.9717514124293786,3,8,0.3,0.7,8,0.23885561525821686,0.2416231632232666,0.23885561525821686,0.2416231632232666,0.0027675479650497437,0.6424458026885986,0.04692354053258896,0.19333364069461823
test,C2,0,2026_08_17_02_29_03_938361_L1_left_C2,left,pick up the left block,10,postgrasp,156,172,16,1.0,0.9717514124293786,4,8,0.3,0.7,8,0.19930458068847656,0.20222805440425873,0.19930458068847656,0.20222805440425873,0.0029234737157821655,0.6424458026885986,0.04692354053258896,0.19333364069461823
test,C2,0,2026_08_17_02_29_03_938361_L1_left_C2,left,pick up the left block,10,postgrasp,156,172,16,1.0,0.9717514124293786,5,8,0.3,0.7,8,0.23714683949947357,0.2401496022939682,0.23714683949947357,0.2401496022939682,0.003002762794494629,0.6424458026885986,0.04692354053258896,0.19333364069461823
test,C2,0,2026_08_17_02_29_03_938361_L1_left_C2,left,pick up the left block,10,postgrasp,156,172,16,1.0,0.9717514124293786,6,8,0.3,0.7,8,0.23780591785907745,0.2418164610862732,0.23780591785907745,0.2418164610862732,0.00401054322719574,0.6424458026885986,0.04692354053258896,0.19333364069461823
test,C2,0,2026_08_17_02_29_03_938361_L1_left_C2,left,pick up the left block,10,postgrasp,156,172,16,1.0,0.9717514124293786,7,8,0.3,0.7,8,0.34712594747543335,0.3488910496234894,0.34712594747543335,0.3488910496234894,0.0017651021480560303,0.6424458026885986,0.04692354053258896,0.19333364069461823
test,C2,0,2026_08_17_02_29_03_938361_L1_left_C2,left,pick up the left block,10,postgrasp,156,172,16,1.0,0.9717514124293786,8,8,0.3,0.7,8,0.34661346673965454,0.3480248749256134,0.34661346673965454,0.3480248749256134,0.0014114081859588623,0.6424458026885986,0.04692354053258896,0.19333364069461823
test,C2,0,2026_08_17_02_29_03_938361_L1_left_C2,left,pick up the left block,10,postgrasp,156,172,16,1.0,0.9717514124293786,9,8,0.3,0.7,8,0.37626591324806213,0.3805667459964752,0.37626591324806213,0.3805667459964752,0.004300832748413086,0.6424458026885986,0.04692354053258896,0.19333364069461823
test,C2,0,2026_08_17_02_29_03_938361_L1_left_C2,left,pick up the left block,11,postgrasp,172,177,5,1.0,1.0,0,8,0.3,0.7,8,0.3024747967720032,0.30285802483558655,0.3024747967720032,0.30285802483558655,0.000383228063583374,0.6424453258514404,0.04691636934876442,0.1933172196149826
test,C2,0,2026_08_17_02_29_03_938361_L1_left_C2,left,pick up the left block,11,postgrasp,172,177,5,1.0,1.0,1,8,0.3,0.7,8,0.25596269965171814,0.2595968544483185,0.25596269965171814,0.2595968544483185,0.003634154796600342,0.6424453258514404,0.04691636934876442,0.1933172196149826
test,C2,0,2026_08_17_02_29_03_938361_L1_left_C2,left,pick up the left block,11,postgrasp,172,177,5,1.0,1.0,2,8,0.3,0.7,8,0.3003244698047638,0.3033086359500885,0.3003244698047638,0.3033086359500885,0.002984166145324707,0.6424453258514404,0.04691636934876442,0.1933172196149826
test,C2,0,2026_08_17_02_29_03_938361_L1_left_C2,left,pick up the left block,11,postgrasp,172,177,5,1.0,1.0,3,8,0.3,0.7,8,0.30255210399627686,0.3035293221473694,0.30255210399627686,0.3035293221473694,0.0009772181510925293,0.6424453258514404,0.04691636934876442,0.1933172196149826
test,C2,0,2026_08_17_02_29_03_938361_L1_left_C2,left,pick up the left block,11,postgrasp,172,177,5,1.0,1.0,4,8,0.3,0.7,8,0.37056970596313477,0.37281113862991333,0.37056970596313477,0.37281113862991333,0.0022414326667785645,0.6424453258514404,0.04691636934876442,0.1933172196149826
test,C2,0,2026_08_17_02_29_03_938361_L1_left_C2,left,pick up the left block,11,postgrasp,172,177,5,1.0,1.0,5,8,0.3,0.7,8,0.3036557137966156,0.305835485458374,0.3036557137966156,0.305835485458374,0.002179771661758423,0.6424453258514404,0.04691636934876442,0.1933172196149826
test,C2,0,2026_08_17_02_29_03_938361_L1_left_C2,left,pick up the left block,11,postgrasp,172,177,5,1.0,1.0,6,8,0.3,0.7,8,0.3259204924106598,0.3264586627483368,0.3259204924106598,0.3264586627483368,0.000538170337677002,0.6424453258514404,0.04691636934876442,0.1933172196149826
test,C2,0,2026_08_17_02_29_03_938361_L1_left_C2,left,pick up the left block,11,postgrasp,172,177,5,1.0,1.0,7,8,0.3,0.7,8,0.33847957849502563,0.33979639410972595,0.33847957849502563,0.33979639410972595,0.0013168156147003174,0.6424453258514404,0.04691636934876442,0.1933172196149826
test,C2,0,2026_08_17_02_29_03_938361_L1_left_C2,left,pick up the left block,11,postgrasp,172,177,5,1.0,1.0,8,8,0.3,0.7,8,0.3319145739078522,0.33363449573516846,0.3319145739078522,0.33363449573516846,0.0017199218273162842,0.6424453258514404,0.04691636934876442,0.1933172196149826
test,C2,0,2026_08_17_02_29_03_938361_L1_left_C2,left,pick up the left block,11,postgrasp,172,177,5,1.0,1.0,9,8,0.3,0.7,8,0.24471424520015717,0.2476293444633484,0.24471424520015717,0.2476293444633484,0.002915099263191223,0.6424453258514404,0.04691636934876442,0.1933172196149826
test,C2,0,2026_08_17_02_30_47_786891_L1_right_C2,right,pick up the right block,0,pregrasp,0,16,16,0.10256410256410256,0.0903954802259887,0,8,0.3,0.7,8,0.3642362356185913,0.3144036829471588,0.3144036829471588,0.3642362356185913,0.049832552671432495,0.36788490414619446,-0.028669921681284904,0.4839247763156891
test,C2,0,2026_08_17_02_30_47_786891_L1_right_C2,right,pick up the right block,0,pregrasp,0,16,16,0.10256410256410256,0.0903954802259887,1,8,0.3,0.7,8,0.3564296066761017,0.3229719400405884,0.3229719400405884,0.3564296066761017,0.033457666635513306,0.36788490414619446,-0.028669921681284904,0.4839247763156891
test,C2,0,2026_08_17_02_30_47_786891_L1_right_C2,right,pick up the right block,0,pregrasp,0,16,16,0.10256410256410256,0.0903954802259887,2,8,0.3,0.7,8,0.387509822845459,0.31705236434936523,0.31705236434936523,0.387509822845459,0.07045745849609375,0.36788490414619446,-0.028669921681284904,0.4839247763156891
test,C2,0,2026_08_17_02_30_47_786891_L1_right_C2,right,pick up the right block,0,pregrasp,0,16,16,0.10256410256410256,0.0903954802259887,3,8,0.3,0.7,8,0.45357418060302734,0.43026262521743774,0.43026262521743774,0.45357418060302734,0.0233115553855896,0.36788490414619446,-0.028669921681284904,0.4839247763156891
test,C2,0,2026_08_17_02_30_47_786891_L1_right_C2,right,pick up the right block,0,pregrasp,0,16,16,0.10256410256410256,0.0903954802259887,4,8,0.3,0.7,8,0.4455890357494354,0.31790465116500854,0.31790465116500854,0.4455890357494354,0.12768438458442688,0.36788490414619446,-0.028669921681284904,0.4839247763156891
test,C2,0,2026_08_17_02_30_47_786891_L1_right_C2,right,pick up the right block,0,pregrasp,0,16,16,0.10256410256410256,0.0903954802259887,5,8,0.3,0.7,8,0.4349353313446045,0.408549964427948,0.408549964427948,0.4349353313446045,0.026385366916656494,0.36788490414619446,-0.028669921681284904,0.4839247763156891
test,C2,0,2026_08_17_02_30_47_786891_L1_right_C2,right,pick up the right block,0,pregrasp,0,16,16,0.10256410256410256,0.0903954802259887,6,8,0.3,0.7,8,0.3724216818809509,0.30110660195350647,0.30110660195350647,0.3724216818809509,0.07131507992744446,0.36788490414619446,-0.028669921681284904,0.4839247763156891
test,C2,0,2026_08_17_02_30_47_786891_L1_right_C2,right,pick up the right block,0,pregrasp,0,16,16,0.10256410256410256,0.0903954802259887,7,8,0.3,0.7,8,0.3655359447002411,0.26153862476348877,0.26153862476348877,0.3655359447002411,0.10399731993675232,0.36788490414619446,-0.028669921681284904,0.4839247763156891
test,C2,0,2026_08_17_02_30_47_786891_L1_right_C2,right,pick up the right block,0,pregrasp,0,16,16,0.10256410256410256,0.0903954802259887,8,8,0.3,0.7,8,0.38309067487716675,0.3267844617366791,0.3267844617366791,0.38309067487716675,0.05630621314048767,0.36788490414619446,-0.028669921681284904,0.4839247763156891
test,C2,0,2026_08_17_02_30_47_786891_L1_right_C2,right,pick up the right block,0,pregrasp,0,16,16,0.10256410256410256,0.0903954802259887,9,8,0.3,0.7,8,0.3764055073261261,0.3263504207134247,0.3263504207134247,0.3764055073261261,0.050055086612701416,0.36788490414619446,-0.028669921681284904,0.4839247763156891
test,C2,0,2026_08_17_02_30_47_786891_L1_right_C2,right,pick up the right block,1,pregrasp,16,32,16,0.20512820512820512,0.1807909604519774,0,8,0.3,0.7,8,0.1937897950410843,0.1667419672012329,0.1667419672012329,0.1937897950410843,0.02704782783985138,0.38082385063171387,-0.0922839567065239,0.4601283669471741
test,C2,0,2026_08_17_02_30_47_786891_L1_right_C2,right,pick up the right block,1,pregrasp,16,32,16,0.20512820512820512,0.1807909604519774,1,8,0.3,0.7,8,0.26813292503356934,0.27438655495643616,0.27438655495643616,0.26813292503356934,-0.006253629922866821,0.38082385063171387,-0.0922839567065239,0.4601283669471741
test,C2,0,2026_08_17_02_30_47_786891_L1_right_C2,right,pick up the right block,1,pregrasp,16,32,16,0.20512820512820512,0.1807909604519774,2,8,0.3,0.7,8,0.19989854097366333,0.1513688713312149,0.1513688713312149,0.19989854097366333,0.048529669642448425,0.38082385063171387,-0.0922839567065239,0.4601283669471741
test,C2,0,2026_08_17_02_30_47_786891_L1_right_C2,right,pick up the right block,1,pregrasp,16,32,16,0.20512820512820512,0.1807909604519774,3,8,0.3,0.7,8,0.2442878931760788,0.24030007421970367,0.24030007421970367,0.2442878931760788,0.003987818956375122,0.38082385063171387,-0.0922839567065239,0.4601283669471741
test,C2,0,2026_08_17_02_30_47_786891_L1_right_C2,right,pick up the right block,1,pregrasp,16,32,16,0.20512820512820512,0.1807909604519774,4,8,0.3,0.7,8,0.24769237637519836,0.25398147106170654,0.25398147106170654,0.24769237637519836,-0.006289094686508179,0.38082385063171387,-0.0922839567065239,0.4601283669471741
test,C2,0,2026_08_17_02_30_47_786891_L1_right_C2,right,pick up the right block,1,pregrasp,16,32,16,0.20512820512820512,0.1807909604519774,5,8,0.3,0.7,8,0.36031630635261536,0.4162279963493347,0.4162279963493347,0.36031630635261536,-0.05591168999671936,0.38082385063171387,-0.0922839567065239,0.4601283669471741
test,C2,0,2026_08_17_02_30_47_786891_L1_right_C2,right,pick up the right block,1,pregrasp,16,32,16,0.20512820512820512,0.1807909604519774,6,8,0.3,0.7,8,0.19946910440921783,0.1841811090707779,0.1841811090707779,0.19946910440921783,0.015287995338439941,0.38082385063171387,-0.0922839567065239,0.4601283669471741
test,C2,0,2026_08_17_02_30_47_786891_L1_right_C2,right,pick up the right block,1,pregrasp,16,32,16,0.20512820512820512,0.1807909604519774,7,8,0.3,0.7,8,0.14351898431777954,0.09271326661109924,0.09271326661109924,0.14351898431777954,0.0508057177066803,0.38082385063171387,-0.0922839567065239,0.4601283669471741
test,C2,0,2026_08_17_02_30_47_786891_L1_right_C2,right,pick up the right block,1,pregrasp,16,32,16,0.20512820512820512,0.1807909604519774,8,8,0.3,0.7,8,0.24346312880516052,0.2555018663406372,0.2555018663406372,0.24346312880516052,-0.012038737535476685,0.38082385063171387,-0.0922839567065239,0.4601283669471741
test,C2,0,2026_08_17_02_30_47_786891_L1_right_C2,right,pick up the right block,1,pregrasp,16,32,16,0.20512820512820512,0.1807909604519774,9,8,0.3,0.7,8,0.25674158334732056,0.2600112557411194,0.2600112557411194,0.25674158334732056,-0.003269672393798828,0.38082385063171387,-0.0922839567065239,0.4601283669471741
test,C2,0,2026_08_17_02_30_47_786891_L1_right_C2,right,pick up the right block,2,pregrasp,32,48,16,0.3076923076923077,0.2711864406779661,0,8,0.3,0.7,8,0.2708331048488617,0.29166850447654724,0.29166850447654724,0.2708331048488617,-0.020835399627685547,0.40583938360214233,-0.15110811591148376,0.4342956244945526
test,C2,0,2026_08_17_02_30_47_786891_L1_right_C2,right,pick up the right block,2,pregrasp,32,48,16,0.3076923076923077,0.2711864406779661,1,8,0.3,0.7,8,0.2910303771495819,0.29772046208381653,0.29772046208381653,0.2910303771495819,-0.006690084934234619,0.40583938360214233,-0.15110811591148376,0.4342956244945526
test,C2,0,2026_08_17_02_30_47_786891_L1_right_C2,right,pick up the right block,2,pregrasp,32,48,16,0.3076923076923077,0.2711864406779661,2,8,0.3,0.7,8,0.2809275984764099,0.30796682834625244,0.30796682834625244,0.2809275984764099,-0.02703922986984253,0.40583938360214233,-0.15110811591148376,0.4342956244945526
test,C2,0,2026_08_17_02_30_47_786891_L1_right_C2,right,pick up the right block,2,pregrasp,32,48,16,0.3076923076923077,0.2711864406779661,3,8,0.3,0.7,8,0.253675639629364,0.2592136859893799,0.2592136859893799,0.253675639629364,-0.005538046360015869,0.40583938360214233,-0.15110811591148376,0.4342956244945526
test,C2,0,2026_08_17_02_30_47_786891_L1_right_C2,right,pick up the right block,2,pregrasp,32,48,16,0.3076923076923077,0.2711864406779661,4,8,0.3,0.7,8,0.2044655978679657,0.19389696419239044,0.19389696419239044,0.2044655978679657,0.010568633675575256,0.40583938360214233,-0.15110811591148376,0.4342956244945526
test,C2,0,2026_08_17_02_30_47_786891_L1_right_C2,right,pick up the right block,2,pregrasp,32,48,16,0.3076923076923077,0.2711864406779661,5,8,0.3,0.7,8,0.3158644735813141,0.3477310538291931,0.3477310538291931,0.3158644735813141,-0.03186658024787903,0.40583938360214233,-0.15110811591148376,0.4342956244945526
test,C2,0,2026_08_17_02_30_47_786891_L1_right_C2,right,pick up the right block,2,pregrasp,32,48,16,0.3076923076923077,0.2711864406779661,6,8,0.3,0.7,8,0.30719202756881714,0.32116812467575073,0.32116812467575073,0.30719202756881714,-0.013976097106933594,0.40583938360214233,-0.15110811591148376,0.4342956244945526
test,C2,0,2026_08_17_02_30_47_786891_L1_right_C2,right,pick up the right block,2,pregrasp,32,48,16,0.3076923076923077,0.2711864406779661,7,8,0.3,0.7,8,0.17916345596313477,0.1920190453529358,0.1920190453529358,0.17916345596313477,-0.012855589389801025,0.40583938360214233,-0.15110811591148376,0.4342956244945526
test,C2,0,2026_08_17_02_30_47_786891_L1_right_C2,right,pick up the right block,2,pregrasp,32,48,16,0.3076923076923077,0.2711864406779661,8,8,0.3,0.7,8,0.20204633474349976,0.20726509392261505,0.20726509392261505,0.20204633474349976,-0.005218759179115295,0.40583938360214233,-0.15110811591148376,0.4342956244945526
test,C2,0,2026_08_17_02_30_47_786891_L1_right_C2,right,pick up the right block,2,pregrasp,32,48,16,0.3076923076923077,0.2711864406779661,9,8,0.3,0.7,8,0.22154945135116577,0.22919687628746033,0.22919687628746033,0.22154945135116577,-0.007647424936294556,0.40583938360214233,-0.15110811591148376,0.4342956244945526
test,C2,0,2026_08_17_02_30_47_786891_L1_right_C2,right,pick up the right block,3,pregrasp,48,64,16,0.41025641025641024,0.3615819209039548,0,8,0.3,0.7,8,0.17772184312343597,0.19836370646953583,0.19836370646953583,0.17772184312343597,-0.020641863346099854,0.4424998164176941,-0.19598573446273804,0.3961750864982605
test,C2,0,2026_08_17_02_30_47_786891_L1_right_C2,right,pick up the right block,3,pregrasp,48,64,16,0.41025641025641024,0.3615819209039548,1,8,0.3,0.7,8,0.13126696646213531,0.1451973021030426,0.1451973021030426,0.13126696646213531,-0.013930335640907288,0.4424998164176941,-0.19598573446273804,0.3961750864982605
test,C2,0,2026_08_17_02_30_47_786891_L1_right_C2,right,pick up the right block,3,pregrasp,48,64,16,0.41025641025641024,0.3615819209039548,2,8,0.3,0.7,8,0.22365495562553406,0.2595309019088745,0.2595309019088745,0.22365495562553406,-0.035875946283340454,0.4424998164176941,-0.19598573446273804,0.3961750864982605
test,C2,0,2026_08_17_02_30_47_786891_L1_right_C2,right,pick up the right block,3,pregrasp,48,64,16,0.41025641025641024,0.3615819209039548,3,8,0.3,0.7,8,0.19552192091941833,0.2529508173465729,0.2529508173465729,0.19552192091941833,-0.05742889642715454,0.4424998164176941,-0.19598573446273804,0.3961750864982605
test,C2,0,2026_08_17_02_30_47_786891_L1_right_C2,right,pick up the right block,3,pregrasp,48,64,16,0.41025641025641024,0.3615819209039548,4,8,0.3,0.7,8,0.18843315541744232,0.21005111932754517,0.21005111932754517,0.18843315541744232,-0.021617963910102844,0.4424998164176941,-0.19598573446273804,0.3961750864982605
test,C2,0,2026_08_17_02_30_47_786891_L1_right_C2,right,pick up the right block,3,pregrasp,48,64,16,0.41025641025641024,0.3615819209039548,5,8,0.3,0.7,8,0.16518718004226685,0.18786732852458954,0.18786732852458954,0.16518718004226685,-0.022680148482322693,0.4424998164176941,-0.19598573446273804,0.3961750864982605
test,C2,0,2026_08_17_02_30_47_786891_L1_right_C2,right,pick up the right block,3,pregrasp,48,64,16,0.41025641025641024,0.3615819209039548,6,8,0.3,0.7,8,0.1757652461528778,0.2051546573638916,0.2051546573638916,0.1757652461528778,-0.029389411211013794,0.4424998164176941,-0.19598573446273804,0.3961750864982605
test,C2,0,2026_08_17_02_30_47_786891_L1_right_C2,right,pick up the right block,3,pregrasp,48,64,16,0.41025641025641024,0.3615819209039548,7,8,0.3,0.7,8,0.16728486120700836,0.18420833349227905,0.18420833349227905,0.16728486120700836,-0.01692347228527069,0.4424998164176941,-0.19598573446273804,0.3961750864982605
test,C2,0,2026_08_17_02_30_47_786891_L1_right_C2,right,pick up the right block,3,pregrasp,48,64,16,0.41025641025641024,0.3615819209039548,8,8,0.3,0.7,8,0.24294430017471313,0.3034561276435852,0.3034561276435852,0.24294430017471313,-0.06051182746887207,0.4424998164176941,-0.19598573446273804,0.3961750864982605
test,C2,0,2026_08_17_02_30_47_786891_L1_right_C2,right,pick up the right block,3,pregrasp,48,64,16,0.41025641025641024,0.3615819209039548,9,8,0.3,0.7,8,0.19883424043655396,0.2571863532066345,0.2571863532066345,0.19883424043655396,-0.058352112770080566,0.4424998164176941,-0.19598573446273804,0.3961750864982605
test,C2,0,2026_08_17_02_30_47_786891_L1_right_C2,right,pick up the right block,4,pregrasp,64,80,16,0.5128205128205128,0.4519774011299435,0,8,0.3,0.7,8,0.32736098766326904,0.4031006097793579,0.4031006097793579,0.32736098766326904,-0.07573962211608887,0.48828405141830444,-0.20688535273075104,0.3471762239933014
test,C2,0,2026_08_17_02_30_47_786891_L1_right_C2,right,pick up the right block,4,pregrasp,64,80,16,0.5128205128205128,0.4519774011299435,1,8,0.3,0.7,8,0.19184988737106323,0.24141089618206024,0.24141089618206024,0.19184988737106323,-0.04956100881099701,0.48828405141830444,-0.20688535273075104,0.3471762239933014
test,C2,0,2026_08_17_02_30_47_786891_L1_right_C2,right,pick up the right block,4,pregrasp,64,80,16,0.5128205128205128,0.4519774011299435,2,8,0.3,0.7,8,0.4343073070049286,0.5130740404129028,0.5130740404129028,0.4343073070049286,-0.07876673340797424,0.48828405141830444,-0.20688535273075104,0.3471762239933014
test,C2,0,2026_08_17_02_30_47_786891_L1_right_C2,right,pick up the right block,4,pregrasp,64,80,16,0.5128205128205128,0.4519774011299435,3,8,0.3,0.7,8,0.2787916958332062,0.33673498034477234,0.33673498034477234,0.2787916958332062,-0.05794328451156616,0.48828405141830444,-0.20688535273075104,0.3471762239933014
test,C2,0,2026_08_17_02_30_47_786891_L1_right_C2,right,pick up the right block,4,pregrasp,64,80,16,0.5128205128205128,0.4519774011299435,4,8,0.3,0.7,8,0.16428205370903015,0.2063905894756317,0.2063905894756317,0.16428205370903015,-0.04210853576660156,0.48828405141830444,-0.20688535273075104,0.3471762239933014
test,C2,0,2026_08_17_02_30_47_786891_L1_right_C2,right,pick up the right block,4,pregrasp,64,80,16,0.5128205128205128,0.4519774011299435,5,8,0.3,0.7,8,0.18155860900878906,0.2310580313205719,0.2310580313205719,0.18155860900878906,-0.04949942231178284,0.48828405141830444,-0.20688535273075104,0.3471762239933014
test,C2,0,2026_08_17_02_30_47_786891_L1_right_C2,right,pick up the right block,4,pregrasp,64,80,16,0.5128205128205128,0.4519774011299435,6,8,0.3,0.7,8,0.2902403771877289,0.3686350882053375,0.3686350882053375,0.2902403771877289,-0.07839471101760864,0.48828405141830444,-0.20688535273075104,0.3471762239933014
test,C2,0,2026_08_17_02_30_47_786891_L1_right_C2,right,pick up the right block,4,pregrasp,64,80,16,0.5128205128205128,0.4519774011299435,7,8,0.3,0.7,8,0.2003578096628189,0.24920424818992615,0.24920424818992615,0.2003578096628189,-0.04884643852710724,0.48828405141830444,-0.20688535273075104,0.3471762239933014
test,C2,0,2026_08_17_02_30_47_786891_L1_right_C2,right,pick up the right block,4,pregrasp,64,80,16,0.5128205128205128,0.4519774011299435,8,8,0.3,0.7,8,0.2190578281879425,0.23954716324806213,0.23954716324806213,0.2190578281879425,-0.02048933506011963,0.48828405141830444,-0.20688535273075104,0.3471762239933014
test,C2,0,2026_08_17_02_30_47_786891_L1_right_C2,right,pick up the right block,4,pregrasp,64,80,16,0.5128205128205128,0.4519774011299435,9,8,0.3,0.7,8,0.2034684121608734,0.2626742422580719,0.2626742422580719,0.2034684121608734,-0.059205830097198486,0.48828405141830444,-0.20688535273075104,0.3471762239933014
test,C2,0,2026_08_17_02_30_47_786891_L1_right_C2,right,pick up the right block,5,pregrasp,80,96,16,0.6153846153846154,0.5423728813559322,0,8,0.3,0.7,8,0.2624233663082123,0.3068581521511078,0.3068581521511078,0.2624233663082123,-0.04443478584289551,0.5326250791549683,-0.18049994111061096,0.30122464895248413
test,C2,0,2026_08_17_02_30_47_786891_L1_right_C2,right,pick up the right block,5,pregrasp,80,96,16,0.6153846153846154,0.5423728813559322,1,8,0.3,0.7,8,0.3314345180988312,0.3690207898616791,0.3690207898616791,0.3314345180988312,-0.0375862717628479,0.5326250791549683,-0.18049994111061096,0.30122464895248413
test,C2,0,2026_08_17_02_30_47_786891_L1_right_C2,right,pick up the right block,5,pregrasp,80,96,16,0.6153846153846154,0.5423728813559322,2,8,0.3,0.7,8,0.22487543523311615,0.25569644570350647,0.25569644570350647,0.22487543523311615,-0.03082101047039032,0.5326250791549683,-0.18049994111061096,0.30122464895248413
test,C2,0,2026_08_17_02_30_47_786891_L1_right_C2,right,pick up the right block,5,pregrasp,80,96,16,0.6153846153846154,0.5423728813559322,3,8,0.3,0.7,8,0.3410221040248871,0.3705107867717743,0.3705107867717743,0.3410221040248871,-0.029488682746887207,0.5326250791549683,-0.18049994111061096,0.30122464895248413
test,C2,0,2026_08_17_02_30_47_786891_L1_right_C2,right,pick up the right block,5,pregrasp,80,96,16,0.6153846153846154,0.5423728813559322,4,8,0.3,0.7,8,0.3059937357902527,0.33518850803375244,0.33518850803375244,0.3059937357902527,-0.029194772243499756,0.5326250791549683,-0.18049994111061096,0.30122464895248413
test,C2,0,2026_08_17_02_30_47_786891_L1_right_C2,right,pick up the right block,5,pregrasp,80,96,16,0.6153846153846154,0.5423728813559322,5,8,0.3,0.7,8,0.32858556509017944,0.377729207277298,0.377729207277298,0.32858556509017944,-0.04914364218711853,0.5326250791549683,-0.18049994111061096,0.30122464895248413
test,C2,0,2026_08_17_02_30_47_786891_L1_right_C2,right,pick up the right block,5,pregrasp,80,96,16,0.6153846153846154,0.5423728813559322,6,8,0.3,0.7,8,0.3062590956687927,0.34318023920059204,0.34318023920059204,0.3062590956687927,-0.036921143531799316,0.5326250791549683,-0.18049994111061096,0.30122464895248413
test,C2,0,2026_08_17_02_30_47_786891_L1_right_C2,right,pick up the right block,5,pregrasp,80,96,16,0.6153846153846154,0.5423728813559322,7,8,0.3,0.7,8,0.4264288544654846,0.4587356150150299,0.4587356150150299,0.4264288544654846,-0.03230676054954529,0.5326250791549683,-0.18049994111061096,0.30122464895248413
test,C2,0,2026_08_17_02_30_47_786891_L1_right_C2,right,pick up the right block,5,pregrasp,80,96,16,0.6153846153846154,0.5423728813559322,8,8,0.3,0.7,8,0.33603811264038086,0.3769986927509308,0.3769986927509308,0.33603811264038086,-0.04096058011054993,0.5326250791549683,-0.18049994111061096,0.30122464895248413
test,C2,0,2026_08_17_02_30_47_786891_L1_right_C2,right,pick up the right block,5,pregrasp,80,96,16,0.6153846153846154,0.5423728813559322,9,8,0.3,0.7,8,0.2557228207588196,0.28681400418281555,0.28681400418281555,0.2557228207588196,-0.03109118342399597,0.5326250791549683,-0.18049994111061096,0.30122464895248413
test,C2,0,2026_08_17_02_30_47_786891_L1_right_C2,right,pick up the right block,6,pregrasp,96,112,16,0.717948717948718,0.632768361581921,0,8,0.3,0.7,8,0.3107266128063202,0.37077951431274414,0.37077951431274414,0.3107266128063202,-0.06005290150642395,0.5715039968490601,-0.14066393673419952,0.26114755868911743
test,C2,0,2026_08_17_02_30_47_786891_L1_right_C2,right,pick up the right block,6,pregrasp,96,112,16,0.717948717948718,0.632768361581921,1,8,0.3,0.7,8,0.27152571082115173,0.31506460905075073,0.31506460905075073,0.27152571082115173,-0.043538898229599,0.5715039968490601,-0.14066393673419952,0.26114755868911743
test,C2,0,2026_08_17_02_30_47_786891_L1_right_C2,right,pick up the right block,6,pregrasp,96,112,16,0.717948717948718,0.632768361581921,2,8,0.3,0.7,8,0.2355627417564392,0.283587247133255,0.283587247133255,0.2355627417564392,-0.048024505376815796,0.5715039968490601,-0.14066393673419952,0.26114755868911743
test,C2,0,2026_08_17_02_30_47_786891_L1_right_C2,right,pick up the right block,6,pregrasp,96,112,16,0.717948717948718,0.632768361581921,3,8,0.3,0.7,8,0.2759981155395508,0.3179808557033539,0.3179808557033539,0.2759981155395508,-0.0419827401638031,0.5715039968490601,-0.14066393673419952,0.26114755868911743
test,C2,0,2026_08_17_02_30_47_786891_L1_right_C2,right,pick up the right block,6,pregrasp,96,112,16,0.717948717948718,0.632768361581921,4,8,0.3,0.7,8,0.39543938636779785,0.47030165791511536,0.47030165791511536,0.39543938636779785,-0.0748622715473175,0.5715039968490601,-0.14066393673419952,0.26114755868911743
test,C2,0,2026_08_17_02_30_47_786891_L1_right_C2,right,pick up the right block,6,pregrasp,96,112,16,0.717948717948718,0.632768361581921,5,8,0.3,0.7,8,0.31917059421539307,0.39559265971183777,0.39559265971183777,0.31917059421539307,-0.0764220654964447,0.5715039968490601,-0.14066393673419952,0.26114755868911743
test,C2,0,2026_08_17_02_30_47_786891_L1_right_C2,right,pick up the right block,6,pregrasp,96,112,16,0.717948717948718,0.632768361581921,6,8,0.3,0.7,8,0.2297634780406952,0.27335110306739807,0.27335110306739807,0.2297634780406952,-0.04358762502670288,0.5715039968490601,-0.14066393673419952,0.26114755868911743
test,C2,0,2026_08_17_02_30_47_786891_L1_right_C2,right,pick up the right block,6,pregrasp,96,112,16,0.717948717948718,0.632768361581921,7,8,0.3,0.7,8,0.23942652344703674,0.29517287015914917,0.29517287015914917,0.23942652344703674,-0.05574634671211243,0.5715039968490601,-0.14066393673419952,0.26114755868911743
test,C2,0,2026_08_17_02_30_47_786891_L1_right_C2,right,pick up the right block,6,pregrasp,96,112,16,0.717948717948718,0.632768361581921,8,8,0.3,0.7,8,0.33899787068367004,0.40629714727401733,0.40629714727401733,0.33899787068367004,-0.06729927659034729,0.5715039968490601,-0.14066393673419952,0.26114755868911743
test,C2,0,2026_08_17_02_30_47_786891_L1_right_C2,right,pick up the right block,6,pregrasp,96,112,16,0.717948717948718,0.632768361581921,9,8,0.3,0.7,8,0.24382448196411133,0.28452083468437195,0.28452083468437195,0.24382448196411133,-0.04069635272026062,0.5715039968490601,-0.14066393673419952,0.26114755868911743
test,C2,0,2026_08_17_02_30_47_786891_L1_right_C2,right,pick up the right block,7,pregrasp,112,128,16,0.8205128205128205,0.7231638418079096,0,8,0.3,0.7,8,0.35103777050971985,0.3770676553249359,0.3770676553249359,0.35103777050971985,-0.026029884815216064,0.6076701283454895,-0.09271126985549927,0.22406217455863953
test,C2,0,2026_08_17_02_30_47_786891_L1_right_C2,right,pick up the right block,7,pregrasp,112,128,16,0.8205128205128205,0.7231638418079096,1,8,0.3,0.7,8,0.3377845883369446,0.3596959114074707,0.3596959114074707,0.3377845883369446,-0.021911323070526123,0.6076701283454895,-0.09271126985549927,0.22406217455863953
test,C2,0,2026_08_17_02_30_47_786891_L1_right_C2,right,pick up the right block,7,pregrasp,112,128,16,0.8205128205128205,0.7231638418079096,2,8,0.3,0.7,8,0.31473308801651,0.33691415190696716,0.33691415190696716,0.31473308801651,-0.022181063890457153,0.6076701283454895,-0.09271126985549927,0.22406217455863953
test,C2,0,2026_08_17_02_30_47_786891_L1_right_C2,right,pick up the right block,7,pregrasp,112,128,16,0.8205128205128205,0.7231638418079096,3,8,0.3,0.7,8,0.3388441205024719,0.3623585104942322,0.3623585104942322,0.3388441205024719,-0.023514389991760254,0.6076701283454895,-0.09271126985549927,0.22406217455863953
test,C2,0,2026_08_17_02_30_47_786891_L1_right_C2,right,pick up the right block,7,pregrasp,112,128,16,0.8205128205128205,0.7231638418079096,4,8,0.3,0.7,8,0.2931583523750305,0.3165607452392578,0.3165607452392578,0.2931583523750305,-0.023402392864227295,0.6076701283454895,-0.09271126985549927,0.22406217455863953
test,C2,0,2026_08_17_02_30_47_786891_L1_right_C2,right,pick up the right block,7,pregrasp,112,128,16,0.8205128205128205,0.7231638418079096,5,8,0.3,0.7,8,0.3835926949977875,0.41140803694725037,0.41140803694725037,0.3835926949977875,-0.02781534194946289,0.6076701283454895,-0.09271126985549927,0.22406217455863953
test,C2,0,2026_08_17_02_30_47_786891_L1_right_C2,right,pick up the right block,7,pregrasp,112,128,16,0.8205128205128205,0.7231638418079096,6,8,0.3,0.7,8,0.30125391483306885,0.32846370339393616,0.32846370339393616,0.30125391483306885,-0.02720978856086731,0.6076701283454895,-0.09271126985549927,0.22406217455863953
test,C2,0,2026_08_17_02_30_47_786891_L1_right_C2,right,pick up the right block,7,pregrasp,112,128,16,0.8205128205128205,0.7231638418079096,7,8,0.3,0.7,8,0.3224621117115021,0.34591981768608093,0.34591981768608093,0.3224621117115021,-0.023457705974578857,0.6076701283454895,-0.09271126985549927,0.22406217455863953
test,C2,0,2026_08_17_02_30_47_786891_L1_right_C2,right,pick up the right block,7,pregrasp,112,128,16,0.8205128205128205,0.7231638418079096,8,8,0.3,0.7,8,0.30634769797325134,0.3251463770866394,0.3251463770866394,0.30634769797325134,-0.01879867911338806,0.6076701283454895,-0.09271126985549927,0.22406217455863953
test,C2,0,2026_08_17_02_30_47_786891_L1_right_C2,right,pick up the right block,7,pregrasp,112,128,16,0.8205128205128205,0.7231638418079096,9,8,0.3,0.7,8,0.29934459924697876,0.3173116445541382,0.3173116445541382,0.29934459924697876,-0.017967045307159424,0.6076701283454895,-0.09271126985549927,0.22406217455863953
test,C2,0,2026_08_17_02_30_47_786891_L1_right_C2,right,pick up the right block,8,pregrasp,128,144,16,0.9230769230769231,0.8135593220338984,0,8,0.3,0.7,8,0.2863394320011139,0.299547016620636,0.299547016620636,0.2863394320011139,-0.013207584619522095,0.6395135521888733,-0.04732302576303482,0.19182322919368744
test,C2,0,2026_08_17_02_30_47_786891_L1_right_C2,right,pick up the right block,8,pregrasp,128,144,16,0.9230769230769231,0.8135593220338984,1,8,0.3,0.7,8,0.3965672552585602,0.4091377556324005,0.4091377556324005,0.3965672552585602,-0.012570500373840332,0.6395135521888733,-0.04732302576303482,0.19182322919368744
test,C2,0,2026_08_17_02_30_47_786891_L1_right_C2,right,pick up the right block,8,pregrasp,128,144,16,0.9230769230769231,0.8135593220338984,2,8,0.3,0.7,8,0.3245123326778412,0.3388145864009857,0.3388145864009857,0.3245123326778412,-0.014302253723144531,0.6395135521888733,-0.04732302576303482,0.19182322919368744
test,C2,0,2026_08_17_02_30_47_786891_L1_right_C2,right,pick up the right block,8,pregrasp,128,144,16,0.9230769230769231,0.8135593220338984,3,8,0.3,0.7,8,0.4252186417579651,0.43381789326667786,0.43381789326667786,0.4252186417579651,-0.008599251508712769,0.6395135521888733,-0.04732302576303482,0.19182322919368744
test,C2,0,2026_08_17_02_30_47_786891_L1_right_C2,right,pick up the right block,8,pregrasp,128,144,16,0.9230769230769231,0.8135593220338984,4,8,0.3,0.7,8,0.3505459427833557,0.3627300262451172,0.3627300262451172,0.3505459427833557,-0.012184083461761475,0.6395135521888733,-0.04732302576303482,0.19182322919368744
test,C2,0,2026_08_17_02_30_47_786891_L1_right_C2,right,pick up the right block,8,pregrasp,128,144,16,0.9230769230769231,0.8135593220338984,5,8,0.3,0.7,8,0.39388254284858704,0.411721408367157,0.411721408367157,0.39388254284858704,-0.017838865518569946,0.6395135521888733,-0.04732302576303482,0.19182322919368744
test,C2,0,2026_08_17_02_30_47_786891_L1_right_C2,right,pick up the right block,8,pregrasp,128,144,16,0.9230769230769231,0.8135593220338984,6,8,0.3,0.7,8,0.3388449549674988,0.34998106956481934,0.34998106956481934,0.3388449549674988,-0.011136114597320557,0.6395135521888733,-0.04732302576303482,0.19182322919368744
test,C2,0,2026_08_17_02_30_47_786891_L1_right_C2,right,pick up the right block,8,pregrasp,128,144,16,0.9230769230769231,0.8135593220338984,7,8,0.3,0.7,8,0.3753703236579895,0.3887670040130615,0.3887670040130615,0.3753703236579895,-0.013396680355072021,0.6395135521888733,-0.04732302576303482,0.19182322919368744
test,C2,0,2026_08_17_02_30_47_786891_L1_right_C2,right,pick up the right block,8,pregrasp,128,144,16,0.9230769230769231,0.8135593220338984,8,8,0.3,0.7,8,0.38822227716445923,0.3978688716888428,0.3978688716888428,0.38822227716445923,-0.009646594524383545,0.6395135521888733,-0.04732302576303482,0.19182322919368744
test,C2,0,2026_08_17_02_30_47_786891_L1_right_C2,right,pick up the right block,8,pregrasp,128,144,16,0.9230769230769231,0.8135593220338984,9,8,0.3,0.7,8,0.32984861731529236,0.3466360569000244,0.3466360569000244,0.32984861731529236,-0.016787439584732056,0.6395135521888733,-0.04732302576303482,0.19182322919368744
test,C2,0,2026_08_17_02_30_47_786891_L1_right_C2,right,pick up the right block,9,pregrasp,144,156,12,1.0,0.8813559322033898,0,8,0.3,0.7,8,0.4130634069442749,0.41263270378112793,0.41263270378112793,0.4130634069442749,0.00043070316314697266,0.641065776348114,-0.045758772641420364,0.1897314488887787
test,C2,0,2026_08_17_02_30_47_786891_L1_right_C2,right,pick up the right block,9,pregrasp,144,156,12,1.0,0.8813559322033898,1,8,0.3,0.7,8,0.4114939868450165,0.41088783740997314,0.41088783740997314,0.4114939868450165,0.000606149435043335,0.641065776348114,-0.045758772641420364,0.1897314488887787
test,C2,0,2026_08_17_02_30_47_786891_L1_right_C2,right,pick up the right block,9,pregrasp,144,156,12,1.0,0.8813559322033898,2,8,0.3,0.7,8,0.28041529655456543,0.2807105481624603,0.2807105481624603,0.28041529655456543,-0.00029525160789489746,0.641065776348114,-0.045758772641420364,0.1897314488887787
test,C2,0,2026_08_17_02_30_47_786891_L1_right_C2,right,pick up the right block,9,pregrasp,144,156,12,1.0,0.8813559322033898,3,8,0.3,0.7,8,0.4072307348251343,0.4056699275970459,0.4056699275970459,0.4072307348251343,0.001560807228088379,0.641065776348114,-0.045758772641420364,0.1897314488887787
test,C2,0,2026_08_17_02_30_47_786891_L1_right_C2,right,pick up the right block,9,pregrasp,144,156,12,1.0,0.8813559322033898,4,8,0.3,0.7,8,0.3642997741699219,0.36314985156059265,0.36314985156059265,0.3642997741699219,0.0011499226093292236,0.641065776348114,-0.045758772641420364,0.1897314488887787
test,C2,0,2026_08_17_02_30_47_786891_L1_right_C2,right,pick up the right block,9,pregrasp,144,156,12,1.0,0.8813559322033898,5,8,0.3,0.7,8,0.32052677869796753,0.31962743401527405,0.31962743401527405,0.32052677869796753,0.0008993446826934814,0.641065776348114,-0.045758772641420364,0.1897314488887787
test,C2,0,2026_08_17_02_30_47_786891_L1_right_C2,right,pick up the right block,9,pregrasp,144,156,12,1.0,0.8813559322033898,6,8,0.3,0.7,8,0.3264719843864441,0.3256306052207947,0.3256306052207947,0.3264719843864441,0.0008413791656494141,0.641065776348114,-0.045758772641420364,0.1897314488887787
test,C2,0,2026_08_17_02_30_47_786891_L1_right_C2,right,pick up the right block,9,pregrasp,144,156,12,1.0,0.8813559322033898,7,8,0.3,0.7,8,0.3663734793663025,0.36506184935569763,0.36506184935569763,0.3663734793663025,0.0013116300106048584,0.641065776348114,-0.045758772641420364,0.1897314488887787
test,C2,0,2026_08_17_02_30_47_786891_L1_right_C2,right,pick up the right block,9,pregrasp,144,156,12,1.0,0.8813559322033898,8,8,0.3,0.7,8,0.453389972448349,0.45212337374687195,0.45212337374687195,0.453389972448349,0.0012665987014770508,0.641065776348114,-0.045758772641420364,0.1897314488887787
test,C2,0,2026_08_17_02_30_47_786891_L1_right_C2,right,pick up the right block,9,pregrasp,144,156,12,1.0,0.8813559322033898,9,8,0.3,0.7,8,0.37626489996910095,0.37672948837280273,0.37672948837280273,0.37626489996910095,-0.0004645884037017822,0.641065776348114,-0.045758772641420364,0.1897314488887787
test,C2,0,2026_08_17_02_30_47_786891_L1_right_C2,right,pick up the right block,10,postgrasp,156,172,16,1.0,0.9717514124293786,0,8,0.3,0.7,8,0.36465710401535034,0.3651452660560608,0.3651452660560608,0.36465710401535034,-0.0004881620407104492,0.6411052346229553,-0.04575646296143532,0.1897619515657425
test,C2,0,2026_08_17_02_30_47_786891_L1_right_C2,right,pick up the right block,10,postgrasp,156,172,16,1.0,0.9717514124293786,1,8,0.3,0.7,8,0.28971612453460693,0.29158419370651245,0.29158419370651245,0.28971612453460693,-0.0018680691719055176,0.6411052346229553,-0.04575646296143532,0.1897619515657425
test,C2,0,2026_08_17_02_30_47_786891_L1_right_C2,right,pick up the right block,10,postgrasp,156,172,16,1.0,0.9717514124293786,2,8,0.3,0.7,8,0.31401750445365906,0.3151564300060272,0.3151564300060272,0.31401750445365906,-0.001138925552368164,0.6411052346229553,-0.04575646296143532,0.1897619515657425
test,C2,0,2026_08_17_02_30_47_786891_L1_right_C2,right,pick up the right block,10,postgrasp,156,172,16,1.0,0.9717514124293786,3,8,0.3,0.7,8,0.36442723870277405,0.36514711380004883,0.36514711380004883,0.36442723870277405,-0.0007198750972747803,0.6411052346229553,-0.04575646296143532,0.1897619515657425
test,C2,0,2026_08_17_02_30_47_786891_L1_right_C2,right,pick up the right block,10,postgrasp,156,172,16,1.0,0.9717514124293786,4,8,0.3,0.7,8,0.3250028192996979,0.3270213007926941,0.3270213007926941,0.3250028192996979,-0.002018481492996216,0.6411052346229553,-0.04575646296143532,0.1897619515657425
test,C2,0,2026_08_17_02_30_47_786891_L1_right_C2,right,pick up the right block,10,postgrasp,156,172,16,1.0,0.9717514124293786,5,8,0.3,0.7,8,0.3879276514053345,0.3928099274635315,0.3928099274635315,0.3879276514053345,-0.0048822760581970215,0.6411052346229553,-0.04575646296143532,0.1897619515657425
test,C2,0,2026_08_17_02_30_47_786891_L1_right_C2,right,pick up the right block,10,postgrasp,156,172,16,1.0,0.9717514124293786,6,8,0.3,0.7,8,0.2741830348968506,0.2759290039539337,0.2759290039539337,0.2741830348968506,-0.0017459690570831299,0.6411052346229553,-0.04575646296143532,0.1897619515657425
test,C2,0,2026_08_17_02_30_47_786891_L1_right_C2,right,pick up the right block,10,postgrasp,156,172,16,1.0,0.9717514124293786,7,8,0.3,0.7,8,0.2644043564796448,0.26760560274124146,0.26760560274124146,0.2644043564796448,-0.0032012462615966797,0.6411052346229553,-0.04575646296143532,0.1897619515657425
test,C2,0,2026_08_17_02_30_47_786891_L1_right_C2,right,pick up the right block,10,postgrasp,156,172,16,1.0,0.9717514124293786,8,8,0.3,0.7,8,0.40128523111343384,0.40065014362335205,0.40065014362335205,0.40128523111343384,0.0006350874900817871,0.6411052346229553,-0.04575646296143532,0.1897619515657425
test,C2,0,2026_08_17_02_30_47_786891_L1_right_C2,right,pick up the right block,10,postgrasp,156,172,16,1.0,0.9717514124293786,9,8,0.3,0.7,8,0.35285520553588867,0.3534027338027954,0.3534027338027954,0.35285520553588867,-0.0005475282669067383,0.6411052346229553,-0.04575646296143532,0.1897619515657425
test,C2,0,2026_08_17_02_30_47_786891_L1_right_C2,right,pick up the right block,11,postgrasp,172,177,5,1.0,1.0,0,8,0.3,0.7,8,0.2993711531162262,0.3023415505886078,0.3023415505886078,0.2993711531162262,-0.002970397472381592,0.6411105990409851,-0.04575492814183235,0.18976210057735443
test,C2,0,2026_08_17_02_30_47_786891_L1_right_C2,right,pick up the right block,11,postgrasp,172,177,5,1.0,1.0,1,8,0.3,0.7,8,0.3339707851409912,0.3360580503940582,0.3360580503940582,0.3339707851409912,-0.0020872652530670166,0.6411105990409851,-0.04575492814183235,0.18976210057735443
test,C2,0,2026_08_17_02_30_47_786891_L1_right_C2,right,pick up the right block,11,postgrasp,172,177,5,1.0,1.0,2,8,0.3,0.7,8,0.3777484595775604,0.37959232926368713,0.37959232926368713,0.3777484595775604,-0.001843869686126709,0.6411105990409851,-0.04575492814183235,0.18976210057735443
test,C2,0,2026_08_17_02_30_47_786891_L1_right_C2,right,pick up the right block,11,postgrasp,172,177,5,1.0,1.0,3,8,0.3,0.7,8,0.39164209365844727,0.3961673378944397,0.3961673378944397,0.39164209365844727,-0.004525244235992432,0.6411105990409851,-0.04575492814183235,0.18976210057735443
test,C2,0,2026_08_17_02_30_47_786891_L1_right_C2,right,pick up the right block,11,postgrasp,172,177,5,1.0,1.0,4,8,0.3,0.7,8,0.37083137035369873,0.37283873558044434,0.37283873558044434,0.37083137035369873,-0.0020073652267456055,0.6411105990409851,-0.04575492814183235,0.18976210057735443
test,C2,0,2026_08_17_02_30_47_786891_L1_right_C2,right,pick up the right block,11,postgrasp,172,177,5,1.0,1.0,5,8,0.3,0.7,8,0.41458842158317566,0.41515329480171204,0.41515329480171204,0.41458842158317566,-0.000564873218536377,0.6411105990409851,-0.04575492814183235,0.18976210057735443
test,C2,0,2026_08_17_02_30_47_786891_L1_right_C2,right,pick up the right block,11,postgrasp,172,177,5,1.0,1.0,6,8,0.3,0.7,8,0.43183135986328125,0.43281522393226624,0.43281522393226624,0.43183135986328125,-0.0009838640689849854,0.6411105990409851,-0.04575492814183235,0.18976210057735443
test,C2,0,2026_08_17_02_30_47_786891_L1_right_C2,right,pick up the right block,11,postgrasp,172,177,5,1.0,1.0,7,8,0.3,0.7,8,0.3674394190311432,0.36866530776023865,0.36866530776023865,0.3674394190311432,-0.001225888729095459,0.6411105990409851,-0.04575492814183235,0.18976210057735443
test,C2,0,2026_08_17_02_30_47_786891_L1_right_C2,right,pick up the right block,11,postgrasp,172,177,5,1.0,1.0,8,8,0.3,0.7,8,0.4248201251029968,0.4251962900161743,0.4251962900161743,0.4248201251029968,-0.00037616491317749023,0.6411105990409851,-0.04575492814183235,0.18976210057735443
test,C2,0,2026_08_17_02_30_47_786891_L1_right_C2,right,pick up the right block,11,postgrasp,172,177,5,1.0,1.0,9,8,0.3,0.7,8,0.4119826853275299,0.41513994336128235,0.41513994336128235,0.4119826853275299,-0.0031572580337524414,0.6411105990409851,-0.04575492814183235,0.18976210057735443
