decision,pair_type,layout_id,condition,fixed_value,first_episode,second_episode,first_prediction,second_prediction,first_score,second_score,both_correct,desired_relation,oriented_score_difference
10pct,same_geometry_side_color_swap,L1,C0,left,2026_08_18_00_40_18_199635_L1_left_C0,2026_08_18_00_48_13_457980_L1_left_C0,red,blue,0.011892627701163293,-0.0024435301125049595,0,1,-0.014336157813668253
10pct,same_geometry_side_color_swap,L1,C1,left,2026_08_18_00_40_47_448240_L1_left_C1,2026_08_18_00_49_05_482404_L1_left_C1,red,blue,0.03729439973831177,-0.01182523250579834,0,1,-0.04911963224411011
10pct,same_geometry_side_color_swap,L1,C2,left,2026_08_18_00_41_27_880068_L1_left_C2,2026_08_18_00_49_36_378126_L1_left_C2,red,red,0.015230911374092103,0.0002299795299768448,0,0,-0.015000931844115257
10pct,same_geometry_side_color_swap,L1,C0,right,2026_08_18_00_50_22_202653_L1_right_C0,2026_08_18_00_45_28_073578_L1_right_C0,blue,red,-0.026039567142724998,0.006276807524263859,1,1,0.032316374666988855
10pct,same_geometry_side_color_swap,L1,C1,right,2026_08_18_00_50_52_802516_L1_right_C1,2026_08_18_00_45_56_961481_L1_right_C1,blue,red,-0.01445608377456665,0.01584737777709961,1,1,0.030303461551666258
10pct,same_geometry_side_color_swap,L1,C2,right,2026_08_18_00_51_25_610649_L1_right_C2,2026_08_18_00_46_25_193744_L1_right_C2,red,red,0.04205635987222195,0.03322617396712303,0,0,-0.008830185905098917
10pct,same_geometry_side_color_swap,L3,C0,left,2026_08_18_00_57_54_988496_L3_left_C0,2026_08_18_00_54_32_747715_L3_left_C0,red,blue,0.10236824937164785,-0.0074344977736473085,0,1,-0.10980274714529516
10pct,same_geometry_side_color_swap,L3,C1,left,2026_08_18_00_58_22_709133_L3_left_C1,2026_08_18_00_55_01_843645_L3_left_C1,red,red,0.06588305823504924,0.028061447963118553,0,0,-0.037821610271930685
10pct,same_geometry_side_color_swap,L3,C2,left,2026_08_18_00_59_48_029579_L3_left_C2,2026_08_18_00_55_32_860317_L3_left_C2,red,red,0.04768594907596707,0.00544559680856764,0,0,-0.04224035226739943
10pct,same_geometry_side_color_swap,L3,C0,right,2026_08_18_00_52_54_907596_L3_right_C0,2026_08_18_00_56_19_492037_L3_right_C0,red,blue,0.04206297190859914,-0.003209838643670082,0,1,-0.04527281055226922
10pct,same_geometry_side_color_swap,L3,C1,right,2026_08_18_00_53_23_339528_L3_right_C1,2026_08_18_00_56_48_148319_L3_right_C1,red,red,0.027478794604539877,0.008411174118518829,0,0,-0.01906762048602105
10pct,same_geometry_side_color_swap,L3,C2,right,2026_08_18_00_53_52_283658_L3_right_C2,2026_08_18_00_57_15_980084_L3_right_C2,red,red,0.014290658617392184,0.045031651351600886,0,0,0.030740992734208702
10pct,same_target_color_side_swap,L1,C0,blue,2026_08_18_00_40_18_199635_L1_left_C0,2026_08_18_00_50_22_202653_L1_right_C0,red,blue,0.011892627701163293,-0.026039567142724998,0,0,0.037932194843888295
10pct,same_target_color_side_swap,L1,C1,blue,2026_08_18_00_40_47_448240_L1_left_C1,2026_08_18_00_50_52_802516_L1_right_C1,red,blue,0.03729439973831177,-0.01445608377456665,0,0,0.05175048351287842
10pct,same_target_color_side_swap,L1,C2,blue,2026_08_18_00_41_27_880068_L1_left_C2,2026_08_18_00_51_25_610649_L1_right_C2,red,red,0.015230911374092103,0.04205635987222195,0,1,-0.026825448498129845
10pct,same_target_color_side_swap,L1,C0,red,2026_08_18_00_48_13_457980_L1_left_C0,2026_08_18_00_45_28_073578_L1_right_C0,blue,red,-0.0024435301125049595,0.006276807524263859,0,0,0.008720337636768818
10pct,same_target_color_side_swap,L1,C1,red,2026_08_18_00_49_05_482404_L1_left_C1,2026_08_18_00_45_56_961481_L1_right_C1,blue,red,-0.01182523250579834,0.01584737777709961,0,0,0.02767261028289795
10pct,same_target_color_side_swap,L1,C2,red,2026_08_18_00_49_36_378126_L1_left_C2,2026_08_18_00_46_25_193744_L1_right_C2,red,red,0.0002299795299768448,0.03322617396712303,1,1,0.03299619443714619
10pct,same_target_color_side_swap,L3,C0,blue,2026_08_18_00_57_54_988496_L3_left_C0,2026_08_18_00_52_54_907596_L3_right_C0,red,red,0.10236824937164785,0.04206297190859914,0,1,0.06030527746304871
10pct,same_target_color_side_swap,L3,C1,blue,2026_08_18_00_58_22_709133_L3_left_C1,2026_08_18_00_53_23_339528_L3_right_C1,red,red,0.06588305823504924,0.027478794604539877,0,1,0.03840426363050936
10pct,same_target_color_side_swap,L3,C2,blue,2026_08_18_00_59_48_029579_L3_left_C2,2026_08_18_00_53_52_283658_L3_right_C2,red,red,0.04768594907596707,0.014290658617392184,0,1,0.03339529045857489
10pct,same_target_color_side_swap,L3,C0,red,2026_08_18_00_54_32_747715_L3_left_C0,2026_08_18_00_56_19_492037_L3_right_C0,blue,blue,-0.0074344977736473085,-0.003209838643670082,0,1,0.004224659129977226
10pct,same_target_color_side_swap,L3,C1,red,2026_08_18_00_55_01_843645_L3_left_C1,2026_08_18_00_56_48_148319_L3_right_C1,red,red,0.028061447963118553,0.008411174118518829,1,1,-0.019650273844599726
10pct,same_target_color_side_swap,L3,C2,red,2026_08_18_00_55_32_860317_L3_left_C2,2026_08_18_00_57_15_980084_L3_right_C2,red,red,0.00544559680856764,0.045031651351600886,1,1,0.039586054543033246
20pct,same_geometry_side_color_swap,L1,C0,left,2026_08_18_00_40_18_199635_L1_left_C0,2026_08_18_00_48_13_457980_L1_left_C0,red,red,0.025394118130207068,0.01874994494020939,0,0,-0.006644173189997677
20pct,same_geometry_side_color_swap,L1,C1,left,2026_08_18_00_40_47_448240_L1_left_C1,2026_08_18_00_49_05_482404_L1_left_C1,red,blue,0.06734633535146714,-0.012081981301307679,0,1,-0.07942831665277482
20pct,same_geometry_side_color_swap,L1,C2,left,2026_08_18_00_41_27_880068_L1_left_C2,2026_08_18_00_49_36_378126_L1_left_C2,red,blue,0.052684404700994496,-0.022079293504357344,0,1,-0.07476369820535184
20pct,same_geometry_side_color_swap,L1,C0,right,2026_08_18_00_50_22_202653_L1_right_C0,2026_08_18_00_45_28_073578_L1_right_C0,blue,red,-0.023939331173896787,0.00874323472380638,1,1,0.032682565897703166
20pct,same_geometry_side_color_swap,L1,C1,right,2026_08_18_00_50_52_802516_L1_right_C1,2026_08_18_00_45_56_961481_L1_right_C1,red,red,0.01207339972257615,0.03487093448638916,0,0,0.022797534763813007
20pct,same_geometry_side_color_swap,L1,C2,right,2026_08_18_00_51_25_610649_L1_right_C2,2026_08_18_00_46_25_193744_L1_right_C2,red,red,0.04643656127154827,0.045795835852622986,0,0,-0.0006407254189252851
20pct,same_geometry_side_color_swap,L3,C0,left,2026_08_18_00_57_54_988496_L3_left_C0,2026_08_18_00_54_32_747715_L3_left_C0,red,blue,0.18159792870283128,-0.01789424642920494,0,1,-0.19949217513203624
20pct,same_geometry_side_color_swap,L3,C1,left,2026_08_18_00_58_22_709133_L3_left_C1,2026_08_18_00_55_01_843645_L3_left_C1,red,red,0.11424310900270938,0.01916900135576725,0,0,-0.09507410764694213
20pct,same_geometry_side_color_swap,L3,C2,left,2026_08_18_00_59_48_029579_L3_left_C2,2026_08_18_00_55_32_860317_L3_left_C2,red,blue,0.11960461955517532,-0.02774739423766732,0,1,-0.14735201379284263
20pct,same_geometry_side_color_swap,L3,C0,right,2026_08_18_00_52_54_907596_L3_right_C0,2026_08_18_00_56_19_492037_L3_right_C0,red,red,0.06543015046045184,0.013597232848405843,0,0,-0.05183291761204599
20pct,same_geometry_side_color_swap,L3,C1,right,2026_08_18_00_53_23_339528_L3_right_C1,2026_08_18_00_56_48_148319_L3_right_C1,red,red,0.05386888906359673,0.009344962984323501,0,0,-0.044523926079273225
20pct,same_geometry_side_color_swap,L3,C2,right,2026_08_18_00_53_52_283658_L3_right_C2,2026_08_18_00_57_15_980084_L3_right_C2,red,red,0.05856288831681013,0.026792921293526888,0,0,-0.03176996702328324
20pct,same_target_color_side_swap,L1,C0,blue,2026_08_18_00_40_18_199635_L1_left_C0,2026_08_18_00_50_22_202653_L1_right_C0,red,blue,0.025394118130207068,-0.023939331173896787,0,0,0.049333449304103855
20pct,same_target_color_side_swap,L1,C1,blue,2026_08_18_00_40_47_448240_L1_left_C1,2026_08_18_00_50_52_802516_L1_right_C1,red,red,0.06734633535146714,0.01207339972257615,0,1,0.05527293562889099
20pct,same_target_color_side_swap,L1,C2,blue,2026_08_18_00_41_27_880068_L1_left_C2,2026_08_18_00_51_25_610649_L1_right_C2,red,red,0.052684404700994496,0.04643656127154827,0,1,0.0062478434294462246
20pct,same_target_color_side_swap,L1,C0,red,2026_08_18_00_48_13_457980_L1_left_C0,2026_08_18_00_45_28_073578_L1_right_C0,red,red,0.01874994494020939,0.00874323472380638,1,1,-0.01000671021640301
20pct,same_target_color_side_swap,L1,C1,red,2026_08_18_00_49_05_482404_L1_left_C1,2026_08_18_00_45_56_961481_L1_right_C1,blue,red,-0.012081981301307679,0.03487093448638916,0,0,0.046952915787696836
20pct,same_target_color_side_swap,L1,C2,red,2026_08_18_00_49_36_378126_L1_left_C2,2026_08_18_00_46_25_193744_L1_right_C2,blue,red,-0.022079293504357344,0.045795835852622986,0,0,0.06787512935698033
20pct,same_target_color_side_swap,L3,C0,blue,2026_08_18_00_57_54_988496_L3_left_C0,2026_08_18_00_52_54_907596_L3_right_C0,red,red,0.18159792870283128,0.06543015046045184,0,1,0.11616777824237945
20pct,same_target_color_side_swap,L3,C1,blue,2026_08_18_00_58_22_709133_L3_left_C1,2026_08_18_00_53_23_339528_L3_right_C1,red,red,0.11424310900270938,0.05386888906359673,0,1,0.060374219939112655
20pct,same_target_color_side_swap,L3,C2,blue,2026_08_18_00_59_48_029579_L3_left_C2,2026_08_18_00_53_52_283658_L3_right_C2,red,red,0.11960461955517532,0.05856288831681013,0,1,0.06104173123836519
20pct,same_target_color_side_swap,L3,C0,red,2026_08_18_00_54_32_747715_L3_left_C0,2026_08_18_00_56_19_492037_L3_right_C0,blue,red,-0.01789424642920494,0.013597232848405843,0,0,0.031491479277610784
20pct,same_target_color_side_swap,L3,C1,red,2026_08_18_00_55_01_843645_L3_left_C1,2026_08_18_00_56_48_148319_L3_right_C1,red,red,0.01916900135576725,0.009344962984323501,1,1,-0.00982403837144375
20pct,same_target_color_side_swap,L3,C2,red,2026_08_18_00_55_32_860317_L3_left_C2,2026_08_18_00_57_15_980084_L3_right_C2,blue,red,-0.02774739423766732,0.026792921293526888,0,0,0.054540315531194206
30pct,same_geometry_side_color_swap,L1,C0,left,2026_08_18_00_40_18_199635_L1_left_C0,2026_08_18_00_48_13_457980_L1_left_C0,red,red,0.03965898975729942,0.04561840273439884,0,0,0.0059594129770994195
30pct,same_geometry_side_color_swap,L1,C1,left,2026_08_18_00_40_47_448240_L1_left_C1,2026_08_18_00_49_05_482404_L1_left_C1,red,blue,0.0970289060473442,-0.03736474990844726,0,1,-0.13439365595579145
30pct,same_geometry_side_color_swap,L1,C2,left,2026_08_18_00_41_27_880068_L1_left_C2,2026_08_18_00_49_36_378126_L1_left_C2,red,blue,0.08211866229772567,-0.05002286504954099,0,1,-0.13214152734726667
30pct,same_geometry_side_color_swap,L1,C0,right,2026_08_18_00_50_22_202653_L1_right_C0,2026_08_18_00_45_28_073578_L1_right_C0,red,red,0.004044029191136353,0.004934980422258378,0,0,0.0008909512311220252
30pct,same_geometry_side_color_swap,L1,C1,right,2026_08_18_00_50_52_802516_L1_right_C1,2026_08_18_00_45_56_961481_L1_right_C1,red,red,0.04406115382909775,0.039887041449546815,0,0,-0.004174112379550933
30pct,same_geometry_side_color_swap,L1,C2,right,2026_08_18_00_51_25_610649_L1_right_C2,2026_08_18_00_46_25_193744_L1_right_C2,red,red,0.06538650993257761,0.034997297637164596,0,0,-0.030389212295413012
30pct,same_geometry_side_color_swap,L3,C0,left,2026_08_18_00_57_54_988496_L3_left_C0,2026_08_18_00_54_32_747715_L3_left_C0,red,blue,0.2384489022195339,-0.03240941949188709,0,1,-0.270858321711421
30pct,same_geometry_side_color_swap,L3,C1,left,2026_08_18_00_58_22_709133_L3_left_C1,2026_08_18_00_55_01_843645_L3_left_C1,red,blue,0.17125434815883633,-0.004973468631505957,0,1,-0.1762278167903423
30pct,same_geometry_side_color_swap,L3,C2,left,2026_08_18_00_59_48_029579_L3_left_C2,2026_08_18_00_55_32_860317_L3_left_C2,red,blue,0.17329385339282455,-0.0008486277889460415,0,1,-0.1741424811817706
30pct,same_geometry_side_color_swap,L3,C0,right,2026_08_18_00_52_54_907596_L3_right_C0,2026_08_18_00_56_19_492037_L3_right_C0,red,red,0.07956356758251786,0.04741068370640278,0,0,-0.032152883876115076
30pct,same_geometry_side_color_swap,L3,C1,right,2026_08_18_00_53_23_339528_L3_right_C1,2026_08_18_00_56_48_148319_L3_right_C1,red,red,0.07023256542161108,0.007043352611362934,0,0,-0.06318921281024814
30pct,same_geometry_side_color_swap,L3,C2,right,2026_08_18_00_53_52_283658_L3_right_C2,2026_08_18_00_57_15_980084_L3_right_C2,red,red,0.06981399775482713,0.03971972550265491,0,0,-0.030094272252172226
30pct,same_target_color_side_swap,L1,C0,blue,2026_08_18_00_40_18_199635_L1_left_C0,2026_08_18_00_50_22_202653_L1_right_C0,red,red,0.03965898975729942,0.004044029191136353,0,1,0.03561496056616307
30pct,same_target_color_side_swap,L1,C1,blue,2026_08_18_00_40_47_448240_L1_left_C1,2026_08_18_00_50_52_802516_L1_right_C1,red,red,0.0970289060473442,0.04406115382909775,0,1,0.05296775221824645
30pct,same_target_color_side_swap,L1,C2,blue,2026_08_18_00_41_27_880068_L1_left_C2,2026_08_18_00_51_25_610649_L1_right_C2,red,red,0.08211866229772567,0.06538650993257761,0,1,0.016732152365148065
30pct,same_target_color_side_swap,L1,C0,red,2026_08_18_00_48_13_457980_L1_left_C0,2026_08_18_00_45_28_073578_L1_right_C0,red,red,0.04561840273439884,0.004934980422258378,1,1,-0.04068342231214046
30pct,same_target_color_side_swap,L1,C1,red,2026_08_18_00_49_05_482404_L1_left_C1,2026_08_18_00_45_56_961481_L1_right_C1,blue,red,-0.03736474990844726,0.039887041449546815,0,0,0.07725179135799407
30pct,same_target_color_side_swap,L1,C2,red,2026_08_18_00_49_36_378126_L1_left_C2,2026_08_18_00_46_25_193744_L1_right_C2,blue,red,-0.05002286504954099,0.034997297637164596,0,0,0.08502016268670559
30pct,same_target_color_side_swap,L3,C0,blue,2026_08_18_00_57_54_988496_L3_left_C0,2026_08_18_00_52_54_907596_L3_right_C0,red,red,0.2384489022195339,0.07956356758251786,0,1,0.15888533463701604
30pct,same_target_color_side_swap,L3,C1,blue,2026_08_18_00_58_22_709133_L3_left_C1,2026_08_18_00_53_23_339528_L3_right_C1,red,red,0.17125434815883633,0.07023256542161108,0,1,0.10102178273722526
30pct,same_target_color_side_swap,L3,C2,blue,2026_08_18_00_59_48_029579_L3_left_C2,2026_08_18_00_53_52_283658_L3_right_C2,red,red,0.17329385339282455,0.06981399775482713,0,1,0.10347985563799741
30pct,same_target_color_side_swap,L3,C0,red,2026_08_18_00_54_32_747715_L3_left_C0,2026_08_18_00_56_19_492037_L3_right_C0,blue,red,-0.03240941949188709,0.04741068370640278,0,0,0.07982010319828986
30pct,same_target_color_side_swap,L3,C1,red,2026_08_18_00_55_01_843645_L3_left_C1,2026_08_18_00_56_48_148319_L3_right_C1,blue,red,-0.004973468631505957,0.007043352611362934,0,0,0.012016821242868892
30pct,same_target_color_side_swap,L3,C2,red,2026_08_18_00_55_32_860317_L3_left_C2,2026_08_18_00_57_15_980084_L3_right_C2,blue,red,-0.0008486277889460415,0.03971972550265491,0,0,0.04056835329160095
40pct,same_geometry_side_color_swap,L1,C0,left,2026_08_18_00_40_18_199635_L1_left_C0,2026_08_18_00_48_13_457980_L1_left_C0,red,red,0.05323302149772645,0.04492446303367615,0,0,-0.008308558464050299
40pct,same_geometry_side_color_swap,L1,C1,left,2026_08_18_00_40_47_448240_L1_left_C1,2026_08_18_00_49_05_482404_L1_left_C1,red,blue,0.12662476181983948,-0.08858670890331269,0,1,-0.21521147072315217
40pct,same_geometry_side_color_swap,L1,C2,left,2026_08_18_00_41_27_880068_L1_left_C2,2026_08_18_00_49_36_378126_L1_left_C2,red,blue,0.09981893241405489,-0.03819287925958633,0,1,-0.1380118116736412
40pct,same_geometry_side_color_swap,L1,C0,right,2026_08_18_00_50_22_202653_L1_right_C0,2026_08_18_00_45_28_073578_L1_right_C0,red,blue,0.05932806342840196,-0.011275351941585547,0,1,-0.0706034153699875
40pct,same_geometry_side_color_swap,L1,C1,right,2026_08_18_00_50_52_802516_L1_right_C1,2026_08_18_00_45_56_961481_L1_right_C1,red,red,0.06705686300992966,0.032308453023433686,0,0,-0.034748409986495976
40pct,same_geometry_side_color_swap,L1,C2,right,2026_08_18_00_51_25_610649_L1_right_C2,2026_08_18_00_46_25_193744_L1_right_C2,red,red,0.07614466086030007,0.025252576470375057,0,0,-0.05089208438992501
40pct,same_geometry_side_color_swap,L3,C0,left,2026_08_18_00_57_54_988496_L3_left_C0,2026_08_18_00_54_32_747715_L3_left_C0,red,blue,0.2736810341477394,-0.052010190486907956,0,1,-0.3256912246346474
40pct,same_geometry_side_color_swap,L3,C1,left,2026_08_18_00_58_22_709133_L3_left_C1,2026_08_18_00_55_01_843645_L3_left_C1,red,blue,0.2304768396914005,-0.037582174390554425,0,1,-0.2680590140819549
40pct,same_geometry_side_color_swap,L3,C2,left,2026_08_18_00_59_48_029579_L3_left_C2,2026_08_18_00_55_32_860317_L3_left_C2,red,red,0.18315863735973836,0.00459367111325262,0,0,-0.17856496624648574
40pct,same_geometry_side_color_swap,L3,C0,right,2026_08_18_00_52_54_907596_L3_right_C0,2026_08_18_00_56_19_492037_L3_right_C0,red,red,0.09332526154816151,0.09521998316049576,0,0,0.0018947216123342547
40pct,same_geometry_side_color_swap,L3,C1,right,2026_08_18_00_53_23_339528_L3_right_C1,2026_08_18_00_56_48_148319_L3_right_C1,red,red,0.07094319015741349,0.015109817832708362,0,0,-0.05583337232470513
40pct,same_geometry_side_color_swap,L3,C2,right,2026_08_18_00_53_52_283658_L3_right_C2,2026_08_18_00_57_15_980084_L3_right_C2,red,red,0.058504600599408145,0.07498218592256307,0,0,0.01647758532315493
40pct,same_target_color_side_swap,L1,C0,blue,2026_08_18_00_40_18_199635_L1_left_C0,2026_08_18_00_50_22_202653_L1_right_C0,red,red,0.05323302149772645,0.05932806342840196,0,1,-0.006095041930675511
40pct,same_target_color_side_swap,L1,C1,blue,2026_08_18_00_40_47_448240_L1_left_C1,2026_08_18_00_50_52_802516_L1_right_C1,red,red,0.12662476181983948,0.06705686300992966,0,1,0.059567898809909814
40pct,same_target_color_side_swap,L1,C2,blue,2026_08_18_00_41_27_880068_L1_left_C2,2026_08_18_00_51_25_610649_L1_right_C2,red,red,0.09981893241405489,0.07614466086030007,0,1,0.023674271553754817
40pct,same_target_color_side_swap,L1,C0,red,2026_08_18_00_48_13_457980_L1_left_C0,2026_08_18_00_45_28_073578_L1_right_C0,red,blue,0.04492446303367615,-0.011275351941585547,0,0,-0.0561998149752617
40pct,same_target_color_side_swap,L1,C1,red,2026_08_18_00_49_05_482404_L1_left_C1,2026_08_18_00_45_56_961481_L1_right_C1,blue,red,-0.08858670890331269,0.032308453023433686,0,0,0.12089516192674638
40pct,same_target_color_side_swap,L1,C2,red,2026_08_18_00_49_36_378126_L1_left_C2,2026_08_18_00_46_25_193744_L1_right_C2,blue,red,-0.03819287925958633,0.025252576470375057,0,0,0.06344545572996138
40pct,same_target_color_side_swap,L3,C0,blue,2026_08_18_00_57_54_988496_L3_left_C0,2026_08_18_00_52_54_907596_L3_right_C0,red,red,0.2736810341477394,0.09332526154816151,0,1,0.1803557725995779
40pct,same_target_color_side_swap,L3,C1,blue,2026_08_18_00_58_22_709133_L3_left_C1,2026_08_18_00_53_23_339528_L3_right_C1,red,red,0.2304768396914005,0.07094319015741349,0,1,0.15953364953398702
40pct,same_target_color_side_swap,L3,C2,blue,2026_08_18_00_59_48_029579_L3_left_C2,2026_08_18_00_53_52_283658_L3_right_C2,red,red,0.18315863735973836,0.058504600599408145,0,1,0.12465403676033021
40pct,same_target_color_side_swap,L3,C0,red,2026_08_18_00_54_32_747715_L3_left_C0,2026_08_18_00_56_19_492037_L3_right_C0,blue,red,-0.052010190486907956,0.09521998316049576,0,0,0.1472301736474037
40pct,same_target_color_side_swap,L3,C1,red,2026_08_18_00_55_01_843645_L3_left_C1,2026_08_18_00_56_48_148319_L3_right_C1,blue,red,-0.037582174390554425,0.015109817832708362,0,0,0.05269199222326279
40pct,same_target_color_side_swap,L3,C2,red,2026_08_18_00_55_32_860317_L3_left_C2,2026_08_18_00_57_15_980084_L3_right_C2,red,red,0.00459367111325262,0.07498218592256307,1,1,0.07038851480931045
100pct,same_geometry_side_color_swap,L1,C0,left,2026_08_18_00_40_18_199635_L1_left_C0,2026_08_18_00_48_13_457980_L1_left_C0,blue,red,-0.004669418931007384,0.17632185816764834,1,1,0.18099127709865573
100pct,same_geometry_side_color_swap,L1,C1,left,2026_08_18_00_40_47_448240_L1_left_C1,2026_08_18_00_49_05_482404_L1_left_C1,red,blue,0.07086809575557709,-0.14714392125606537,0,1,-0.21801201701164247
100pct,same_geometry_side_color_swap,L1,C2,left,2026_08_18_00_41_27_880068_L1_left_C2,2026_08_18_00_49_36_378126_L1_left_C2,blue,red,-0.10901921242475508,0.039262416958808895,1,1,0.14828162938356398
100pct,same_geometry_side_color_swap,L1,C0,right,2026_08_18_00_50_22_202653_L1_right_C0,2026_08_18_00_45_28_073578_L1_right_C0,red,red,0.06916215270757675,0.07714910954236984,0,0,0.007986956834793085
100pct,same_geometry_side_color_swap,L1,C1,right,2026_08_18_00_50_52_802516_L1_right_C1,2026_08_18_00_45_56_961481_L1_right_C1,blue,red,-0.08459112644195556,0.24649782627820968,1,1,0.33108895272016525
100pct,same_geometry_side_color_swap,L1,C2,right,2026_08_18_00_51_25_610649_L1_right_C2,2026_08_18_00_46_25_193744_L1_right_C2,blue,red,-0.1482104793190956,0.12298564165830612,1,1,0.2711961209774017
100pct,same_geometry_side_color_swap,L3,C0,left,2026_08_18_00_57_54_988496_L3_left_C0,2026_08_18_00_54_32_747715_L3_left_C0,red,red,0.2454893745481968,0.10937795192003251,0,0,-0.13611142262816428
100pct,same_geometry_side_color_swap,L3,C1,left,2026_08_18_00_58_22_709133_L3_left_C1,2026_08_18_00_55_01_843645_L3_left_C1,red,red,0.17539623230695717,0.026322444528341295,0,0,-0.14907378777861588
100pct,same_geometry_side_color_swap,L3,C2,left,2026_08_18_00_59_48_029579_L3_left_C2,2026_08_18_00_55_32_860317_L3_left_C2,red,red,0.18080097287893293,0.06047393977642059,0,0,-0.12032703310251233
100pct,same_geometry_side_color_swap,L3,C0,right,2026_08_18_00_52_54_907596_L3_right_C0,2026_08_18_00_56_19_492037_L3_right_C0,red,red,0.08514540046453475,0.2764968641102314,0,0,0.19135146364569663
100pct,same_geometry_side_color_swap,L3,C1,right,2026_08_18_00_53_23_339528_L3_right_C1,2026_08_18_00_56_48_148319_L3_right_C1,blue,red,-0.11151437014341353,0.33072714954614635,1,1,0.4422415196895599
100pct,same_geometry_side_color_swap,L3,C2,right,2026_08_18_00_53_52_283658_L3_right_C2,2026_08_18_00_57_15_980084_L3_right_C2,blue,red,-0.1229839473962784,0.2963335245847702,1,1,0.4193174719810486
100pct,same_target_color_side_swap,L1,C0,blue,2026_08_18_00_40_18_199635_L1_left_C0,2026_08_18_00_50_22_202653_L1_right_C0,blue,red,-0.004669418931007384,0.06916215270757675,0,0,-0.07383157163858414
100pct,same_target_color_side_swap,L1,C1,blue,2026_08_18_00_40_47_448240_L1_left_C1,2026_08_18_00_50_52_802516_L1_right_C1,red,blue,0.07086809575557709,-0.08459112644195556,0,0,0.15545922219753266
100pct,same_target_color_side_swap,L1,C2,blue,2026_08_18_00_41_27_880068_L1_left_C2,2026_08_18_00_51_25_610649_L1_right_C2,blue,blue,-0.10901921242475508,-0.1482104793190956,1,1,0.03919126689434051
100pct,same_target_color_side_swap,L1,C0,red,2026_08_18_00_48_13_457980_L1_left_C0,2026_08_18_00_45_28_073578_L1_right_C0,red,red,0.17632185816764834,0.07714910954236984,1,1,-0.0991727486252785
100pct,same_target_color_side_swap,L1,C1,red,2026_08_18_00_49_05_482404_L1_left_C1,2026_08_18_00_45_56_961481_L1_right_C1,blue,red,-0.14714392125606537,0.24649782627820968,0,0,0.39364174753427505
100pct,same_target_color_side_swap,L1,C2,red,2026_08_18_00_49_36_378126_L1_left_C2,2026_08_18_00_46_25_193744_L1_right_C2,red,red,0.039262416958808895,0.12298564165830612,1,1,0.08372322469949722
100pct,same_target_color_side_swap,L3,C0,blue,2026_08_18_00_57_54_988496_L3_left_C0,2026_08_18_00_52_54_907596_L3_right_C0,red,red,0.2454893745481968,0.08514540046453475,0,1,0.16034397408366205
100pct,same_target_color_side_swap,L3,C1,blue,2026_08_18_00_58_22_709133_L3_left_C1,2026_08_18_00_53_23_339528_L3_right_C1,red,blue,0.17539623230695717,-0.11151437014341353,0,0,0.2869106024503707
100pct,same_target_color_side_swap,L3,C2,blue,2026_08_18_00_59_48_029579_L3_left_C2,2026_08_18_00_53_52_283658_L3_right_C2,red,blue,0.18080097287893293,-0.1229839473962784,0,0,0.3037849202752113
100pct,same_target_color_side_swap,L3,C0,red,2026_08_18_00_54_32_747715_L3_left_C0,2026_08_18_00_56_19_492037_L3_right_C0,red,red,0.10937795192003251,0.2764968641102314,1,1,0.16711891219019887
100pct,same_target_color_side_swap,L3,C1,red,2026_08_18_00_55_01_843645_L3_left_C1,2026_08_18_00_56_48_148319_L3_right_C1,red,red,0.026322444528341295,0.33072714954614635,1,1,0.30440470501780503
100pct,same_target_color_side_swap,L3,C2,red,2026_08_18_00_55_32_860317_L3_left_C2,2026_08_18_00_57_15_980084_L3_right_C2,red,red,0.06047393977642059,0.2963335245847702,1,1,0.2358595848083496
flat,same_geometry_side_color_swap,L1,C0,left,2026_08_18_00_40_18_199635_L1_left_C0,2026_08_18_00_48_13_457980_L1_left_C0,blue,red,-0.000583677366375923,0.022040232270956042,1,1,0.022623909637331966
flat,same_geometry_side_color_swap,L1,C1,left,2026_08_18_00_40_47_448240_L1_left_C1,2026_08_18_00_49_05_482404_L1_left_C1,red,blue,0.008858511969447137,-0.018392990157008172,0,1,-0.02725150212645531
flat,same_geometry_side_color_swap,L1,C2,left,2026_08_18_00_41_27_880068_L1_left_C2,2026_08_18_00_49_36_378126_L1_left_C2,blue,red,-0.010901921242475509,0.00392624169588089,1,1,0.014828162938356398
flat,same_geometry_side_color_swap,L1,C0,right,2026_08_18_00_50_22_202653_L1_right_C0,2026_08_18_00_45_28_073578_L1_right_C0,red,red,0.008645269088447094,0.00964363869279623,0,0,0.0009983696043491357
flat,same_geometry_side_color_swap,L1,C1,right,2026_08_18_00_50_52_802516_L1_right_C1,2026_08_18_00_45_56_961481_L1_right_C1,blue,red,-0.010573890805244445,0.03081222828477621,1,1,0.04138611909002066
flat,same_geometry_side_color_swap,L1,C2,right,2026_08_18_00_51_25_610649_L1_right_C2,2026_08_18_00_46_25_193744_L1_right_C2,blue,red,-0.014821047931909559,0.012298564165830613,1,1,0.02711961209774017
flat,same_geometry_side_color_swap,L3,C0,left,2026_08_18_00_57_54_988496_L3_left_C0,2026_08_18_00_54_32_747715_L3_left_C0,red,red,0.0306861718185246,0.013672243990004064,0,0,-0.017013927828520535
flat,same_geometry_side_color_swap,L3,C1,left,2026_08_18_00_58_22_709133_L3_left_C1,2026_08_18_00_55_01_843645_L3_left_C1,red,red,0.019488470256328574,0.0029247160587045884,0,0,-0.016563754197623987
flat,same_geometry_side_color_swap,L3,C2,left,2026_08_18_00_59_48_029579_L3_left_C2,2026_08_18_00_55_32_860317_L3_left_C2,red,red,0.018080097287893292,0.005497630888765508,0,0,-0.012582466399127783
flat,same_geometry_side_color_swap,L3,C0,right,2026_08_18_00_52_54_907596_L3_right_C0,2026_08_18_00_56_19_492037_L3_right_C0,red,red,0.010643175058066844,0.034562108013778924,0,0,0.02391893295571208
flat,same_geometry_side_color_swap,L3,C1,right,2026_08_18_00_53_23_339528_L3_right_C1,2026_08_18_00_56_48_148319_L3_right_C1,blue,red,-0.012390485571490393,0.036747461060682926,1,1,0.049137946632173315
flat,same_geometry_side_color_swap,L3,C2,right,2026_08_18_00_53_52_283658_L3_right_C2,2026_08_18_00_57_15_980084_L3_right_C2,blue,red,-0.012298394739627839,0.02963335245847702,1,1,0.04193174719810486
flat,same_target_color_side_swap,L1,C0,blue,2026_08_18_00_40_18_199635_L1_left_C0,2026_08_18_00_50_22_202653_L1_right_C0,blue,red,-0.000583677366375923,0.008645269088447094,0,0,-0.009228946454823018
flat,same_target_color_side_swap,L1,C1,blue,2026_08_18_00_40_47_448240_L1_left_C1,2026_08_18_00_50_52_802516_L1_right_C1,red,blue,0.008858511969447137,-0.010573890805244445,0,0,0.019432402774691583
flat,same_target_color_side_swap,L1,C2,blue,2026_08_18_00_41_27_880068_L1_left_C2,2026_08_18_00_51_25_610649_L1_right_C2,blue,blue,-0.010901921242475509,-0.014821047931909559,1,1,0.00391912668943405
flat,same_target_color_side_swap,L1,C0,red,2026_08_18_00_48_13_457980_L1_left_C0,2026_08_18_00_45_28_073578_L1_right_C0,red,red,0.022040232270956042,0.00964363869279623,1,1,-0.012396593578159813
flat,same_target_color_side_swap,L1,C1,red,2026_08_18_00_49_05_482404_L1_left_C1,2026_08_18_00_45_56_961481_L1_right_C1,blue,red,-0.018392990157008172,0.03081222828477621,0,0,0.04920521844178438
flat,same_target_color_side_swap,L1,C2,red,2026_08_18_00_49_36_378126_L1_left_C2,2026_08_18_00_46_25_193744_L1_right_C2,red,red,0.00392624169588089,0.012298564165830613,1,1,0.008372322469949723
flat,same_target_color_side_swap,L3,C0,blue,2026_08_18_00_57_54_988496_L3_left_C0,2026_08_18_00_52_54_907596_L3_right_C0,red,red,0.0306861718185246,0.010643175058066844,0,1,0.020042996760457756
flat,same_target_color_side_swap,L3,C1,blue,2026_08_18_00_58_22_709133_L3_left_C1,2026_08_18_00_53_23_339528_L3_right_C1,red,blue,0.019488470256328574,-0.012390485571490393,0,0,0.03187895582781897
flat,same_target_color_side_swap,L3,C2,blue,2026_08_18_00_59_48_029579_L3_left_C2,2026_08_18_00_53_52_283658_L3_right_C2,red,blue,0.018080097287893292,-0.012298394739627839,0,0,0.03037849202752113
flat,same_target_color_side_swap,L3,C0,red,2026_08_18_00_54_32_747715_L3_left_C0,2026_08_18_00_56_19_492037_L3_right_C0,red,red,0.013672243990004064,0.034562108013778924,1,1,0.020889864023774858
flat,same_target_color_side_swap,L3,C1,red,2026_08_18_00_55_01_843645_L3_left_C1,2026_08_18_00_56_48_148319_L3_right_C1,red,red,0.0029247160587045884,0.036747461060682926,1,1,0.033822745001978335
flat,same_target_color_side_swap,L3,C2,red,2026_08_18_00_55_32_860317_L3_left_C2,2026_08_18_00_57_15_980084_L3_right_C2,red,red,0.005497630888765508,0.02963335245847702,1,1,0.02413572156971151
linear,same_geometry_side_color_swap,L1,C0,left,2026_08_18_00_40_18_199635_L1_left_C0,2026_08_18_00_48_13_457980_L1_left_C0,red,red,0.008037190139293672,0.02100457756055726,0,0,0.012967387421263589
linear,same_geometry_side_color_swap,L1,C1,left,2026_08_18_00_40_47_448240_L1_left_C1,2026_08_18_00_49_05_482404_L1_left_C1,red,blue,0.0244566425267193,-0.025560482881135414,0,1,-0.05001712540785472
linear,same_geometry_side_color_swap,L1,C2,left,2026_08_18_00_41_27_880068_L1_left_C2,2026_08_18_00_49_36_378126_L1_left_C2,red,blue,0.0040565016594800085,-0.003238180713220076,0,1,-0.007294682372700085
linear,same_geometry_side_color_swap,L1,C0,right,2026_08_18_00_50_22_202653_L1_right_C0,2026_08_18_00_45_28_073578_L1_right_C0,red,blue,0.01613185790677865,-9.202369385295417e-05,0,1,-0.016223881600631606
linear,same_geometry_side_color_swap,L1,C1,right,2026_08_18_00_50_52_802516_L1_right_C1,2026_08_18_00_45_56_961481_L1_right_C1,red,red,0.002462343747417132,0.019469315641456177,0,0,0.017006971894039047
linear,same_geometry_side_color_swap,L1,C2,right,2026_08_18_00_51_25_610649_L1_right_C2,2026_08_18_00_46_25_193744_L1_right_C2,red,red,0.0029272541945630838,0.008027918989008124,0,0,0.0051006647944450405
linear,same_geometry_side_color_swap,L3,C0,left,2026_08_18_00_57_54_988496_L3_left_C0,2026_08_18_00_54_32_747715_L3_left_C0,red,red,0.05800114125013351,0.0023023390521605823,0,0,-0.05569880219797293
linear,same_geometry_side_color_swap,L3,C1,left,2026_08_18_00_58_22_709133_L3_left_C1,2026_08_18_00_55_01_843645_L3_left_C1,red,blue,0.043151127331786686,-0.007878558552927439,0,1,-0.05102968588471413
linear,same_geometry_side_color_swap,L3,C2,left,2026_08_18_00_59_48_029579_L3_left_C2,2026_08_18_00_55_32_860317_L3_left_C2,red,blue,0.03440785063938661,-0.0007455831224268137,0,1,-0.03515343376181342
linear,same_geometry_side_color_swap,L3,C0,right,2026_08_18_00_52_54_907596_L3_right_C0,2026_08_18_00_56_19_492037_L3_right_C0,red,red,0.023021808266639708,0.029351020666460195,0,0,0.0063292123998204865
linear,same_geometry_side_color_swap,L3,C1,right,2026_08_18_00_53_23_339528_L3_right_C1,2026_08_18_00_56_48_148319_L3_right_C1,red,red,0.000748792174789639,0.021661392218536805,0,0,0.020912600043747166
linear,same_geometry_side_color_swap,L3,C2,right,2026_08_18_00_53_52_283658_L3_right_C2,2026_08_18_00_57_15_980084_L3_right_C2,blue,red,-0.0008923564444888719,0.02264986544847488,1,1,0.023542221892963754
linear,same_target_color_side_swap,L1,C0,blue,2026_08_18_00_40_18_199635_L1_left_C0,2026_08_18_00_50_22_202653_L1_right_C0,red,red,0.008037190139293672,0.01613185790677865,0,1,-0.00809466776748498
linear,same_target_color_side_swap,L1,C1,blue,2026_08_18_00_40_47_448240_L1_left_C1,2026_08_18_00_50_52_802516_L1_right_C1,red,red,0.0244566425267193,0.002462343747417132,0,1,0.021994298779302167
linear,same_target_color_side_swap,L1,C2,blue,2026_08_18_00_41_27_880068_L1_left_C2,2026_08_18_00_51_25_610649_L1_right_C2,red,red,0.0040565016594800085,0.0029272541945630838,0,1,0.0011292474649169247
linear,same_target_color_side_swap,L1,C0,red,2026_08_18_00_48_13_457980_L1_left_C0,2026_08_18_00_45_28_073578_L1_right_C0,red,blue,0.02100457756055726,-9.202369385295417e-05,0,0,-0.021096601254410215
linear,same_target_color_side_swap,L1,C1,red,2026_08_18_00_49_05_482404_L1_left_C1,2026_08_18_00_45_56_961481_L1_right_C1,blue,red,-0.025560482881135414,0.019469315641456177,0,0,0.04502979852259159
linear,same_target_color_side_swap,L1,C2,red,2026_08_18_00_49_36_378126_L1_left_C2,2026_08_18_00_46_25_193744_L1_right_C2,blue,red,-0.003238180713220076,0.008027918989008124,0,0,0.0112660997022282
linear,same_target_color_side_swap,L3,C0,blue,2026_08_18_00_57_54_988496_L3_left_C0,2026_08_18_00_52_54_907596_L3_right_C0,red,red,0.05800114125013351,0.023021808266639708,0,1,0.0349793329834938
linear,same_target_color_side_swap,L3,C1,blue,2026_08_18_00_58_22_709133_L3_left_C1,2026_08_18_00_53_23_339528_L3_right_C1,red,red,0.043151127331786686,0.000748792174789639,0,1,0.04240233515699705
linear,same_target_color_side_swap,L3,C2,blue,2026_08_18_00_59_48_029579_L3_left_C2,2026_08_18_00_53_52_283658_L3_right_C2,red,blue,0.03440785063938661,-0.0008923564444888719,0,0,0.03530020708387548
linear,same_target_color_side_swap,L3,C0,red,2026_08_18_00_54_32_747715_L3_left_C0,2026_08_18_00_56_19_492037_L3_right_C0,red,red,0.0023023390521605823,0.029351020666460195,1,1,0.027048681614299613
linear,same_target_color_side_swap,L3,C1,red,2026_08_18_00_55_01_843645_L3_left_C1,2026_08_18_00_56_48_148319_L3_right_C1,blue,red,-0.007878558552927439,0.021661392218536805,0,0,0.029539950771464242
linear,same_target_color_side_swap,L3,C2,red,2026_08_18_00_55_32_860317_L3_left_C2,2026_08_18_00_57_15_980084_L3_right_C2,blue,red,-0.0007455831224268137,0.02264986544847488,0,0,0.023395448570901693
exponential,same_geometry_side_color_swap,L1,C0,left,2026_08_18_00_40_18_199635_L1_left_C0,2026_08_18_00_48_13_457980_L1_left_C0,red,red,0.011486562420213738,0.018289948717099262,0,0,0.006803386296885525
exponential,same_geometry_side_color_swap,L1,C1,left,2026_08_18_00_40_47_448240_L1_left_C1,2026_08_18_00_49_05_482404_L1_left_C1,red,blue,0.03029513233878368,-0.022818914332244193,0,1,-0.05311404667102787
exponential,same_geometry_side_color_swap,L1,C2,left,2026_08_18_00_41_27_880068_L1_left_C2,2026_08_18_00_49_36_378126_L1_left_C2,red,blue,0.010664892693765445,-0.0051890025933946414,0,1,-0.015853895287160087
exponential,same_geometry_side_color_swap,L1,C0,right,2026_08_18_00_50_22_202653_L1_right_C0,2026_08_18_00_45_28_073578_L1_right_C0,red,red,0.01143101031163835,0.00012787788769808074,0,0,-0.01130313242394027
exponential,same_geometry_side_color_swap,L1,C1,right,2026_08_18_00_50_52_802516_L1_right_C1,2026_08_18_00_45_56_961481_L1_right_C1,red,red,0.005211435588400089,0.018119000094432437,0,0,0.012907564506032348
exponential,same_geometry_side_color_swap,L1,C2,right,2026_08_18_00_51_25_610649_L1_right_C2,2026_08_18_00_46_25_193744_L1_right_C2,red,red,0.010706916650694035,0.010770818837059914,0,0,6.390218636587869e-05
exponential,same_geometry_side_color_swap,L3,C0,left,2026_08_18_00_57_54_988496_L3_left_C0,2026_08_18_00_54_32_747715_L3_left_C0,red,blue,0.07487389460380404,-0.003029067917533121,0,1,-0.07790296252133716
exponential,same_geometry_side_color_swap,L3,C1,left,2026_08_18_00_58_22_709133_L3_left_C1,2026_08_18_00_55_01_843645_L3_left_C1,red,blue,0.05258465268022996,-0.0045590938429056335,0,1,-0.05714374652313559
exponential,same_geometry_side_color_swap,L3,C2,left,2026_08_18_00_59_48_029579_L3_left_C2,2026_08_18_00_55_32_860317_L3_left_C2,red,blue,0.040277101674786445,-0.001362082562573189,0,1,-0.041639184237359635
exponential,same_geometry_side_color_swap,L3,C0,right,2026_08_18_00_52_54_907596_L3_right_C0,2026_08_18_00_56_19_492037_L3_right_C0,red,red,0.028505365088965104,0.02563136441874991,0,0,-0.002874000670215194
exponential,same_geometry_side_color_swap,L3,C1,right,2026_08_18_00_53_23_339528_L3_right_C1,2026_08_18_00_56_48_148319_L3_right_C1,red,red,0.009490255315607718,0.016266038912173944,0,0,0.006775783596566226
exponential,same_geometry_side_color_swap,L3,C2,right,2026_08_18_00_53_52_283658_L3_right_C2,2026_08_18_00_57_15_980084_L3_right_C2,red,red,0.005977057112804564,0.022285033234044547,0,0,0.01630797612123998
exponential,same_target_color_side_swap,L1,C0,blue,2026_08_18_00_40_18_199635_L1_left_C0,2026_08_18_00_50_22_202653_L1_right_C0,red,red,0.011486562420213738,0.01143101031163835,0,1,5.555210857538691e-05
exponential,same_target_color_side_swap,L1,C1,blue,2026_08_18_00_40_47_448240_L1_left_C1,2026_08_18_00_50_52_802516_L1_right_C1,red,red,0.03029513233878368,0.005211435588400089,0,1,0.02508369675038359
exponential,same_target_color_side_swap,L1,C2,blue,2026_08_18_00_41_27_880068_L1_left_C2,2026_08_18_00_51_25_610649_L1_right_C2,red,red,0.010664892693765445,0.010706916650694035,0,1,-4.2023956928590595e-05
exponential,same_target_color_side_swap,L1,C0,red,2026_08_18_00_48_13_457980_L1_left_C0,2026_08_18_00_45_28_073578_L1_right_C0,red,red,0.018289948717099262,0.00012787788769808074,1,1,-0.018162070829401182
exponential,same_target_color_side_swap,L1,C1,red,2026_08_18_00_49_05_482404_L1_left_C1,2026_08_18_00_45_56_961481_L1_right_C1,blue,red,-0.022818914332244193,0.018119000094432437,0,0,0.04093791442667663
exponential,same_target_color_side_swap,L1,C2,red,2026_08_18_00_49_36_378126_L1_left_C2,2026_08_18_00_46_25_193744_L1_right_C2,blue,red,-0.0051890025933946414,0.010770818837059914,0,0,0.015959821430454556
exponential,same_target_color_side_swap,L3,C0,blue,2026_08_18_00_57_54_988496_L3_left_C0,2026_08_18_00_52_54_907596_L3_right_C0,red,red,0.07487389460380404,0.028505365088965104,0,1,0.04636852951483894
exponential,same_target_color_side_swap,L3,C1,blue,2026_08_18_00_58_22_709133_L3_left_C1,2026_08_18_00_53_23_339528_L3_right_C1,red,red,0.05258465268022996,0.009490255315607718,0,1,0.04309439736462224
exponential,same_target_color_side_swap,L3,C2,blue,2026_08_18_00_59_48_029579_L3_left_C2,2026_08_18_00_53_52_283658_L3_right_C2,red,red,0.040277101674786445,0.005977057112804564,0,1,0.03430004456198188
exponential,same_target_color_side_swap,L3,C0,red,2026_08_18_00_54_32_747715_L3_left_C0,2026_08_18_00_56_19_492037_L3_right_C0,blue,red,-0.003029067917533121,0.02563136441874991,0,0,0.028660432336283032
exponential,same_target_color_side_swap,L3,C1,red,2026_08_18_00_55_01_843645_L3_left_C1,2026_08_18_00_56_48_148319_L3_right_C1,blue,red,-0.0045590938429056335,0.016266038912173944,0,0,0.02082513275507958
exponential,same_target_color_side_swap,L3,C2,red,2026_08_18_00_55_32_860317_L3_left_C2,2026_08_18_00_57_15_980084_L3_right_C2,blue,red,-0.001362082562573189,0.022285033234044547,0,0,0.023647115796617737
