episode_id,layout_id,condition,target_color,target_side,blue_block_side,red_block_side,color_10pct_score,color_10pct_prediction,color_10pct_implied_side,color_10pct_correct,color_10pct_seed_correct_rate,side_10pct_score,side_10pct_prediction,side_10pct_correct,side_10pct_seed_correct_rate,color_20pct_score,color_20pct_prediction,color_20pct_implied_side,color_20pct_correct,color_20pct_seed_correct_rate,side_20pct_score,side_20pct_prediction,side_20pct_correct,side_20pct_seed_correct_rate,color_30pct_score,color_30pct_prediction,color_30pct_implied_side,color_30pct_correct,color_30pct_seed_correct_rate,side_30pct_score,side_30pct_prediction,side_30pct_correct,side_30pct_seed_correct_rate,color_40pct_score,color_40pct_prediction,color_40pct_implied_side,color_40pct_correct,color_40pct_seed_correct_rate,side_40pct_score,side_40pct_prediction,side_40pct_correct,side_40pct_seed_correct_rate,color_100pct_score,color_100pct_prediction,color_100pct_implied_side,color_100pct_correct,color_100pct_seed_correct_rate,side_100pct_score,side_100pct_prediction,side_100pct_correct,side_100pct_seed_correct_rate,color_flat_score,color_flat_prediction,color_flat_implied_side,color_flat_correct,color_flat_seed_correct_rate,side_flat_score,side_flat_prediction,side_flat_correct,side_flat_seed_correct_rate,color_linear_score,color_linear_prediction,color_linear_implied_side,color_linear_correct,color_linear_seed_correct_rate,side_linear_score,side_linear_prediction,side_linear_correct,side_linear_seed_correct_rate,color_exponential_score,color_exponential_prediction,color_exponential_implied_side,color_exponential_correct,color_exponential_seed_correct_rate,side_exponential_score,side_exponential_prediction,side_exponential_correct,side_exponential_seed_correct_rate
2026_08_18_00_40_18_199635_L1_left_C0,L1,C0,blue,left,left,right,0.011892627701163293,red,R,0,0.0,-0.0035302220657467843,L,1,0.6,0.025394118130207068,red,R,0,0.0,-0.02559907756745816,L,1,0.7,0.03965898975729942,red,R,0,0.0,-0.06680342387408017,L,1,1.0,0.05323302149772645,red,R,0,0.0,-0.13254193738102915,L,1,1.0,-0.004669418931007384,blue,L,1,0.5,-0.25755567774176596,L,1,1.0,-0.000583677366375923,blue,L,1,0.5,-0.032194459717720746,L,1,1.0,0.008037190139293672,red,R,0,0.1,-0.04013207064320643,L,1,1.0,0.011486562420213738,red,R,0,0.0,-0.03750884594709192,L,1,1.0
2026_08_18_00_40_47_448240_L1_left_C1,L1,C1,blue,left,left,right,0.03729439973831177,red,R,0,0.0,-0.035210366249084475,L,1,1.0,0.06734633535146714,red,R,0,0.0,-0.08088519394397736,L,1,1.0,0.0970289060473442,red,R,0,0.0,-0.1186099100112915,L,1,1.0,0.12662476181983948,red,R,0,0.0,-0.13805630683898926,L,1,1.0,0.07086809575557709,red,R,0,0.0,-0.13894421756267547,L,1,1.0,0.008858511969447137,red,R,0,0.0,-0.017368027195334434,L,1,1.0,0.0244566425267193,red,R,0,0.0,-0.027405313567982776,L,1,1.0,0.03029513233878368,red,R,0,0.0,-0.03358731420739049,L,1,1.0
2026_08_18_00_41_27_880068_L1_left_C2,L1,C2,blue,left,left,right,0.015230911374092103,red,R,0,0.0,-0.035582328736782076,L,1,1.0,0.052684404700994496,red,R,0,0.0,-0.0940979239344597,L,1,1.0,0.08211866229772567,red,R,0,0.0,-0.13063352901488542,L,1,1.0,0.09981893241405489,red,R,0,0.0,-0.12274928793311118,L,1,1.0,-0.10901921242475508,blue,L,1,1.0,-0.011029730737209318,L,1,0.5,-0.010901921242475509,blue,L,1,1.0,-0.0011029730737209319,L,1,0.5,0.0040565016594800085,red,R,0,0.1,-0.009047772125764329,L,1,1.0,0.010664892693765445,red,R,0,0.0,-0.018081731330699128,L,1,1.0
2026_08_18_00_45_28_073578_L1_right_C0,L1,C0,red,right,left,right,0.006276807524263859,red,R,1,0.8,-0.01674908854067326,L,0,0.0,0.00874323472380638,red,R,1,0.8,-0.04204729117453099,L,0,0.0,0.004934980422258378,red,R,1,0.7,-0.07141407741233707,L,0,0.0,-0.011275351941585547,blue,L,0,0.2,-0.09714811362326146,L,0,0.0,0.07714910954236984,red,R,1,1.0,-0.11660549640655518,L,0,0.0,0.00964363869279623,red,R,1,1.0,-0.014575687050819398,L,0,0.0,-9.202369385295417e-05,blue,L,0,0.5,-0.020093260622686807,L,0,0.0,0.00012787788769808074,red,R,1,0.5,-0.023345357554027234,L,0,0.0
2026_08_18_00_45_56_961481_L1_right_C1,L1,C1,red,right,left,right,0.01584737777709961,red,R,1,0.8,0.008667736053466797,R,1,0.6,0.03487093448638916,red,R,1,1.0,-0.0212580680847168,L,0,0.3,0.039887041449546815,red,R,1,1.0,-0.05825803279876708,L,0,0.1,0.032308453023433686,red,R,1,1.0,-0.07790539652109145,L,0,0.0,0.24649782627820968,red,R,1,1.0,-0.12651907950639724,L,0,0.0,0.03081222828477621,red,R,1,1.0,-0.015814884938299655,L,0,0.0,0.019469315641456177,red,R,1,1.0,-0.016821437494622334,L,0,0.0,0.018119000094432437,red,R,1,1.0,-0.015639582198370878,L,0,0.2
2026_08_18_00_46_25_193744_L1_right_C2,L1,C2,red,right,left,right,0.03322617396712303,red,R,1,0.8,0.00995220310986042,R,1,0.6,0.045795835852622986,red,R,1,1.0,0.002930339649319647,R,1,0.5,0.034997297637164596,red,R,1,0.8,-0.04359186638146637,L,0,0.2,0.025252576470375057,red,R,1,0.8,-0.060852957069873814,L,0,0.1,0.12298564165830612,red,R,1,1.0,-0.15943441689014434,L,0,0.0,0.012298564165830613,red,R,1,1.0,-0.015943441689014435,L,0,0.0,0.008027918989008124,red,R,1,0.9,-0.015757990073073994,L,0,0.0,0.010770818837059914,red,R,1,0.9,-0.012774264389524713,L,0,0.1
2026_08_18_00_48_13_457980_L1_left_C0,L1,C0,red,left,right,left,-0.0024435301125049595,blue,R,0,0.6,-0.05989019569009543,L,1,1.0,0.01874994494020939,red,L,1,0.8,-0.12437491819262506,L,1,1.0,0.04561840273439884,red,L,1,0.8,-0.1885506163164973,L,1,1.0,0.04492446303367615,red,L,1,0.8,-0.2429306863248348,L,1,1.0,0.17632185816764834,red,L,1,1.0,-0.31708127632737154,L,1,1.0,0.022040232270956042,red,L,1,1.0,-0.03963515954092144,L,1,1.0,0.02100457756055726,red,L,1,1.0,-0.05699959345575836,L,1,1.0,0.018289948717099262,red,L,1,1.0,-0.06605674672676652,L,1,1.0
2026_08_18_00_49_05_482404_L1_left_C1,L1,C1,red,left,right,left,-0.01182523250579834,blue,R,0,0.2,-0.04876137971878052,L,1,1.0,-0.012081981301307679,blue,R,0,0.3,-0.12233700513839724,L,1,1.0,-0.03736474990844726,blue,R,0,0.1,-0.17713469445705413,L,1,1.0,-0.08858670890331269,blue,R,0,0.0,-0.2010676884651184,L,1,1.0,-0.14714392125606537,blue,R,0,0.0,-0.21278927028179165,L,1,1.0,-0.018392990157008172,blue,R,0,0.0,-0.026598658785223956,L,1,1.0,-0.025560482881135414,blue,R,0,0.0,-0.042057048446602296,L,1,1.0,-0.022818914332244193,blue,R,0,0.1,-0.05073438024668361,L,1,1.0
2026_08_18_00_49_36_378126_L1_left_C2,L1,C2,red,left,right,left,0.0002299795299768448,red,L,1,0.5,-0.07029699303209783,L,1,1.0,-0.022079293504357344,blue,R,0,0.2,-0.15007701799273493,L,1,1.0,-0.05002286504954099,blue,R,0,0.0,-0.21094686053693293,L,1,1.0,-0.03819287925958633,blue,R,0,0.1,-0.22784163132309915,L,1,1.0,0.039262416958808895,red,L,1,0.9,-0.18605044931173326,L,1,1.0,0.00392624169588089,red,L,1,0.9,-0.018605044931173327,L,1,1.0,-0.003238180713220076,blue,R,0,0.1,-0.03314652659676292,L,1,1.0,-0.0051890025933946414,blue,R,0,0.1,-0.04417930774729493,L,1,1.0
2026_08_18_00_50_22_202653_L1_right_C0,L1,C0,blue,right,right,left,-0.026039567142724998,blue,R,1,1.0,0.02741661187261343,R,1,0.9,-0.023939331173896787,blue,R,1,1.0,0.01564994871616363,R,1,0.7,0.004044029191136353,red,L,0,0.4,-0.023208055086433886,L,0,0.5,0.05932806342840196,red,L,0,0.0,-0.07195350602269174,L,0,0.1,0.06916215270757675,red,L,0,0.0,-0.12077378332614896,L,0,0.0,0.008645269088447094,red,L,0,0.0,-0.01509672291576862,L,0,0.0,0.01613185790677865,red,L,0,0.0,-0.015275884957777128,L,0,0.1,0.01143101031163835,red,L,0,0.0,-0.0113308318322678,L,0,0.3
2026_08_18_00_50_52_802516_L1_right_C1,L1,C1,blue,right,right,left,-0.01445608377456665,blue,R,1,0.9,0.007556447982788087,R,1,0.6,0.01207339972257615,red,L,0,0.3,-0.014161241054534916,L,0,0.3,0.04406115382909775,red,L,0,0.0,-0.04992694497108459,L,0,0.0,0.06705686300992966,red,L,0,0.0,-0.08729459434747697,L,0,0.0,-0.08459112644195556,blue,R,1,1.0,-0.19374337345361706,L,0,0.0,-0.010573890805244445,blue,R,1,1.0,-0.024217921681702132,L,0,0.0,0.002462343747417132,red,L,0,0.3,-0.02576547074649069,L,0,0.0,0.005211435588400089,red,L,0,0.3,-0.021803851613833688,L,0,0.0
2026_08_18_00_51_25_610649_L1_right_C2,L1,C2,blue,right,right,left,0.04205635987222195,red,L,0,0.0,-0.025818787179887295,L,0,0.0,0.04643656127154827,red,L,0,0.0,-0.05903280332684518,L,0,0.0,0.06538650993257761,red,L,0,0.0,-0.12071756191551683,L,0,0.0,0.07614466086030007,red,L,0,0.0,-0.16583433032035827,L,0,0.0,-0.1482104793190956,blue,R,1,1.0,-0.34052675962448115,L,0,0.0,-0.014821047931909559,blue,R,1,1.0,-0.03405267596244811,L,0,0.0,0.0029272541945630838,red,L,0,0.3,-0.03763936833901839,L,0,0.0,0.010706916650694035,red,L,0,0.0,-0.03676912146311706,L,0,0.0
2026_08_18_00_52_54_907596_L3_right_C0,L3,C0,blue,right,right,left,0.04206297190859914,red,L,0,0.0,-0.015305753909051418,L,0,0.0,0.06543015046045184,red,L,0,0.0,-0.05055205041542649,L,0,0.0,0.07956356758251786,red,L,0,0.0,-0.09672708693891763,L,0,0.0,0.09332526154816151,red,L,0,0.0,-0.144824310336262,L,0,0.0,0.08514540046453475,red,L,0,0.0,-0.22989578247070314,L,0,0.0,0.010643175058066844,red,L,0,0.0,-0.028736972808837892,L,0,0.0,0.023021808266639708,red,L,0,0.0,-0.03517117543766897,L,0,0.0,0.028505365088965104,red,L,0,0.0,-0.03615293560949649,L,0,0.0
2026_08_18_00_53_23_339528_L3_right_C1,L3,C1,blue,right,right,left,0.027478794604539877,red,L,0,0.1,0.03170829612761736,R,1,1.0,0.05386888906359673,red,L,0,0.0,0.019640080109238626,R,1,0.6,0.07023256542161108,red,L,0,0.0,-0.007256686240434639,L,0,0.4,0.07094319015741349,red,L,0,0.0,-0.03978883907198906,L,0,0.2,-0.11151437014341353,blue,R,1,1.0,-0.15109300166368486,L,0,0.0,-0.012390485571490393,blue,R,1,1.0,-0.016788111295964983,L,0,0.0,0.000748792174789639,red,L,0,0.5,-0.015967391398217942,L,0,0.0,0.009490255315607718,red,L,0,0.1,-0.009695721108200418,L,0,0.2
2026_08_18_00_53_52_283658_L3_right_C2,L3,C2,blue,right,right,left,0.014290658617392184,red,L,0,0.2,0.021077760234475135,R,1,0.8,0.05856288831681013,red,L,0,0.0,-0.010918695665895938,L,0,0.6,0.06981399775482713,red,L,0,0.0,-0.04245928408578038,L,0,0.1,0.058504600599408145,red,L,0,0.0,-0.058144981935620316,L,0,0.1,-0.1229839473962784,blue,R,1,1.0,-0.1803348138928413,L,0,0.0,-0.012298394739627839,blue,R,1,1.0,-0.01803348138928413,L,0,0.0,-0.0008923564444888719,blue,R,1,0.6,-0.01720318000424992,L,0,0.0,0.005977057112804564,red,L,0,0.2,-0.013321088128371308,L,0,0.1
2026_08_18_00_54_32_747715_L3_left_C0,L3,C0,red,left,right,left,-0.0074344977736473085,blue,R,0,0.4,-0.062047925591468815,L,1,1.0,-0.01789424642920494,blue,R,0,0.3,-0.12610550820827485,L,1,1.0,-0.03240941949188709,blue,R,0,0.1,-0.188169239833951,L,1,1.0,-0.052010190486907956,blue,R,0,0.1,-0.24423561245203018,L,1,1.0,0.10937795192003251,red,L,1,1.0,-0.384354905039072,L,1,1.0,0.013672243990004064,red,L,1,1.0,-0.048044363129884,L,1,1.0,0.0023023390521605823,red,L,1,0.5,-0.06382946347196898,L,1,1.0,-0.003029067917533121,blue,R,0,0.4,-0.06995889426831213,L,1,1.0
2026_08_18_00_55_01_843645_L3_left_C1,L3,C1,red,left,right,left,0.028061447963118553,red,L,1,1.0,-0.03813059650361539,L,1,0.9,0.01916900135576725,red,L,1,0.8,-0.08695399604737758,L,1,1.0,-0.004973468631505957,blue,R,0,0.5,-0.12508443418890236,L,1,1.0,-0.037582174390554425,blue,R,0,0.1,-0.14435139521956442,L,1,1.0,0.026322444528341295,red,L,1,0.6,-0.12557417601346968,L,1,1.0,0.0029247160587045884,red,L,1,0.6,-0.013952686223718853,L,1,1.0,-0.007878558552927439,blue,R,0,0.2,-0.024826898872852325,L,1,1.0,-0.0045590938429056335,blue,R,0,0.3,-0.03195556564734337,L,1,1.0
2026_08_18_00_55_32_860317_L3_left_C2,L3,C2,red,left,right,left,0.00544559680856764,red,L,1,0.5,-0.04408965827897191,L,1,0.8,-0.02774739423766732,blue,R,0,0.2,-0.112970176897943,L,1,1.0,-0.0008486277889460415,blue,R,0,0.4,-0.15463234120979902,L,1,1.0,0.00459367111325262,red,L,1,0.5,-0.1534186193719506,L,1,1.0,0.06047393977642059,red,L,1,1.0,-0.11928594708442686,L,1,1.0,0.005497630888765508,red,L,1,1.0,-0.01084417700767517,L,1,1.0,-0.0007455831224268137,blue,R,0,0.5,-0.019258010590618307,L,1,1.0,-0.001362082562573189,blue,R,0,0.3,-0.02662738140178683,L,1,1.0
2026_08_18_00_56_19_492037_L3_right_C0,L3,C0,red,right,left,right,-0.003209838643670082,blue,L,0,0.5,-0.0005222283303737641,L,0,0.5,0.013597232848405843,red,R,1,0.8,-0.022090826183557514,L,0,0.1,0.04741068370640278,red,R,1,0.9,-0.04494538381695748,L,0,0.1,0.09521998316049576,red,R,1,1.0,-0.04932549148797989,L,0,0.2,0.2764968641102314,red,R,1,1.0,-0.03865815773606301,L,0,0.2,0.034562108013778924,red,R,1,1.0,-0.004832269717007876,L,0,0.2,0.029351020666460195,red,R,1,1.0,-0.008291047252714635,L,0,0.2,0.02563136441874991,red,R,1,1.0,-0.00994930082982825,L,0,0.1
2026_08_18_00_56_48_148319_L3_right_C1,L3,C1,red,right,left,right,0.008411174118518829,red,R,1,0.7,0.01711127154529095,R,1,0.8,0.009344962984323501,red,R,1,0.5,0.00885227754712105,R,1,0.6,0.007043352611362934,red,R,1,0.5,-0.00713110074400901,L,0,0.4,0.015109817832708362,red,R,1,0.7,-0.03590730845928192,L,0,0.2,0.33072714954614635,red,R,1,1.0,-0.14823141768574713,L,0,0.0,0.036747461060682926,red,R,1,1.0,-0.01647015752063857,L,0,0.0,0.021661392218536805,red,R,1,1.0,-0.015992356505658896,L,0,0.0,0.016266038912173944,red,R,1,1.0,-0.011161283584622657,L,0,0.1
2026_08_18_00_57_15_980084_L3_right_C2,L3,C2,red,right,left,right,0.045031651351600886,red,R,1,1.0,-0.060093780141323806,L,0,0.0,0.026792921293526888,red,R,1,0.7,-0.06165864083915949,L,0,0.0,0.03971972550265491,red,R,1,0.8,-0.08039351086132228,L,0,0.0,0.07498218592256307,red,R,1,1.0,-0.10713952302932739,L,0,0.0,0.2963335245847702,red,R,1,1.0,-0.20666650384664534,L,0,0.0,0.02963335245847702,red,R,1,1.0,-0.020666650384664535,L,0,0.0,0.02264986544847488,red,R,1,1.0,-0.02460114294832403,L,0,0.0,0.022285033234044547,red,R,1,1.0,-0.02754280204555109,L,0,0.0
2026_08_18_00_57_54_988496_L3_left_C0,L3,C0,blue,left,left,right,0.10236824937164785,red,R,0,0.0,-0.0937844976782799,L,1,1.0,0.18159792870283128,red,R,0,0.0,-0.17712055034935476,L,1,1.0,0.2384489022195339,red,R,0,0.0,-0.24368893150240184,L,1,1.0,0.2736810341477394,red,R,0,0.0,-0.28717041462659837,L,1,1.0,0.2454893745481968,red,R,0,0.0,-0.4260872222483158,L,1,1.0,0.0306861718185246,red,R,0,0.0,-0.053260902781039475,L,1,1.0,0.05800114125013351,red,R,0,0.0,-0.07471886773904164,L,1,1.0,0.07487389460380404,red,R,0,0.0,-0.08620611029522944,L,1,1.0
2026_08_18_00_58_22_709133_L3_left_C1,L3,C1,blue,left,left,right,0.06588305823504924,red,R,0,0.0,-0.05419772565364838,L,1,1.0,0.11424310900270938,red,R,0,0.0,-0.12394631996750831,L,1,1.0,0.17125434815883633,red,R,0,0.0,-0.17509493228048084,L,1,1.0,0.2304768396914005,red,R,0,0.0,-0.1968080024421215,L,1,1.0,0.17539623230695717,red,R,0,0.0,-0.14803015068173409,L,1,1.0,0.019488470256328574,red,R,0,0.0,-0.016447794520192675,L,1,1.0,0.043151127331786686,red,R,0,0.0,-0.031962830043501325,L,1,1.0,0.05258465268022996,red,R,0,0.0,-0.042786510954284686,L,1,1.0
2026_08_18_00_59_48_029579_L3_left_C2,L3,C2,blue,left,left,right,0.04768594907596707,red,R,0,0.0,-0.034448433034121984,L,1,1.0,0.11960461955517532,red,R,0,0.0,-0.11950667103752494,L,1,1.0,0.17329385339282455,red,R,0,0.0,-0.18883346590213473,L,1,1.0,0.18315863735973836,red,R,0,0.0,-0.21034378863871098,L,1,1.0,0.18080097287893293,red,R,0,0.0,-0.15017307847738265,L,1,1.0,0.018080097287893292,red,R,0,0.0,-0.015017307847738266,L,1,1.0,0.03440785063938661,red,R,0,0.0,-0.026330547874624077,L,1,1.0,0.040277101674786445,red,R,0,0.0,-0.03452364287904057,L,1,1.0
