decision,grouping,level,num_trajectories,accuracy,camera_frame_accuracy,seed_pooled_accuracy,predicted_left_rate,mean_score_left_minus_right
10pct,overall,all,24,0.7916666666666666,0.20833333333333334,0.7125,0.7083333333333334,-0.02395706805866212
10pct,target_color,blue,12,0.8333333333333334,0.16666666666666666,0.7416666666666666,0.6666666666666666,-0.017509916524092357
10pct,target_color,red,12,0.75,0.25,0.6833333333333332,0.75,-0.03040421959323188
10pct,target_side,left,12,1.0,0.0,0.9416666666666668,1.0,-0.04833086018605779
10pct,target_side,right,12,0.5833333333333334,0.4166666666666667,0.48333333333333334,0.4166666666666667,0.00041672406873355324
10pct,layout,L1,12,0.8333333333333334,0.16666666666666666,0.6916666666666668,0.6666666666666666,-0.02018719684953491
10pct,layout,L3,12,0.75,0.25,0.7333333333333334,0.75,-0.027726939267789324
10pct,blue_side,left,12,0.75,0.25,0.6749999999999999,0.75,-0.024865621643451352
10pct,blue_side,right,12,0.8333333333333334,0.16666666666666666,0.75,0.6666666666666666,-0.02304851447387288
10pct,condition,C0,8,0.625,0.375,0.625,0.875,-0.02805166249163449
10pct,condition,C1,8,1.0,0.0,0.8625,0.5,-0.013907039551995695
10pct,condition,C2,8,0.75,0.25,0.65,0.75,-0.029912502132356168
10pct,target_color_x_side,blue/left,6,1.0,0.0,0.9333333333333332,1.0,-0.042792262236277266
10pct,target_color_x_side,blue/right,6,0.6666666666666666,0.3333333333333333,0.5499999999999999,0.3333333333333333,0.007772429188092549
10pct,target_color_x_side,red/left,6,1.0,0.0,0.9500000000000001,1.0,-0.05386945813583832
10pct,target_color_x_side,red/right,6,0.5,0.5,0.4166666666666667,0.5,-0.0069389810506254425
10pct,layout_x_side,L1/left,6,1.0,0.0,0.9333333333333332,1.0,-0.042211914248764526
10pct,layout_x_side,L1/right,6,0.6666666666666666,0.3333333333333333,0.45,0.3333333333333333,0.0018375205496946971
10pct,layout_x_side,L3/left,6,1.0,0.0,0.9500000000000001,1.0,-0.05444980612335106
10pct,layout_x_side,L3/right,6,0.5,0.5,0.5166666666666666,0.5,-0.0010040724122275906
10pct,condition_x_side,C0/left,4,1.0,0.0,0.9,1.0,-0.05481321025639773
10pct,condition_x_side,C0/right,4,0.25,0.75,0.35,0.75,-0.0012901147268712526
10pct,condition_x_side,C1/left,4,1.0,0.0,0.975,1.0,-0.04407501703128219
10pct,condition_x_side,C1/right,4,1.0,0.0,0.75,0.0,0.016260937927290796
10pct,condition_x_side,C2/left,4,1.0,0.0,0.95,1.0,-0.04610435327049345
10pct,condition_x_side,C2/right,4,0.5,0.5,0.35,0.5,-0.013720650994218887
10pct,condition_x_target_color,C0/blue,4,0.75,0.25,0.625,0.75,-0.021300965445116168
10pct,condition_x_target_color,C0/red,4,0.5,0.5,0.625,1.0,-0.03480235953815282
10pct,condition_x_target_color,C1/blue,4,1.0,0.0,0.9,0.5,-0.012535836948081852
10pct,condition_x_target_color,C1/red,4,1.0,0.0,0.825,0.5,-0.015278242155909543
10pct,condition_x_target_color,C2/blue,4,0.75,0.25,0.7,0.75,-0.018692947179079055
10pct,condition_x_target_color,C2/red,4,0.75,0.25,0.6000000000000001,0.75,-0.04113205708563328
20pct,overall,all,24,0.6666666666666666,0.3333333333333333,0.6416666666666667,0.8333333333333334,-0.06577588875001918
20pct,target_color,blue,12,0.6666666666666666,0.3333333333333333,0.6583333333333333,0.8333333333333334,-0.060044208203131964
20pct,target_color,red,12,0.6666666666666666,0.3333333333333333,0.6249999999999999,0.8333333333333334,-0.0715075692969064
20pct,target_side,left,12,1.0,0.0,0.975,1.0,-0.11199786327313634
20pct,target_side,right,12,0.3333333333333333,0.6666666666666666,0.30833333333333335,0.6666666666666666,-0.01955391422690203
20pct,layout,L1,12,0.6666666666666666,0.3333333333333333,0.625,0.8333333333333334,-0.05960752100373307
20pct,layout,L3,12,0.6666666666666666,0.3333333333333333,0.6583333333333333,0.8333333333333334,-0.07194425649630526
20pct,blue_side,left,12,0.6666666666666666,0.3333333333333333,0.6,0.8333333333333334,-0.0630356621571506
20pct,blue_side,right,12,0.6666666666666666,0.3333333333333333,0.6833333333333332,0.8333333333333334,-0.06851611534288775
20pct,condition,C0,8,0.625,0.375,0.5625,0.875,-0.06903003417188303
20pct,condition,C1,8,0.75,0.25,0.7250000000000001,0.75,-0.052631183322519065
20pct,condition,C2,8,0.625,0.375,0.6375,0.875,-0.07566644875565545
20pct,target_color_x_side,blue/left,6,1.0,0.0,0.9500000000000001,1.0,-0.10352595613338052
20pct,target_color_x_side,blue/right,6,0.3333333333333333,0.6666666666666666,0.3666666666666667,0.6666666666666666,-0.01656246027288338
20pct,target_color_x_side,red/left,6,1.0,0.0,1.0,1.0,-0.12046977041289209
20pct,target_color_x_side,red/right,6,0.3333333333333333,0.6666666666666666,0.25,0.6666666666666666,-0.022545368180920688
20pct,layout_x_side,L1/left,6,1.0,0.0,0.9500000000000001,1.0,-0.09956185612827541
20pct,layout_x_side,L1/right,6,0.3333333333333333,0.6666666666666666,0.3,0.6666666666666666,-0.01965318587919077
20pct,layout_x_side,L3/left,6,1.0,0.0,1.0,1.0,-0.12443387041799721
20pct,layout_x_side,L3/right,6,0.3333333333333333,0.6666666666666666,0.31666666666666665,0.6666666666666666,-0.019454642574613292
20pct,condition_x_side,C0/left,4,1.0,0.0,0.925,1.0,-0.1133000135794282
20pct,condition_x_side,C0/right,4,0.25,0.75,0.19999999999999998,0.75,-0.02476005476433784
20pct,condition_x_side,C1/left,4,1.0,0.0,1.0,1.0,-0.10353062877431513
20pct,condition_x_side,C1/right,4,0.5,0.5,0.44999999999999996,0.5,-0.0017317378707230103
20pct,condition_x_side,C2/left,4,1.0,0.0,1.0,1.0,-0.11916294746566565
20pct,condition_x_side,C2/right,4,0.25,0.75,0.275,0.75,-0.03216995004564524
20pct,condition_x_target_color,C0/blue,4,0.75,0.25,0.6,0.75,-0.059405432404018944
20pct,condition_x_target_color,C0/red,4,0.5,0.5,0.525,1.0,-0.0786546359397471
20pct,condition_x_target_color,C1/blue,4,0.75,0.25,0.725,0.75,-0.0498381687141955
20pct,condition_x_target_color,C1/red,4,0.75,0.25,0.725,0.75,-0.05542419793084264
20pct,condition_x_target_color,C2/blue,4,0.5,0.5,0.65,1.0,-0.07088902349118144
20pct,condition_x_target_color,C2/red,4,0.75,0.25,0.625,0.75,-0.08044387402012945
30pct,overall,all,24,0.5,0.5,0.5750000000000001,1.0,-0.10892549876589326
30pct,target_color,blue,12,0.5,0.5,0.5833333333333334,1.0,-0.10532998431862022
30pct,target_color,red,12,0.5,0.5,0.5666666666666667,1.0,-0.11252101321316633
30pct,target_side,left,12,1.0,0.0,1.0,1.0,-0.16401519826070093
30pct,target_side,right,12,0.0,1.0,0.15000000000000002,1.0,-0.05383579927108561
30pct,layout,L1,12,0.5,0.5,0.5666666666666667,1.0,-0.10498296439802894
30pct,layout,L3,12,0.5,0.5,0.5833333333333334,1.0,-0.1128680331337576
30pct,blue_side,left,12,0.5,0.5,0.5666666666666667,1.0,-0.10244984705001114
30pct,blue_side,right,12,0.5,0.5,0.5833333333333334,1.0,-0.11540115048177539
30pct,condition,C0,8,0.5,0.5,0.575,1.0,-0.11543835184769705
30pct,condition,C1,8,0.5,0.5,0.6125,1.0,-0.08981209196150303
30pct,condition,C2,8,0.5,0.5,0.5375000000000001,1.0,-0.12152605248847975
30pct,target_color_x_side,blue/left,6,1.0,0.0,1.0,1.0,-0.15394403209754573
30pct,target_color_x_side,blue/right,6,0.0,1.0,0.16666666666666666,1.0,-0.05671593653969465
30pct,target_color_x_side,red/left,6,1.0,0.0,1.0,1.0,-0.17408636442385614
30pct,target_color_x_side,red/right,6,0.0,1.0,0.13333333333333333,1.0,-0.05095566200247655
30pct,layout_x_side,L1/left,6,1.0,0.0,1.0,1.0,-0.14877983903512357
30pct,layout_x_side,L1/right,6,0.0,1.0,0.13333333333333333,1.0,-0.061186089760934294
30pct,layout_x_side,L3/left,6,1.0,0.0,1.0,1.0,-0.1792505574862783
30pct,layout_x_side,L3/right,6,0.0,1.0,0.16666666666666666,1.0,-0.04648550878123691
30pct,condition_x_side,C0/left,4,1.0,0.0,1.0,1.0,-0.1718030528817326
30pct,condition_x_side,C0/right,4,0.0,1.0,0.15,1.0,-0.05907365081366152
30pct,condition_x_side,C1/left,4,1.0,0.0,1.0,1.0,-0.14898099273443222
30pct,condition_x_side,C1/right,4,0.0,1.0,0.225,1.0,-0.03064319118857383
30pct,condition_x_side,C2/left,4,1.0,0.0,1.0,1.0,-0.17126154916593803
30pct,condition_x_side,C2/right,4,0.0,1.0,0.07500000000000001,1.0,-0.07179055581102146
30pct,condition_x_target_color,C0/blue,4,0.5,0.5,0.625,1.0,-0.10760687435045838
30pct,condition_x_target_color,C0/red,4,0.5,0.5,0.525,1.0,-0.12326982934493572
30pct,condition_x_target_color,C1/blue,4,0.5,0.5,0.6,1.0,-0.08772211837582289
30pct,condition_x_target_color,C1/red,4,0.5,0.5,0.625,1.0,-0.09190206554718315
30pct,condition_x_target_color,C2/blue,4,0.5,0.5,0.525,1.0,-0.12066096022957934
30pct,condition_x_target_color,C2/red,4,0.5,0.5,0.55,1.0,-0.12239114474738015
40pct,overall,all,24,0.5,0.5,0.5375,1.0,-0.1374014468017655
40pct,target_color,blue,12,0.5,0.5,0.5333333333333333,1.0,-0.13795919165791323
40pct,target_color,red,12,0.5,0.5,0.5416666666666666,1.0,-0.13684370194561782
40pct,target_side,left,12,1.0,0.0,1.0,1.0,-0.19179294758476317
40pct,target_side,right,12,0.0,1.0,0.075,1.0,-0.08300994601876786
40pct,layout,L1,12,0.5,0.5,0.5166666666666666,1.0,-0.13551470301424465
40pct,layout,L3,12,0.5,0.5,0.5583333333333333,1.0,-0.13928819058928638
40pct,blue_side,left,12,0.5,0.5,0.5416666666666666,1.0,-0.12632904400428138
40pct,blue_side,right,12,0.5,0.5,0.5333333333333333,1.0,-0.14847384959924967
40pct,condition,C0,8,0.5,0.5,0.5375000000000001,1.0,-0.15876625903183594
40pct,condition,C1,8,0.5,0.5,0.55,1.0,-0.11514744142070411
40pct,condition,C2,8,0.5,0.5,0.525,1.0,-0.13829063995275645
40pct,target_color_x_side,blue/left,6,1.0,0.0,1.0,1.0,-0.18127828964342674
40pct,target_color_x_side,blue/right,6,0.0,1.0,0.06666666666666667,1.0,-0.09464009367239973
40pct,target_color_x_side,red/left,6,1.0,0.0,1.0,1.0,-0.2023076055260996
40pct,target_color_x_side,red/right,6,0.0,1.0,0.08333333333333333,1.0,-0.07137979836513599
40pct,layout_x_side,L1/left,6,1.0,0.0,1.0,1.0,-0.17753125637769698
40pct,layout_x_side,L1/right,6,0.0,1.0,0.03333333333333333,1.0,-0.09349814965079228
40pct,layout_x_side,L3/left,6,1.0,0.0,1.0,1.0,-0.2060546387918293
40pct,layout_x_side,L3/right,6,0.0,1.0,0.11666666666666665,1.0,-0.07252174238674343
40pct,condition_x_side,C0/left,4,1.0,0.0,1.0,1.0,-0.22671966269612315
40pct,condition_x_side,C0/right,4,0.0,1.0,0.07500000000000001,1.0,-0.09081285536754878
40pct,condition_x_side,C1/left,4,1.0,0.0,1.0,1.0,-0.17007084824144839
40pct,condition_x_side,C1/right,4,0.0,1.0,0.1,1.0,-0.06022403459995984
40pct,condition_x_side,C2/left,4,1.0,0.0,1.0,1.0,-0.17858833181671796
40pct,condition_x_side,C2/right,4,0.0,1.0,0.05,1.0,-0.09799294808879494
40pct,condition_x_target_color,C0/blue,4,0.5,0.5,0.525,1.0,-0.15912254209164534
40pct,condition_x_target_color,C0/red,4,0.5,0.5,0.55,1.0,-0.1584099759720266
40pct,condition_x_target_color,C1/blue,4,0.5,0.5,0.55,1.0,-0.11548693567514419
40pct,condition_x_target_color,C1/red,4,0.5,0.5,0.55,1.0,-0.11480794716626405
40pct,condition_x_target_color,C2/blue,4,0.5,0.5,0.525,1.0,-0.1392680972069502
40pct,condition_x_target_color,C2/red,4,0.5,0.5,0.525,1.0,-0.13731318269856274
100pct,overall,all,24,0.5,0.5,0.4875,1.0,-0.18705994533374906
100pct,target_color,blue,12,0.5,0.5,0.4583333333333333,1.0,-0.19568229932337997
100pct,target_color,red,12,0.5,0.5,0.5166666666666667,1.0,-0.1784375913441181
100pct,target_side,left,12,1.0,0.0,0.9583333333333334,1.0,-0.20641300845891233
100pct,target_side,right,12,0.0,1.0,0.016666666666666666,1.0,-0.16770688220858573
100pct,layout,L1,12,0.5,0.5,0.4583333333333333,1.0,-0.18175446093082426
100pct,layout,L3,12,0.5,0.5,0.5166666666666667,1.0,-0.1923654297366738
100pct,blue_side,left,12,0.5,0.5,0.47500000000000003,1.0,-0.16066126246005297
100pct,blue_side,right,12,0.5,0.5,0.5,1.0,-0.21345862820744513
100pct,condition,C0,8,0.5,0.5,0.525,1.0,-0.23637653766199945
100pct,condition,C1,8,0.5,0.5,0.5,1.0,-0.15561558585613963
100pct,condition,C2,8,0.5,0.5,0.4375,1.0,-0.16918771248310804
100pct,target_color_x_side,blue/left,6,1.0,0.0,0.9166666666666666,1.0,-0.1886366795748472
100pct,target_color_x_side,blue/right,6,0.0,1.0,0.0,1.0,-0.20272791907191276
100pct,target_color_x_side,red/left,6,1.0,0.0,1.0,1.0,-0.22418933734297752
100pct,target_color_x_side,red/right,6,0.0,1.0,0.03333333333333333,1.0,-0.1326858453452587
100pct,layout_x_side,L1/left,6,1.0,0.0,0.9166666666666666,1.0,-0.1872417703270912
100pct,layout_x_side,L1/right,6,0.0,1.0,0.0,1.0,-0.1762671515345573
100pct,layout_x_side,L3/left,6,1.0,0.0,1.0,1.0,-0.2255842465907335
100pct,layout_x_side,L3/right,6,0.0,1.0,0.03333333333333333,1.0,-0.1591466128826141
100pct,condition_x_side,C0/left,4,1.0,0.0,1.0,1.0,-0.3462697703391313
100pct,condition_x_side,C0/right,4,0.0,1.0,0.05,1.0,-0.12648330498486757
100pct,condition_x_side,C1/left,4,1.0,0.0,1.0,1.0,-0.1563344536349177
100pct,condition_x_side,C1/right,4,0.0,1.0,0.0,1.0,-0.15489671807736158
100pct,condition_x_side,C2/left,4,1.0,0.0,0.875,1.0,-0.11663480140268802
100pct,condition_x_side,C2/right,4,0.0,1.0,0.0,1.0,-0.22174062356352803
100pct,condition_x_target_color,C0/blue,4,0.5,0.5,0.5,1.0,-0.25857811644673345
100pct,condition_x_target_color,C0/red,4,0.5,0.5,0.55,1.0,-0.21417495887726543
100pct,condition_x_target_color,C1/blue,4,0.5,0.5,0.5,1.0,-0.15795268584042788
100pct,condition_x_target_color,C1/red,4,0.5,0.5,0.5,1.0,-0.15327848587185142
100pct,condition_x_target_color,C2/blue,4,0.5,0.5,0.375,1.0,-0.1705160956829786
100pct,condition_x_target_color,C2/red,4,0.5,0.5,0.5,1.0,-0.16785932928323744
flat,overall,all,24,0.5,0.5,0.4875,1.0,-0.021595855504533065
flat,target_color,blue,12,0.5,0.5,0.4583333333333333,1.0,-0.02269311259914603
flat,target_color,red,12,0.5,0.5,0.5166666666666667,1.0,-0.0204985984099201
flat,target_side,left,12,1.0,0.0,0.9583333333333334,1.0,-0.02442262956286194
flat,target_side,right,12,0.0,1.0,0.016666666666666666,1.0,-0.018769081446204195
flat,layout,L1,12,0.5,0.5,0.4583333333333333,1.0,-0.02126713812351227
flat,layout,L3,12,0.5,0.5,0.5166666666666667,1.0,-0.02192457288555387
flat,blue_side,left,12,0.5,0.5,0.47500000000000003,1.0,-0.01864121303634925
flat,blue_side,right,12,0.5,0.5,0.5,1.0,-0.024550497972716884
flat,condition,C0,8,0.5,0.5,0.525,1.0,-0.02954706720774993
flat,condition,C1,8,0.5,0.5,0.5,1.0,-0.018457280270134407
flat,condition,C2,8,0.5,0.5,0.4375,1.0,-0.016783219035714864
flat,target_color_x_side,blue/left,6,1.0,0.0,0.9166666666666666,1.0,-0.02256524418929109
flat,target_color_x_side,blue/right,6,0.0,1.0,0.0,1.0,-0.02282098100900098
flat,target_color_x_side,red/left,6,1.0,0.0,1.0,1.0,-0.026280014936432793
flat,target_color_x_side,red/right,6,0.0,1.0,0.03333333333333333,1.0,-0.01471718188340741
flat,layout_x_side,L1/left,6,1.0,0.0,0.9166666666666666,1.0,-0.022584053874015807
flat,layout_x_side,L1/right,6,0.0,1.0,0.0,1.0,-0.019950222373008725
flat,layout_x_side,L3/left,6,1.0,0.0,1.0,1.0,-0.026261205251708077
flat,layout_x_side,L3/right,6,0.0,1.0,0.03333333333333333,1.0,-0.017587940519399662
flat,condition_x_side,C0/left,4,1.0,0.0,1.0,1.0,-0.043283721292391414
flat,condition_x_side,C0/right,4,0.0,1.0,0.05,1.0,-0.015810413123108446
flat,condition_x_side,C1/left,4,1.0,0.0,1.0,1.0,-0.018591791681117478
flat,condition_x_side,C1/right,4,0.0,1.0,0.0,1.0,-0.018322768859151337
flat,condition_x_side,C2/left,4,1.0,0.0,0.875,1.0,-0.011392375715076924
flat,condition_x_side,C2/right,4,0.0,1.0,0.0,1.0,-0.022174062356352803
flat,condition_x_target_color,C0/blue,4,0.5,0.5,0.5,1.0,-0.03232226455584168
flat,condition_x_target_color,C0/red,4,0.5,0.5,0.55,1.0,-0.026771869859658178
flat,condition_x_target_color,C1/blue,4,0.5,0.5,0.5,1.0,-0.018705463673298554
flat,condition_x_target_color,C1/red,4,0.5,0.5,0.5,1.0,-0.01820909686697026
flat,condition_x_target_color,C2/blue,4,0.5,0.5,0.375,1.0,-0.01705160956829786
flat,condition_x_target_color,C2/red,4,0.5,0.5,0.5,1.0,-0.016514828503131868
linear,overall,all,24,0.5,0.5,0.5125000000000001,1.0,-0.029095610383716147
linear,target_color,blue,12,0.5,0.5,0.5083333333333333,1.0,-0.0297183227397953
linear,target_color,red,12,0.5,0.5,0.5166666666666667,1.0,-0.02847289802763699
linear,target_side,left,12,1.0,0.0,1.0,1.0,-0.03747624528572365
linear,target_side,right,12,0.0,1.0,0.025000000000000005,1.0,-0.020714975481708645
linear,layout,L1,12,0.5,0.5,0.5083333333333333,1.0,-0.028345144755812207
linear,layout,L3,12,0.5,0.5,0.5166666666666667,1.0,-0.02984607601162009
linear,blue_side,left,12,0.5,0.5,0.5166666666666667,1.0,-0.02592955307426677
linear,blue_side,right,12,0.5,0.5,0.5083333333333333,1.0,-0.032261667693165526
linear,condition,C0,8,0.5,0.5,0.5375000000000001,1.0,-0.039313920447602874
linear,condition,C1,8,0.5,0.5,0.5,1.0,-0.025099843384491075
linear,condition,C2,8,0.5,0.5,0.5,1.0,-0.022873067319054495
linear,target_color_x_side,blue/left,6,1.0,0.0,1.0,1.0,-0.03493290033235343
linear,target_color_x_side,blue/right,6,0.0,1.0,0.016666666666666666,1.0,-0.024503745147237174
linear,target_color_x_side,red/left,6,1.0,0.0,1.0,1.0,-0.040019590239093863
linear,target_color_x_side,red/right,6,0.0,1.0,0.03333333333333333,1.0,-0.016926205816180113
linear,layout_x_side,L1/left,6,1.0,0.0,1.0,1.0,-0.03479805413934619
linear,layout_x_side,L1/right,6,0.0,1.0,0.016666666666666666,1.0,-0.02189223537227822
linear,layout_x_side,L3/left,6,1.0,0.0,1.0,1.0,-0.040154436432101114
linear,layout_x_side,L3/right,6,0.0,1.0,0.03333333333333333,1.0,-0.019537715591139065
linear,condition_x_side,C0/left,4,1.0,0.0,1.0,1.0,-0.05891999882749385
linear,condition_x_side,C0/right,4,0.0,1.0,0.07500000000000001,1.0,-0.019707842067711884
linear,condition_x_side,C1/left,4,1.0,0.0,1.0,1.0,-0.031563022732734675
linear,condition_x_side,C1/right,4,0.0,1.0,0.0,1.0,-0.018636664036247468
linear,condition_x_side,C2/left,4,1.0,0.0,1.0,1.0,-0.02194571429694241
linear,condition_x_side,C2/right,4,0.0,1.0,0.0,1.0,-0.023800420341166584
linear,condition_x_target_color,C0/blue,4,0.5,0.5,0.525,1.0,-0.04132449969442355
linear,condition_x_target_color,C0/red,4,0.5,0.5,0.55,1.0,-0.03730334120078219
linear,condition_x_target_color,C1/blue,4,0.5,0.5,0.5,1.0,-0.025275251439048182
linear,condition_x_target_color,C1/red,4,0.5,0.5,0.5,1.0,-0.024924435329933964
linear,condition_x_target_color,C2/blue,4,0.5,0.5,0.5,1.0,-0.022555217085914177
linear,condition_x_target_color,C2/red,4,0.5,0.5,0.5,1.0,-0.023190917552194816
exponential,overall,all,24,0.5,0.5,0.5458333333333333,1.0,-0.0321538571670473
exponential,target_color,blue,12,0.5,0.5,0.5499999999999999,1.0,-0.03181397544741859
exponential,target_color,red,12,0.5,0.5,0.5416666666666666,1.0,-0.03249373888667602
exponential,target_side,left,12,1.0,0.0,1.0,1.0,-0.04518386930432697
exponential,target_side,right,12,0.0,1.0,0.09166666666666667,1.0,-0.019123845029767633
exponential,layout,L1,12,0.5,0.5,0.5499999999999999,1.0,-0.030984277938089
exponential,layout,L3,12,0.5,0.5,0.5416666666666666,1.0,-0.03332343639600561
exponential,blue_side,left,12,0.5,0.5,0.5416666666666666,1.0,-0.02942556218463842
exponential,blue_side,right,12,0.5,0.5,0.5499999999999999,1.0,-0.03488215214945618
exponential,condition,C0,8,0.5,0.5,0.55,1.0,-0.04256362788287747
exponential,condition,C1,8,0.5,0.5,0.5625,1.0,-0.02717052619509122
exponential,condition,C2,8,0.5,0.5,0.525,1.0,-0.026727417423173205
exponential,target_color_x_side,blue/left,6,1.0,0.0,1.0,1.0,-0.04211569260228937
exponential,target_color_x_side,blue/right,6,0.0,1.0,0.09999999999999999,1.0,-0.021512258292547798
exponential,target_color_x_side,red/left,6,1.0,0.0,1.0,1.0,-0.04825204600636456
exponential,target_color_x_side,red/right,6,0.0,1.0,0.08333333333333333,1.0,-0.01673543176698747
exponential,layout_x_side,L1/left,6,1.0,0.0,1.0,1.0,-0.041691387700987764
exponential,layout_x_side,L1/right,6,0.0,1.0,0.10000000000000002,1.0,-0.02027716817519023
exponential,layout_x_side,L3/left,6,1.0,0.0,1.0,1.0,-0.04867635090766618
exponential,layout_x_side,L3/right,6,0.0,1.0,0.08333333333333333,1.0,-0.017970521884345034
exponential,condition_x_side,C0/left,4,1.0,0.0,1.0,1.0,-0.06493264930935
exponential,condition_x_side,C0/right,4,0.0,1.0,0.1,1.0,-0.020194606456404945
exponential,condition_x_side,C1/left,4,1.0,0.0,1.0,1.0,-0.03976594276392553
exponential,condition_x_side,C1/right,4,0.0,1.0,0.125,1.0,-0.01457510962625691
exponential,condition_x_side,C2/left,4,1.0,0.0,1.0,1.0,-0.030853015839705365
exponential,condition_x_side,C2/right,4,0.0,1.0,0.05,1.0,-0.022601819006641044
exponential,condition_x_target_color,C0/blue,4,0.5,0.5,0.575,1.0,-0.04279968092102141
exponential,condition_x_target_color,C0/red,4,0.5,0.5,0.525,1.0,-0.04232757484473354
exponential,condition_x_target_color,C1/blue,4,0.5,0.5,0.55,1.0,-0.02696834947092732
exponential,condition_x_target_color,C1/red,4,0.5,0.5,0.5750000000000001,1.0,-0.02737270291925513
exponential,condition_x_target_color,C2/blue,4,0.5,0.5,0.525,1.0,-0.025673895950307016
exponential,condition_x_target_color,C2/red,4,0.5,0.5,0.525,1.0,-0.027780938896039394
