run,temperature,split,condition,episode_id,target_side,final_correct,raw_sign_early_auc,probability_early_auc,final_true_belief,final_cumulative_margin,prefix_nll
pi05_base_h16,0.01,test,C0_natural_direct,Sun_Aug__9_19:29:02_2026,left,0,0.047619047619047616,0.3514406553035115,0.2868682666268319,-0.00910643053551515,1.1340408966579234
pi05_base_h16,0.01,test,C0_natural_direct,Sun_Aug__9_19:29:23_2026,right,1,0.9550561797752809,0.553657920981017,0.609516687610769,0.004452810933192571,0.5704867561997183
pi05_base_h16,0.01,test,C1_mild_exaggeration,Sun_Aug__9_19:30:32_2026,left,1,0.7802197802197801,0.5227902398187113,0.5362740991375379,0.001453517625729243,0.642911831473449
pi05_base_h16,0.01,test,C1_mild_exaggeration,Sun_Aug__9_19:31:21_2026,right,1,0.46938775510204084,0.5092914575918377,0.5767361972332368,0.00309389332930247,0.6544874706065459
pi05_base_h16,0.01,test,C2_strong_exaggeration,Sun_Aug__9_19:33:31_2026,left,1,0.9534883720930233,0.8863996098566035,0.97770200749847,0.037807082757353776,0.06950400338368735
pi05_base_h16,0.01,test,C2_strong_exaggeration,Sun_Aug__9_19:33:54_2026,right,0,0.4642857142857143,0.4582870502096566,0.35908344246954216,-0.005793444812297821,0.8178534337425158
pi05_base_h16,0.01,test,C3_extreme_exaggeration,Sun_Aug__9_19:34:35_2026,right,0,0.4855491329479768,0.47117504602693255,0.34846797368400245,-0.006257802248001099,0.792230405340483
pi05_base_h16,0.01,test,C3_extreme_exaggeration,Sun_Aug__9_19:35:12_2026,left,0,0.5074626865671641,0.5147830119927411,0.3756390836189153,-0.005080997943878174,0.7113303671089177
pi05_base_h16,0.01,train,train_natural,Sun_Aug__9_19:07:45_2026,left,0,0.05714285714285714,0.3932600219125129,0.32950457443033415,-0.007104266434907913,0.9959838893875471
pi05_base_h16,0.01,train,train_natural,Sun_Aug__9_19:08:45_2026,right,1,0.9393939393939394,0.627386472296589,0.7106815812038332,0.008986966063578924,0.4152371157923437
pi05_base_h16,0.01,train,train_natural,Sun_Aug__9_19:09:06_2026,left,0,0.05194805194805195,0.3321504606584796,0.28953962972265296,-0.008976209908723831,1.178720608771199
pi05_base_h16,0.01,train,train_natural,Sun_Aug__9_19:09:27_2026,right,1,0.9420289855072463,0.7348120262236933,0.8112737477834319,0.01458307976524035,0.2547044532916225
pi05_base_h16,0.01,train,train_natural,Sun_Aug__9_19:09:58_2026,right,1,0.9459459459459459,0.6195305627247836,0.6165840231043024,0.004750741024812062,0.4611503914869662
pi05_base_h16,0.01,train,train_natural,Sun_Aug__9_19:10:16_2026,left,0,0.06060606060606061,0.4288981297262792,0.3641137167791016,-0.005575535198052724,0.9030496232766934
pi05_base_h16,0.01,train,train_natural,Sun_Aug__9_19:10:44_2026,right,1,0.9420289855072463,0.6292453858330466,0.6971681624811217,0.008338489880164465,0.42208333179035035
pi05_base_h16,0.01,train,train_natural,Sun_Aug__9_19:11:06_2026,left,0,0.05263157894736842,0.41173642188352133,0.4003567371484346,-0.004039789239565531,0.9185726050937548
pi05_base_h16,0.01,train,train_natural,Sun_Aug__9_19:11:26_2026,left,0,0.057971014492753624,0.44319704728722487,0.4048866834798847,-0.0038514460126558943,0.8478724685145748
pi05_base_h16,0.01,train,train_natural,Sun_Aug__9_19:11:48_2026,right,1,0.7674418604651163,0.5516799255684602,0.6284018073118423,0.005253666390975317,0.5687427185040058
pi05_base_h16,0.01,train,train_natural,Sun_Aug__9_19:12:15_2026,left,1,0.9375,0.572897475722034,0.6200130763577995,0.00489603728055954,0.5334079388894776
pi05_base_h16,0.01,train,train_natural,Sun_Aug__9_19:12:36_2026,right,1,0.9600000000000001,0.7372530191779592,0.8566516162639739,0.01787753403186798,0.26302493512515096
pi05_base_h16,0.01,train,train_natural,Sun_Aug__9_19:13:10_2026,right,1,0.9506172839506173,0.6304593586794366,0.6579074117182873,0.006539827833573023,0.43478899718270503
pi05_base_h16,0.01,train,train_natural,Sun_Aug__9_19:13:30_2026,left,0,0.44366197183098594,0.5009414007543397,0.4993813692954818,-2.4745240807533156e-05,0.6907903692883297
pi05_base_h16,0.01,train,train_natural,Sun_Aug__9_19:15:02_2026,right,1,0.949367088607595,0.5798552096806914,0.6322805914343397,0.005420130987962086,0.5244600522365294
pi05_base_h16,0.01,train,train_natural,Sun_Aug__9_19:15:26_2026,left,1,0.9500000000000001,0.5616451814640125,0.5558381620366367,0.002242881804704666,0.5675477874367788
pi05_base_h16,0.01,train,train_natural,Sun_Aug__9_19:15:54_2026,right,1,0.9428571428571428,0.6751320275175726,0.7737187501450552,0.012294297417004905,0.34044779348477755
pi05_base_h16,0.01,train,train_natural,Sun_Aug__9_19:16:22_2026,left,1,0.9420289855072463,0.6740657307419547,0.7282252498006219,0.009856368104616802,0.35441657914417296
pi05_base_h16,0.01,train,train_natural,Sun_Aug__9_19:16:48_2026,right,1,0.9384615384615385,0.6955157397768801,0.8151833401111805,0.014840487390756605,0.2947492926455149
pi05_base_h16,0.01,train,train_natural,Sun_Aug__9_19:17:13_2026,left,0,0.0784313725490196,0.39503990306761183,0.4051715607247599,-0.003839624424775441,0.9549636329476525
pi05_base_h16,0.01,train,train_natural,Sun_Aug__9_19:17:36_2026,right,1,0.9375,0.5452177680678474,0.5962850358692364,0.003900097062190374,0.5868773796784175
pi05_base_h16,0.01,train,train_natural,Sun_Aug__9_19:17:54_2026,left,0,0.04819277108433735,0.3894112015492678,0.39087767345491803,-0.00443624456723531,0.9695187947082746
pi05_base_h16,0.01,train,train_natural,Sun_Aug__9_19:18:14_2026,left,0,0.04819277108433735,0.3385482570952567,0.28058407523114326,-0.009415662537018457,1.1749065797566731
pi05_base_h16,0.01,train,train_natural,Sun_Aug__9_19:18:37_2026,right,1,0.75,0.5237709413707,0.5817850580997074,0.0033010554810365043,0.6392571328334233
pi05_base_h16,0.01,train,train_natural,Sun_Aug__9_19:18:58_2026,right,1,0.9466666666666667,0.6837684465515399,0.7183455508929685,0.00936269760131836,0.3464846671792888
pi05_base_h16,0.01,train,train_natural,Sun_Aug__9_19:19:18_2026,left,0,0.5977011494252874,0.5369536604413109,0.4724644955961325,-0.0011025356749693553,0.6389040101363471
pi05_base_h16,0.01,train,train_natural,Sun_Aug__9_19:19:42_2026,right,1,0.9506172839506173,0.6062409229437535,0.6720312288692611,0.007173864170908928,0.4644537693005783
pi05_base_h16,0.01,train,train_natural,Sun_Aug__9_19:20:01_2026,left,0,0.4931506849315068,0.4347381448610572,0.30483887368612833,-0.00824360301097234,0.9373690510481236
pi05_base_h16,0.01,train,train_natural,Sun_Aug__9_19:20:39_2026,right,1,0.9428571428571428,0.6795668785949807,0.7691451059161635,0.012034902969996134,0.33863152441783795
pi05_base_h16,0.01,train,train_natural,Sun_Aug__9_19:21:05_2026,left,0,0.057971014492753624,0.40919421806071454,0.29852215559193046,-0.00854345162709554,0.9956116515552134
pi05_base_h16,0.01,train,train_natural,Sun_Aug__9_19:21:56_2026,left,0,0.06349206349206349,0.457319556654997,0.4166353488515227,-0.003366010884443919,0.8068449023102667
pi05_base_h16,0.01,train,train_natural,Sun_Aug__9_19:22:17_2026,right,1,0.949367088607595,0.7245671033198224,0.834511660381021,0.016179459790388744,0.2827164008714703
pi05_base_h16,0.03,test,C0_natural_direct,Sun_Aug__9_19:29:02_2026,left,0,0.047619047619047616,0.4482098686785688,0.42469045211189993,-0.00910643053551515,0.8242549151877535
pi05_base_h16,0.03,test,C0_natural_direct,Sun_Aug__9_19:29:23_2026,right,1,0.9550561797752809,0.5180685787534938,0.5370387838957751,0.004452810933192571,0.6494687702961605
pi05_base_h16,0.03,test,C1_mild_exaggeration,Sun_Aug__9_19:30:32_2026,left,1,0.7802197802197801,0.5076277618481827,0.5121102779415776,0.001453517625729243,0.6756796562929974
pi05_base_h16,0.03,test,C1_mild_exaggeration,Sun_Aug__9_19:31:21_2026,right,1,0.46938775510204084,0.5031079584022978,0.5257596173838147,0.00309389332930247,0.679522883006545
pi05_base_h16,0.03,test,C2_strong_exaggeration,Sun_Aug__9_19:33:31_2026,left,1,0.9534883720930233,0.702929431705169,0.7790667470103423,0.037807082757353776,0.3132732816686516
pi05_base_h16,0.03,test,C2_strong_exaggeration,Sun_Aug__9_19:33:54_2026,right,0,0.4642857142857143,0.4857423275017633,0.4518707752916357,-0.005793444812297821,0.7306941932928309
pi05_base_h16,0.03,test,C3_extreme_exaggeration,Sun_Aug__9_19:34:35_2026,right,0,0.4855491329479768,0.48999722185435735,0.44803991529304776,-0.006257802248001099,0.7217078684311435
pi05_base_h16,0.03,test,C3_extreme_exaggeration,Sun_Aug__9_19:35:12_2026,left,0,0.5074626865671641,0.5052166834780797,0.4577592753161589,-0.005080997943878174,0.6947688240884901
pi05_base_h16,0.03,train,train_natural,Sun_Aug__9_19:07:45_2026,left,0,0.05714285714285714,0.4637024433900862,0.441072901018265,-0.007104266434907913,0.7859853464309767
pi05_base_h16,0.03,train,train_natural,Sun_Aug__9_19:08:45_2026,right,1,0.9393939393939394,0.5438060686558304,0.5743363049084176,0.008986966063578924,0.5873677317357682
pi05_base_h16,0.03,train,train_natural,Sun_Aug__9_19:09:06_2026,left,0,0.05194805194805195,0.4412568811415536,0.4257513508077409,-0.008976209908723831,0.8371002339605367
pi05_base_h16,0.03,train,train_natural,Sun_Aug__9_19:09:27_2026,right,1,0.9420289855072463,0.5871794808302419,0.6191878895597157,0.01458307976524035,0.5054482277873145
pi05_base_h16,0.03,train,train_natural,Sun_Aug__9_19:09:58_2026,right,1,0.9459459459459459,0.5409630320491182,0.5395069824305694,0.004750741024812062,0.6071791248509882
pi05_base_h16,0.03,train,train_natural,Sun_Aug__9_19:10:16_2026,left,0,0.06060606060606061,0.47604467921603344,0.4536704843089358,-0.005575535198052724,0.7586630575549211
pi05_base_h16,0.03,train,train_natural,Sun_Aug__9_19:10:44_2026,right,1,0.9420289855072463,0.5446144222747873,0.5690434849161495,0.008338489880164465,0.590055588808047
pi05_base_h16,0.03,train,train_natural,Sun_Aug__9_19:11:06_2026,left,0,0.05263157894736842,0.4700257429773639,0.46638586869286325,-0.004039789239565531,0.7630596995922267
pi05_base_h16,0.03,train,train_natural,Sun_Aug__9_19:11:26_2026,left,0,0.057971014492753624,0.48093374019893464,0.467948626549095,-0.0038514460126558943,0.7421833435464528
pi05_base_h16,0.03,train,train_natural,Sun_Aug__9_19:11:48_2026,right,1,0.7674418604651163,0.5174663125010344,0.5436690075989056,0.005253666390975317,0.6479738997780943
pi05_base_h16,0.03,train,train_natural,Sun_Aug__9_19:12:15_2026,left,1,0.9375,0.5246239500976054,0.5407099927376802,0.00489603728055954,0.6357270844639992
pi05_base_h16,0.03,train,train_natural,Sun_Aug__9_19:12:36_2026,right,1,0.9600000000000001,0.5890932630914487,0.6447218090900195,0.01787753403186798,0.5053148732379323
pi05_base_h16,0.03,train,train_natural,Sun_Aug__9_19:13:10_2026,right,1,0.9506172839506173,0.5446258216903976,0.5542837648646008,0.006539827833573023,0.5969604111064243
pi05_base_h16,0.03,train,train_natural,Sun_Aug__9_19:13:30_2026,left,0,0.44366197183098594,0.5003140496598724,0.4997937896716287,-2.4745240807533156e-05,0.6923179598819859
pi05_base_h16,0.03,train,train_natural,Sun_Aug__9_19:15:02_2026,right,1,0.949367088607595,0.5270526397901131,0.5450452940516501,0.005420130987962086,0.6320075340091076
pi05_base_h16,0.03,train,train_natural,Sun_Aug__9_19:15:26_2026,left,1,0.9500000000000001,0.520696586168673,0.5186819806594894,0.002242881804704666,0.6490836250889306
pi05_base_h16,0.03,train,train_natural,Sun_Aug__9_19:15:54_2026,right,1,0.9428571428571428,0.5622985705123734,0.6010422988918017,0.012294297417004905,0.550799283048977
pi05_base_h16,0.03,train,train_natural,Sun_Aug__9_19:16:22_2026,left,1,0.9420289855072463,0.5618700195435014,0.5814054577439912,0.009856368104616802,0.5583340970677669
pi05_base_h16,0.03,train,train_natural,Sun_Aug__9_19:16:48_2026,right,1,0.9384615384615385,0.5718637486029784,0.6212089848362646,0.014840487390756605,0.5234984681310548
pi05_base_h16,0.03,train,train_natural,Sun_Aug__9_19:17:13_2026,left,0,0.0784313725490196,0.46429810986507847,0.46804673621243487,-0.003839624424775441,0.7742188885701765
pi05_base_h16,0.03,train,train_natural,Sun_Aug__9_19:17:36_2026,right,1,0.9375,0.5151851645624483,0.5324551118310253,0.003900097062190374,0.6556614684209159
pi05_base_h16,0.03,train,train_natural,Sun_Aug__9_19:17:54_2026,left,0,0.04819277108433735,0.46229207670852357,0.4630985143943945,-0.00443624456723531,0.7783210895109144
pi05_base_h16,0.03,train,train_natural,Sun_Aug__9_19:18:14_2026,left,0,0.04819277108433735,0.4431608682453886,0.4221739551288609,-0.009415662537018457,0.8352535775607691
pi05_base_h16,0.03,train,train_natural,Sun_Aug__9_19:18:37_2026,right,1,0.75,0.5079478182177425,0.5274810734580689,0.0033010554810365043,0.6728948268894674
pi05_base_h16,0.03,train,train_natural,Sun_Aug__9_19:18:58_2026,right,1,0.9466666666666667,0.5648886381539211,0.5773953047664956,0.00936269760131836,0.5563663144080281
pi05_base_h16,0.03,train,train_natural,Sun_Aug__9_19:19:18_2026,left,0,0.5977011494252874,0.5124052801341714,0.4908132366937287,-0.0011025356749693553,0.6738293473082195
pi05_base_h16,0.03,train,train_natural,Sun_Aug__9_19:19:42_2026,right,1,0.9506172839506173,0.5362214547056837,0.5594989459705485,0.007173864170908928,0.608310766061622
pi05_base_h16,0.03,train,train_natural,Sun_Aug__9_19:20:01_2026,left,0,0.4931506849315068,0.47720698222834546,0.4317323302350663,-0.00824360301097234,0.7650997574325752
pi05_base_h16,0.03,train,train_natural,Sun_Aug__9_19:20:39_2026,right,1,0.9428571428571428,0.5646321486848923,0.5989671551103075,0.012034902969996134,0.5484006456500501
pi05_base_h16,0.03,train,train_natural,Sun_Aug__9_19:21:05_2026,left,0,0.057971014492753624,0.4689316241856954,0.4292818654283364,-0.00854345162709554,0.7846942643045176
pi05_base_h16,0.03,train,train_natural,Sun_Aug__9_19:21:56_2026,left,0,0.06349206349206349,0.48571993568579763,0.4719792989973559,-0.003366010884443919,0.7296266420737807
pi05_base_h16,0.03,train,train_natural,Sun_Aug__9_19:22:17_2026,right,1,0.949367088607595,0.5844922687655848,0.6316531308251124,0.016179459790388744,0.5157254067716807
pi05_base_h16,0.1,test,C0_natural_direct,Sun_Aug__9_19:29:02_2026,left,0,0.047619047619047616,0.48437978043567215,0.47724964332687964,-0.00910643053551515,0.730749038611826
pi05_base_h16,0.1,test,C0_natural_direct,Sun_Aug__9_19:29:23_2026,right,1,0.9550561797752809,0.5054269126532093,0.5111301883596656,0.004452810933192571,0.6797478182407676
pi05_base_h16,0.1,test,C1_mild_exaggeration,Sun_Aug__9_19:30:32_2026,left,1,0.7802197802197801,0.5022893937084173,0.5036337300892936,0.001453517625729243,0.6878308692122307
pi05_base_h16,0.1,test,C1_mild_exaggeration,Sun_Aug__9_19:31:21_2026,right,1,0.46938775510204084,0.5009327577486181,0.5077341163970747,0.00309389332930247,0.6889821803001034
pi05_base_h16,0.1,test,C2_strong_exaggeration,Sun_Aug__9_19:33:31_2026,left,1,0.9534883720930233,0.5663864910016123,0.5934077258683199,0.037807082757353776,0.550788681366881
pi05_base_h16,0.1,test,C2_strong_exaggeration,Sun_Aug__9_19:33:54_2026,right,0,0.4642857142857143,0.49571025379969536,0.4855204376766391,-0.005793444812297821,0.7039823742706215
pi05_base_h16,0.1,test,C3_extreme_exaggeration,Sun_Aug__9_19:34:35_2026,right,0,0.4855491329479768,0.4969851770176459,0.4843605977168024,-0.006257802248001099,0.7012380960795367
pi05_base_h16,0.1,test,C3_extreme_exaggeration,Sun_Aug__9_19:35:12_2026,left,0,0.5074626865671641,0.5015753672209133,0.4873002372222109,-0.005080997943878174,0.6931596204752467
pi05_base_h16,0.1,train,train_natural,Sun_Aug__9_19:07:45_2026,left,0,0.05714285714285714,0.4890854886484089,0.4822468000737186,-0.007104266434907913,0.7201313014360986
pi05_base_h16,0.1,train,train_natural,Sun_Aug__9_19:08:45_2026,right,1,0.9393939393939394,0.5131899656053426,0.5224523057508177,0.008986966063578924,0.6599894194184586
pi05_base_h16,0.1,train,train_natural,Sun_Aug__9_19:09:06_2026,left,0,0.05194805194805195,0.48227457029197074,0.4775745304786782,-0.008976209908723831,0.7343786497623768
pi05_base_h16,0.1,train,train_natural,Sun_Aug__9_19:09:27_2026,right,1,0.9420289855072463,0.5265111493870664,0.5363932255158459,0.01458307976524035,0.6320548750580836
pi05_base_h16,0.1,train,train_natural,Sun_Aug__9_19:09:58_2026,right,1,0.9459459459459459,0.5123287786372314,0.5118746192735522,0.004750741024812062,0.6664308376569557
pi05_base_h16,0.1,train,train_natural,Sun_Aug__9_19:10:16_2026,left,0,0.06060606060606061,0.49280456602986283,0.48606477180754176,-0.005575535198052724,0.7123291020536767
pi05_base_h16,0.1,train,train_natural,Sun_Aug__9_19:10:44_2026,right,1,0.9420289855072463,0.5134395148116474,0.5208341543710336,0.008338489880164465,0.6608410593902609
pi05_base_h16,0.1,train,train_natural,Sun_Aug__9_19:11:06_2026,left,0,0.05263157894736842,0.490988249520911,0.48990190019664737,-0.004039789239565531,0.7135637176813672
pi05_base_h16,0.1,train,train_natural,Sun_Aug__9_19:11:26_2026,left,0,0.057971014492753624,0.49427556989570776,0.49037257501995185,-0.0038514460126558943,0.7075897478408651
pi05_base_h16,0.1,train,train_natural,Sun_Aug__9_19:11:48_2026,right,1,0.7674418604651163,0.5052482233770836,0.5131311458422427,0.005253666390975317,0.6792018894725421
pi05_base_h16,0.1,train,train_natural,Sun_Aug__9_19:12:15_2026,left,1,0.9375,0.5073984951443948,0.5122376487082858,0.00489603728055954,0.6754780583530016
pi05_base_h16,0.1,train,train_natural,Sun_Aug__9_19:12:36_2026,right,1,0.9600000000000001,0.5271365266096282,0.5445751774040287,0.01787753403186798,0.6315902968537567
pi05_base_h16,0.1,train,train_natural,Sun_Aug__9_19:13:10_2026,right,1,0.9506172839506173,0.5134280108655219,0.5163437449048246,0.006539827833573023,0.6632129361387987
pi05_base_h16,0.1,train,train_natural,Sun_Aug__9_19:13:30_2026,left,0,0.44366197183098594,0.5000942234128662,0.49993813689829686,-2.4745240807533156e-05,0.6928938339536326
pi05_base_h16,0.1,train,train_natural,Sun_Aug__9_19:15:02_2026,right,1,0.949367088607595,0.5081309823803866,0.5135470111185039,0.005420130987962086,0.674282730006875
pi05_base_h16,0.1,train,train_natural,Sun_Aug__9_19:15:26_2026,left,1,0.9500000000000001,0.5062140985717353,0.5056069694640221,0.002242881804704666,0.6796960500437086
pi05_base_h16,0.1,train,train_natural,Sun_Aug__9_19:15:54_2026,right,1,0.9428571428571428,0.5188378569827408,0.5306970878035044,0.012294297417004905,0.6476780442497772
pi05_base_h16,0.1,train,train_natural,Sun_Aug__9_19:16:22_2026,left,1,0.9420289855072463,0.518705515548658,0.5246209911559632,0.009856368104616802,0.6502841317367334
pi05_base_h16,0.1,train,train_natural,Sun_Aug__9_19:16:48_2026,right,1,0.9384615384615385,0.5218265339006012,0.537033274988371,0.014840487390756605,0.6380012993371836
pi05_base_h16,0.1,train,train_natural,Sun_Aug__9_19:17:13_2026,left,0,0.0784313725490196,0.4892643095164665,0.4904021180661299,-0.003839624424775441,0.7168086427591356
pi05_base_h16,0.1,train,train_natural,Sun_Aug__9_19:17:36_2026,right,1,0.9375,0.504559437405141,0.5097490069386654,0.003900097062190374,0.681683471338862
pi05_base_h16,0.1,train,train_natural,Sun_Aug__9_19:17:54_2026,left,0,0.04819277108433735,0.48865758993872516,0.4889112071088655,-0.00443624456723531,0.7179564446202652
pi05_base_h16,0.1,train,train_natural,Sun_Aug__9_19:18:14_2026,left,0,0.04819277108433735,0.48283657715667855,0.4764782187276965,-0.009415662537018457,0.7337533390943358
pi05_base_h16,0.1,train,train_natural,Sun_Aug__9_19:18:37_2026,right,1,0.75,0.5023851699923696,0.5082518893781283,0.0033010554810365043,0.6868297923984826
pi05_base_h16,0.1,train,train_natural,Sun_Aug__9_19:18:58_2026,right,1,0.9466666666666667,0.5196011621770887,0.5233896603314613,0.00936269760131836,0.649783466719004
pi05_base_h16,0.1,train,train_natural,Sun_Aug__9_19:19:18_2026,left,0,0.5977011494252874,0.5037245957909305,0.49724368873360664,-0.0011025356749693553,0.6872213320151781
pi05_base_h16,0.1,train,train_natural,Sun_Aug__9_19:19:42_2026,right,1,0.9506172839506173,0.5108949715735551,0.5179269727567275,0.007173864170908928,0.6667736103723408
pi05_base_h16,0.1,train,train_natural,Sun_Aug__9_19:20:01_2026,left,0,0.4931506849315068,0.49312468889982275,0.4794026555978149,-0.00824360301097234,0.7137098728210044
pi05_base_h16,0.1,train,train_natural,Sun_Aug__9_19:20:39_2026,right,1,0.9428571428571428,0.51957218428315,0.5300509949050373,0.012034902969996134,0.6467473337523423
pi05_base_h16,0.1,train,train_natural,Sun_Aug__9_19:21:05_2026,left,0,0.057971014492753624,0.4906507823624851,0.47865435294351943,-0.00854345162709554,0.7196076517418735
pi05_base_h16,0.1,train,train_natural,Sun_Aug__9_19:21:56_2026,left,0,0.06349206349206349,0.4957141501034989,0.4915857672197531,-0.003366010884443919,0.7039413269733817
pi05_base_h16,0.1,train,train_natural,Sun_Aug__9_19:22:17_2026,right,1,0.949367088607595,0.5257463996119602,0.5403606428319104,0.016179459790388744,0.6351800358443874
pi05_base_h16,0.3,test,C0_natural_direct,Sun_Aug__9_19:29:02_2026,left,0,0.047619047619047616,0.4947908025752792,0.49241189052603007,-0.00910643053551515,0.7055156141482777
pi05_base_h16,0.3,test,C0_natural_direct,Sun_Aug__9_19:29:23_2026,right,1,0.9550561797752809,0.5018091570003222,0.5037106076555339,0.004452810933192571,0.688652522809677
pi05_base_h16,0.3,test,C1_mild_exaggeration,Sun_Aug__9_19:30:32_2026,left,1,0.7802197802197801,0.5007631624716093,0.5012112623186177,0.001453517625729243,0.6913678314436383
pi05_base_h16,0.3,test,C1_mild_exaggeration,Sun_Aug__9_19:31:21_2026,right,1,0.46938775510204084,0.5003109301035473,0.5025782215900234,0.00309389332930247,0.6917514434986247
pi05_base_h16,0.3,test,C2_strong_exaggeration,Sun_Aug__9_19:33:31_2026,left,1,0.9534883720930233,0.522312675068084,0.5314642704853718,0.037807082757353776,0.6427945297603639
pi05_base_h16,0.3,test,C2_strong_exaggeration,Sun_Aug__9_19:33:54_2026,right,0,0.4642857142857143,0.49856971862926236,0.49517227935699437,-0.005793444812297821,0.6967179932485211
pi05_base_h16,0.3,test,C3_extreme_exaggeration,Sun_Aug__9_19:34:35_2026,right,0,0.4855491329479768,0.4989946472684944,0.4947853538715967,-0.006257802248001099,0.695798608712378
pi05_base_h16,0.3,test,C3_extreme_exaggeration,Sun_Aug__9_19:35:12_2026,left,0,0.5074626865671641,0.5005254277682573,0.4957659362582069,-0.005080997943878174,0.6931060952977719
pi05_base_h16,0.3,train,train_natural,Sun_Aug__9_19:07:45_2026,left,0,0.05714285714285714,0.4963610872355201,0.4940800546194399,-0.007104266434907913,0.7020591144054045
pi05_base_h16,0.3,train,train_natural,Sun_Aug__9_19:08:45_2026,right,1,0.9393939393939394,0.50439807389585,0.5074885783768962,0.008986966063578924,0.6819585070169281
pi05_base_h16,0.3,train,train_natural,Sun_Aug__9_19:09:06_2026,left,0,0.05194805194805195,0.4940884946602454,0.4925203830772471,-0.008976209908723831,0.7067040548066632
pi05_base_h16,0.3,train,train_natural,Sun_Aug__9_19:09:27_2026,right,1,0.9420289855072463,0.5088477265877582,0.5121501740360588,0.01458307976524035,0.6723226896452327
pi05_base_h16,0.3,train,train_natural,Sun_Aug__9_19:09:58_2026,right,1,0.9459459459459459,0.5041107668806727,0.5039588681230285,0.004750741024812062,0.6841533454783498
pi05_base_h16,0.3,train,train_natural,Sun_Aug__9_19:10:16_2026,left,0,0.06060606060606061,0.4976012625438938,0.495353854401627,-0.005575535198052724,0.6994960648679509
pi05_base_h16,0.3,train,train_natural,Sun_Aug__9_19:10:44_2026,right,1,0.9420289855072463,0.5044814654612538,0.5069482942412935,0.008338489880164465,0.6822467299738288
pi05_base_h16,0.3,train,train_natural,Sun_Aug__9_19:11:06_2026,left,0,0.05263157894736842,0.4969955104997629,0.4966335598372056,-0.004039789239565531,0.699899538441107
pi05_base_h16,0.3,train,train_natural,Sun_Aug__9_19:11:26_2026,left,0,0.057971014492753624,0.49809172307161415,0.4967905057379165,-0.0038514460126558943,0.6979358013669115
pi05_base_h16,0.3,train,train_natural,Sun_Aug__9_19:11:48_2026,right,1,0.7674418604651163,0.5017496523847929,0.5043779434415114,0.005253666390975317,0.6884612476200588
pi05_base_h16,0.3,train,train_natural,Sun_Aug__9_19:12:15_2026,left,1,0.9375,0.5024664972339618,0.5040799405110602,0.00489603728055954,0.6872152228468054
pi05_base_h16,0.3,train,train_natural,Sun_Aug__9_19:12:36_2026,right,1,0.9600000000000001,0.5090577452574165,0.5148935378176096,0.01787753403186798,0.6721258285458179
pi05_base_h16,0.3,train,train_natural,Sun_Aug__9_19:13:10_2026,right,1,0.9506172839506173,0.5044771881989676,0.505449640717112,0.006539827833573023,0.6830661879897413
pi05_base_h16,0.3,train,train_natural,Sun_Aug__9_19:13:30_2026,left,0,0.44366197183098594,0.5000314080538223,0.4999793789660054,-2.4745240807533156e-05,0.6930622954558502
pi05_base_h16,0.3,train,train_natural,Sun_Aug__9_19:15:02_2026,right,1,0.949367088607595,0.5027107738455485,0.5045166529633984,0.005420130987962086,0.6868091900152721
pi05_base_h16,0.3,train,train_natural,Sun_Aug__9_19:15:26_2026,left,1,0.9500000000000001,0.5020715165240999,0.5018690594647262,0.002242881804704666,0.6886413547763036
pi05_base_h16,0.3,train,train_natural,Sun_Aug__9_19:15:54_2026,right,1,0.9428571428571428,0.5062836838113041,0.5102438142302709,0.012294297417004905,0.6777256630361854
pi05_base_h16,0.3,train,train_natural,Sun_Aug__9_19:16:22_2026,left,1,0.9420289855072463,0.5062394540187529,0.5082129013348461,0.009856368104616802,0.6786277875637241
pi05_base_h16,0.3,train,train_natural,Sun_Aug__9_19:16:48_2026,right,1,0.9384615384615385,0.5072834986623722,0.5123645514750987,0.014840487390756605,0.6743558538147884
pi05_base_h16,0.3,train,train_natural,Sun_Aug__9_19:17:13_2026,left,0,0.0784313725490196,0.4964206978779769,0.4968003566564866,-0.003839624424775441,0.7009713778415889
pi05_base_h16,0.3,train,train_natural,Sun_Aug__9_19:17:36_2026,right,1,0.9375,0.5015199265566129,0.5032500351116814,0.003900097062190374,0.6893051676611619
pi05_base_h16,0.3,train,train_natural,Sun_Aug__9_19:17:54_2026,left,0,0.04819277108433735,0.4962183124557736,0.4963031968919362,-0.00443624456723531,0.7013460419169109
pi05_base_h16,0.3,train,train_natural,Sun_Aug__9_19:18:14_2026,left,0,0.04819277108433735,0.4942755559796483,0.49215425858067036,-0.009415662537018457,0.7064887042328484
pi05_base_h16,0.3,train,train_natural,Sun_Aug__9_19:18:37_2026,right,1,0.75,0.5007950808247628,0.5027508518120843,0.0033010554810365043,0.6910183532487826
pi05_base_h16,0.3,train,train_natural,Sun_Aug__9_19:18:58_2026,right,1,0.9466666666666667,0.506537701862415,0.5078016147795431,0.00936269760131836,0.6784696543900202
pi05_base_h16,0.3,train,train_natural,Sun_Aug__9_19:19:18_2026,left,0,0.5977011494252874,0.5012416202836639,0.4990812213049823,-0.0011025356749693553,0.6911594626463834
pi05_base_h16,0.3,train,train_natural,Sun_Aug__9_19:19:42_2026,right,1,0.9506172839506173,0.5036324966588817,0.5059779352836417,0.007173864170908928,0.6842679164572121
pi05_base_h16,0.3,train,train_natural,Sun_Aug__9_19:20:01_2026,left,0,0.4931506849315068,0.4977071267921841,0.4931307630527047,-0.00824360301097234,0.6999036488448236
pi05_base_h16,0.3,train,train_natural,Sun_Aug__9_19:20:39_2026,right,1,0.9428571428571428,0.5065294821174032,0.5100277410232199,0.012034902969996134,0.6773950626468644
pi05_base_h16,0.3,train,train_natural,Sun_Aug__9_19:21:05_2026,left,0,0.057971014492753624,0.4968827480806243,0.4928809381045792,-0.00854345162709554,0.7018714296808408
pi05_base_h16,0.3,train,train_natural,Sun_Aug__9_19:21:56_2026,left,0,0.06349206349206349,0.49857132967958906,0.4971950203559586,-0.003366010884443919,0.6967309665781187
pi05_base_h16,0.3,train,train_natural,Sun_Aug__9_19:22:17_2026,right,1,0.949367088607595,0.5085940978089089,0.5134796160712851,0.016179459790388744,0.6733676243719926
pi05_base_h16,1.0,test,C0_natural_direct,Sun_Aug__9_19:29:02_2026,left,0,0.047619047619047616,0.4984371568458655,0.49772340809869214,-0.00910643053551515,0.6968403241903217
pi05_base_h16,1.0,test,C0_natural_direct,Sun_Aug__9_19:29:23_2026,right,1,0.9550561797752809,0.5005427534524007,0.5011132008939638,0.004452810933192571,0.6917958215763463
pi05_base_h16,1.0,test,C1_mild_exaggeration,Sun_Aug__9_19:30:32_2026,left,1,0.7802197802197801,0.5002289498074614,0.5003633793424559,0.001453517625729243,0.692612615044788
pi05_base_h16,1.0,test,C1_mild_exaggeration,Sun_Aug__9_19:31:21_2026,right,1,0.46938775510204084,0.5000932794014721,0.5007734727153409,0.00309389332930247,0.6927276820340891
pi05_base_h16,1.0,test,C2_strong_exaggeration,Sun_Aug__9_19:33:31_2026,left,1,0.9534883720930233,0.5067001554166437,0.509450645006114,0.037807082757353776,0.6777348254431357
pi05_base_h16,1.0,test,C2_strong_exaggeration,Sun_Aug__9_19:33:54_2026,right,0,0.4642857142857143,0.49957090309602964,0.4985516428479786,-0.005793444812297821,0.6942141272404084
pi05_base_h16,1.0,test,C3_extreme_exaggeration,Sun_Aug__9_19:34:35_2026,right,0,0.4855491329479768,0.49969838012449647,0.498435554543315,-0.006257802248001099,0.6939378260703701
pi05_base_h16,1.0,test,C3_extreme_exaggeration,Sun_Aug__9_19:35:12_2026,left,0,0.5074626865671641,0.500157638756205,0.4987297532468106,-0.005080997943878174,0.6931301048167813
pi05_base_h16,1.0,train,train_natural,Sun_Aug__9_19:07:45_2026,left,0,0.05714285714285714,0.4989083008313236,0.4982239408611645,-0.007104266434907913,0.6958120678834969
pi05_base_h16,1.0,train,train_natural,Sun_Aug__9_19:08:45_2026,right,1,0.9393939393939394,0.5013194706059534,0.5022467263944057,0.008986966063578924,0.689776284801703
pi05_base_h16,1.0,train,train_natural,Sun_Aug__9_19:09:06_2026,left,0,0.05194805194805195,0.49822644496292323,0.4977559625900783,-0.008976209908723831,0.6971946053136523
pi05_base_h16,1.0,train,train_natural,Sun_Aug__9_19:09:27_2026,right,1,0.9420289855072463,0.5026546829688665,0.5036457053316762,0.01458307976524035,0.6868514443146634
pi05_base_h16,1.0,train,train_natural,Sun_Aug__9_19:09:58_2026,right,1,0.9459459459459459,0.5012332701445379,0.5011876830224156,0.004750741024812062,0.6904397473732619
pi05_base_h16,1.0,train,train_natural,Sun_Aug__9_19:10:16_2026,left,0,0.06060606060606061,0.4992803699073967,0.4986061198114004,-0.005575535198052724,0.695047110900009
pi05_base_h16,1.0,train,train_natural,Sun_Aug__9_19:10:44_2026,right,1,0.9420289855072463,0.5013444951970378,0.5020846103914033,0.008338489880164465,0.6898632079966377
pi05_base_h16,1.0,train,train_natural,Sun_Aug__9_19:11:06_2026,left,0,0.05263157894736842,0.4990986336011864,0.49899005406362607,-0.004039789239565531,0.6951673058678935
pi05_base_h16,1.0,train,train_natural,Sun_Aug__9_19:11:26_2026,left,0,0.057971014492753624,0.4994275123632364,0.49903713968706237,-0.0038514460126558943,0.6945810819609421
pi05_base_h16,1.0,train,train_natural,Sun_Aug__9_19:11:48_2026,right,1,0.7674418604651163,0.5005249040636961,0.5013134135767834,0.005253666390975317,0.6917374624733613
pi05_base_h16,1.0,train,train_natural,Sun_Aug__9_19:12:15_2026,left,1,0.9375,0.5007399605083509,0.5012240068750666,0.00489603728055954,0.691363156469697
pi05_base_h16,1.0,train,train_natural,Sun_Aug__9_19:12:36_2026,right,1,0.9600000000000001,0.5027177419749214,0.5044692644748728,0.01787753403186798,0.6867879602004805
pi05_base_h16,1.0,train,train_natural,Sun_Aug__9_19:13:10_2026,right,1,0.9506172839506173,0.5013431968977833,0.5016349511312479,0.006539827833573023,0.6901120749495168
pi05_base_h16,1.0,train,train_natural,Sun_Aug__9_19:13:30_2026,left,0,0.44366197183098594,0.5000094224246621,0.49999381368979845,-2.4745240807533156e-05,0.693121669223945
pi05_base_h16,1.0,train,train_natural,Sun_Aug__9_19:15:02_2026,right,1,0.949367088607595,0.5008132473903998,0.5013550294296746,0.005420130987962086,0.6912405494503673
pi05_base_h16,1.0,train,train_natural,Sun_Aug__9_19:15:26_2026,left,1,0.9500000000000001,0.5006214600880294,0.5005607202161168,0.002242881804704666,0.6917931105472326
pi05_base_h16,1.0,train,train_natural,Sun_Aug__9_19:15:54_2026,right,1,0.9428571428571428,0.5018852553945422,0.5030735356406704,0.012294297417004905,0.6884928678791246
pi05_base_h16,1.0,train,train_natural,Sun_Aug__9_19:16:22_2026,left,1,0.9420289855072463,0.5018719824820871,0.5024640720778819,0.009856368104616802,0.6887670202631127
pi05_base_h16,1.0,train,train_natural,Sun_Aug__9_19:16:48_2026,right,1,0.9384615384615385,0.5021853226416394,0.5037100537560654,0.014840487390756605,0.6874667550264618
pi05_base_h16,1.0,train,train_natural,Sun_Aug__9_19:17:13_2026,left,0,0.0784313725490196,0.4989261841503037,0.4990400950731063,-0.003839624424775441,0.6954878283622874
pi05_base_h16,1.0,train,train_natural,Sun_Aug__9_19:17:36_2026,right,1,0.9375,0.5004559818607157,0.5009750230296447,0.003900097062190374,0.6919923950133255
pi05_base_h16,1.0,train,train_natural,Sun_Aug__9_19:17:54_2026,left,0,0.04819277108433735,0.49886546355106676,0.4988909406770724,-0.00443624456723531,0.6955993938071187
pi05_base_h16,1.0,train,train_natural,Sun_Aug__9_19:18:14_2026,left,0,0.04819277108433735,0.4982825539825782,0.4976461017560651,-0.009415662537018457,0.6971292730146658
pi05_base_h16,1.0,train,train_natural,Sun_Aug__9_19:18:37_2026,right,1,0.75,0.5002385250719065,0.5008252631208538,0.0033010554810365043,0.6925061139498044
pi05_base_h16,1.0,train,train_natural,Sun_Aug__9_19:18:58_2026,right,1,0.9466666666666667,0.5019614465318779,0.5023406573018322,0.00936269760131836,0.6887205017116093
pi05_base_h16,1.0,train,train_natural,Sun_Aug__9_19:19:18_2026,left,0,0.5977011494252874,0.5003724891004554,0.49972436610917903,-0.0011025356749693553,0.6925495594398234
pi05_base_h16,1.0,train,train_natural,Sun_Aug__9_19:19:42_2026,right,1,0.9506172839506173,0.5010897776545923,0.5017934583511399,0.007173864170908928,0.690474151584502
pi05_base_h16,1.0,train,train_natural,Sun_Aug__9_19:20:01_2026,left,0,0.4931506849315068,0.4993121003824916,0.49793911091822873,-0.00824360301097234,0.6951638528159687
pi05_base_h16,1.0,train,train_natural,Sun_Aug__9_19:20:39_2026,right,1,0.9428571428571428,0.501959029839021,0.5030086894279838,0.012034902969996134,0.6883915470785389
pi05_base_h16,1.0,train,train_natural,Sun_Aug__9_19:21:05_2026,left,0,0.057971014492753624,0.4990647955380058,0.4978641500846181,-0.00854345162709554,0.69575438183351
pi05_base_h16,1.0,train,train_natural,Sun_Aug__9_19:21:56_2026,left,0,0.06349206349206349,0.49957139707162945,0.499158498073409,-0.003366010884443919,0.6942208187108551
pi05_base_h16,1.0,train,train_natural,Sun_Aug__9_19:22:17_2026,right,1,0.949367088607595,0.5025786385189069,0.5040447767128908,0.016179459790388744,0.6871652543712681
pi05_base_h16,3.0,test,C0_natural_direct,Sun_Aug__9_19:29:02_2026,left,0,0.047619047619047616,0.49947904982236163,0.4992411313713992,-0.00910643053551515,0.6943765725129446
pi05_base_h16,3.0,test,C0_natural_direct,Sun_Aug__9_19:29:23_2026,right,1,0.9550561797752809,0.5001809180036186,0.5003710675096424,0.004452810933192571,0.692696445499844
pi05_base_h16,3.0,test,C1_mild_exaggeration,Sun_Aug__9_19:30:32_2026,left,1,0.7802197802197801,0.5000763166337249,0.5001211264664412,0.001453517625729243,0.6929689195994205
pi05_base_h16,3.0,test,C1_mild_exaggeration,Sun_Aug__9_19:31:21_2026,right,1,0.46938775510204084,0.5000310931446785,0.5002578244212573,0.00309389332930247,0.6930072736789279
pi05_base_h16,3.0,test,C2_strong_exaggeration,Sun_Aug__9_19:33:31_2026,left,1,0.9534883720930233,0.502233571565655,0.5031505485325111,0.037807082757353776,0.6879805109914433
pi05_base_h16,3.0,test,C2_strong_exaggeration,Sun_Aug__9_19:33:54_2026,right,0,0.4642857142857143,0.4998569673325757,0.4995172130823479,-0.005793444812297821,0.6935024201963126
pi05_base_h16,3.0,test,C3_extreme_exaggeration,Sun_Aug__9_19:34:35_2026,right,0,0.4855491329479768,0.49989945962958193,0.4994785166684197,-0.006257802248001099,0.6934102735370038
pi05_base_h16,3.0,test,C3_extreme_exaggeration,Sun_Aug__9_19:35:12_2026,left,0,0.5074626865671641,0.5000525465576013,0.49957658360589113,-0.005080997943878174,0.6931410362405115
pi05_base_h16,3.0,train,train_natural,Sun_Aug__9_19:07:45_2026,left,0,0.05714285714285714,0.49963609953453764,0.4994079780737549,-0.007104266434907913,0.694034648428791
pi05_base_h16,3.0,train,train_natural,Sun_Aug__9_19:08:45_2026,right,1,0.9393939393939394,0.5004398249548019,0.5007489132785724,0.008986966063578924,0.6920221872885095
pi05_base_h16,3.0,train,train_natural,Sun_Aug__9_19:09:06_2026,left,0,0.05194805194805195,0.4994088119563191,0.499251983065657,-0.008976209908723831,0.6944944518228474
pi05_base_h16,3.0,train,train_natural,Sun_Aug__9_19:09:27_2026,right,1,0.9420289855072463,0.5008849050208182,0.5012152542541087,0.01458307976524035,0.691043992840106
pi05_base_h16,3.0,train,train_natural,Sun_Aug__9_19:09:58_2026,right,1,0.9459459459459459,0.5004110912227517,0.500395895002668,0.004750741024812062,0.69224381874751
pi05_base_h16,3.0,train,train_natural,Sun_Aug__9_19:10:16_2026,left,0,0.06060606060606061,0.4997601230429509,0.4995353722005669,-0.005575535198052724,0.6937800397197477
pi05_base_h16,3.0,train,train_natural,Sun_Aug__9_19:10:44_2026,right,1,0.9420289855072463,0.5004481666938722,0.5006948737093206,0.008338489880164465,0.6920512051477793
pi05_base_h16,3.0,train,train_natural,Sun_Aug__9_19:11:06_2026,left,0,0.05263157894736842,0.4996995439608515,0.49966335094757397,-0.004039789239565531,0.6938200240295466
pi05_base_h16,3.0,train,train_natural,Sun_Aug__9_19:11:26_2026,left,0,0.057971014492753624,0.4998091706541688,0.4996790462096945,-0.0038514460126558943,0.6936248919926917
pi05_base_h16,3.0,train,train_natural,Sun_Aug__9_19:11:48_2026,right,1,0.7674418604651163,0.5001749682658747,0.5004378054206936,0.005253666390975317,0.6926768994594913
pi05_base_h16,3.0,train,train_natural,Sun_Aug__9_19:12:15_2026,left,1,0.9375,0.500246653835045,0.5004080030161548,0.00489603728055954,0.6925520833079682
pi05_base_h16,3.0,train,train_natural,Sun_Aug__9_19:12:36_2026,right,1,0.9600000000000001,0.5009059262550902,0.5014897900938973,0.01787753403186798,0.6910224098037024
pi05_base_h16,3.0,train,train_natural,Sun_Aug__9_19:13:10_2026,right,1,0.9506172839506173,0.500447733484307,0.5005449854369768,0.006539827833573023,0.692134449349289
pi05_base_h16,3.0,train,train_natural,Sun_Aug__9_19:13:30_2026,left,0,0.44366197183098594,0.5000031408084703,0.49999793789659935,-2.4745240807533156e-05,0.6931386724189187
pi05_base_h16,3.0,train,train_natural,Sun_Aug__9_19:15:02_2026,right,1,0.949367088607595,0.5002710829099768,0.5004516774594663,0.005420130987962086,0.6925111383783655
pi05_base_h16,3.0,train,train_natural,Sun_Aug__9_19:15:26_2026,left,1,0.9500000000000001,0.5002071535130318,0.5001869068083528,0.002242881804704666,0.6926956027183131
pi05_base_h16,3.0,train,train_natural,Sun_Aug__9_19:15:54_2026,right,1,0.9428571428571428,0.500628422868347,0.5010245233508949,0.012294297417004905,0.6915930897269953
pi05_base_h16,3.0,train,train_natural,Sun_Aug__9_19:16:22_2026,left,1,0.9420289855072463,0.5006239984476659,0.5008213632698868,0.009856368104616802,0.691684808671225
pi05_base_h16,3.0,train,train_natural,Sun_Aug__9_19:16:48_2026,right,1,0.9384615384615385,0.5007284488833513,0.5012367047606017,0.014840487390756605,0.6912496070681581
pi05_base_h16,3.0,train,train_natural,Sun_Aug__9_19:17:13_2026,left,0,0.0784313725490196,0.4996420606445652,0.4996800313416132,-0.003839624424775441,0.693926766829108
pi05_base_h16,3.0,train,train_natural,Sun_Aug__9_19:17:36_2026,right,1,0.9375,0.5001519940676755,0.5003250080427416,0.003900097062190374,0.6927620442641425
pi05_base_h16,3.0,train,train_natural,Sun_Aug__9_19:17:54_2026,left,0,0.04819277108433735,0.4996218202990861,0.4996303130200964,-0.00443624456723531,0.6939638758987566
pi05_base_h16,3.0,train,train_natural,Sun_Aug__9_19:18:14_2026,left,0,0.04819277108433735,0.49942751468806035,0.4992153620993395,-0.009415662537018457,0.6944726051273671
pi05_base_h16,3.0,train,train_natural,Sun_Aug__9_19:18:37_2026,right,1,0.75,0.5000795083814626,0.5002750879289973,0.0033010554810365043,0.6929332613630965
pi05_base_h16,3.0,train,train_natural,Sun_Aug__9_19:18:58_2026,right,1,0.9466666666666667,0.5006538194955681,0.5007802241668272,0.00936269760131836,0.6916693902616445
pi05_base_h16,3.0,train,train_natural,Sun_Aug__9_19:19:18_2026,left,0,0.5977011494252874,0.5001241631218482,0.49990812202812,-0.0011025356749693553,0.6929478491624742
pi05_base_h16,3.0,train,train_natural,Sun_Aug__9_19:19:42_2026,right,1,0.9506172839506173,0.5003632600579938,0.5005978217293675,0.007173864170908928,0.6922552899530331
pi05_base_h16,3.0,train,train_natural,Sun_Aug__9_19:20:01_2026,left,0,0.4931506849315068,0.49977069902398175,0.4993130335146798,-0.00824360301097234,0.6938184266858928
pi05_base_h16,3.0,train,train_natural,Sun_Aug__9_19:20:39_2026,right,1,0.9428571428571428,0.5006530153742841,0.5010029072358336,0.012034902969996134,0.6915591122261843
pi05_base_h16,3.0,train,train_natural,Sun_Aug__9_19:21:05_2026,left,0,0.057971014492753624,0.4996882643328047,0.4992880461789078,-0.00854345162709554,0.6940152882413776
pi05_base_h16,3.0,train,train_natural,Sun_Aug__9_19:21:56_2026,left,0,0.06349206349206349,0.49985713230351714,0.4997194991223897,-0.003366010884443919,0.6935049173091752
pi05_base_h16,3.0,train,train_natural,Sun_Aug__9_19:22:17_2026,right,1,0.949367088607595,0.5008595581663667,0.5013482850478377,0.016179459790388744,0.691148627504746
pi05_base_h16,10.0,test,C0_natural_direct,Sun_Aug__9_19:29:02_2026,left,0,0.047619047619047616,0.4998437148627743,0.4997723392523448,-0.00910643053551515,0.6935158242731522
pi05_base_h16,10.0,test,C0_natural_direct,Sun_Aug__9_19:29:23_2026,right,1,0.9550561797752809,0.500054275407438,0.5001113202714905,0.004452810933192571,0.6930119304250026
pi05_base_h16,10.0,test,C1_mild_exaggeration,Sun_Aug__9_19:30:32_2026,left,1,0.7802197802197801,0.5000228949911835,0.5000363379405792,0.001453517625729243,0.6930936946639612
pi05_base_h16,10.0,test,C1_mild_exaggeration,Sun_Aug__9_19:31:21_2026,right,1,0.46938775510204084,0.500009327943774,0.5000773473326156,0.00309389332930247,0.6931052007215357
pi05_base_h16,10.0,test,C2_strong_exaggeration,Sun_Aug__9_19:33:31_2026,left,1,0.9534883720930233,0.500670077832314,0.5009451759430913,0.037807082757353776,0.6915941116037841
pi05_base_h16,10.0,test,C2_strong_exaggeration,Sun_Aug__9_19:33:54_2026,right,0,0.4642857142857143,0.4999570901872795,0.4998551638837436,-0.005793444812297821,0.69325370947879
pi05_base_h16,10.0,test,C3_extreme_exaggeration,Sun_Aug__9_19:34:35_2026,right,0,0.4855491329479768,0.49996983787481786,0.4998435549489053,-0.006257802248001099,0.6932260606227043
pi05_base_h16,10.0,test,C3_extreme_exaggeration,Sun_Aug__9_19:35:12_2026,left,0,0.5074626865671641,0.5000157639777068,0.4998729750541358,-0.005080997943878174,0.6931452897615039
pi05_base_h16,10.0,train,train_natural,Sun_Aug__9_19:07:45_2026,left,0,0.05714285714285714,0.499890829835021,0.4998223933465973,-0.007104266434907913,0.6934133339903383
pi05_base_h16,10.0,train,train_natural,Sun_Aug__9_19:08:45_2026,right,1,0.9393939393939394,0.5001319475348808,0.5002246741364679,0.008986966063578924,0.6928095396360907
pi05_base_h16,10.0,train,train_natural,Sun_Aug__9_19:09:06_2026,left,0,0.05194805194805195,0.49982264348345107,0.4997755947673493,-0.008976209908723831,0.6935511655542511
pi05_base_h16,10.0,train,train_natural,Sun_Aug__9_19:09:27_2026,right,1,0.9420289855072463,0.5002654718713164,0.50036457692952,0.01458307976524035,0.6925157402971764
pi05_base_h16,10.0,train,train_natural,Sun_Aug__9_19:09:58_2026,right,1,0.9459459459459459,0.5001233274069079,0.5001187685233865,0.004750741024812062,0.6928760791872449
pi05_base_h16,10.0,train,train_natural,Sun_Aug__9_19:10:16_2026,left,0,0.06060606060606061,0.4999280369040294,0.4998606116236596,-0.005575535198052724,0.6933369909577077
pi05_base_h16,10.0,train,train_natural,Sun_Aug__9_19:10:44_2026,right,1,0.9420289855072463,0.5001344500637241,0.5002084622349254,0.008338489880164465,0.6928182495573021
pi05_base_h16,10.0,train,train_natural,Sun_Aug__9_19:11:06_2026,left,0,0.05263157894736842,0.4999098631687059,0.4998990052703844,-0.004039789239565531,0.6933489777792722
pi05_base_h16,10.0,train,train_natural,Sun_Aug__9_19:11:26_2026,left,0,0.057971014492753624,0.4999427511916923,0.49990371385087384,-0.0038514460126558943,0.6932904671411555
pi05_base_h16,10.0,train,train_natural,Sun_Aug__9_19:11:48_2026,right,1,0.7674418604651163,0.5000524904881108,0.5001313416567534,0.005253666390975317,0.6930060568472484
pi05_base_h16,10.0,train,train_natural,Sun_Aug__9_19:12:15_2026,left,1,0.9375,0.500073996161852,0.5001224009295689,0.00489603728055954,0.6929686070160039
pi05_base_h16,10.0,train,train_natural,Sun_Aug__9_19:12:36_2026,right,1,0.9600000000000001,0.5002717782950256,0.5004469382317598,0.01787753403186798,0.6925092211098641
pi05_base_h16,10.0,train,train_natural,Sun_Aug__9_19:13:10_2026,right,1,0.9506172839506173,0.5001343200857319,0.5001634956900122,0.006539827833573023,0.6928432531157771
pi05_base_h16,10.0,train,train_natural,Sun_Aug__9_19:13:30_2026,left,0,0.44366197183098594,0.5000009422425495,0.49999938136897987,-2.4745240807533156e-05,0.6931446276595896
pi05_base_h16,10.0,train,train_natural,Sun_Aug__9_19:15:02_2026,right,1,0.949367088607595,0.5000813248882302,0.5001355032713817,0.005420130987962086,0.6929563155651699
pi05_base_h16,10.0,train,train_natural,Sun_Aug__9_19:15:26_2026,left,1,0.9500000000000001,0.5000621460590404,0.5000560720448826,0.002242881804704666,0.6930116839845153
pi05_base_h16,10.0,train,train_natural,Sun_Aug__9_19:15:54_2026,right,1,0.9428571428571428,0.5001885270107751,0.500307357396711,0.012294297417004905,0.692680674714642
pi05_base_h16,10.0,train,train_natural,Sun_Aug__9_19:16:22_2026,left,1,0.9420289855072463,0.5001871996805941,0.5002464091826669,0.009856368104616802,0.6927082255541175
pi05_base_h16,10.0,train,train_natural,Sun_Aug__9_19:16:48_2026,right,1,0.9384615384615385,0.5002185349381059,0.5003710121166758,0.014840487390756605,0.6925774781850322
pi05_base_h16,10.0,train,train_natural,Sun_Aug__9_19:17:13_2026,left,0,0.0784313725490196,0.4998926181681556,0.49990400939055996,-0.003839624424775441,0.6933809903257823
pi05_base_h16,10.0,train,train_natural,Sun_Aug__9_19:17:36_2026,right,1,0.9375,0.5000455982241965,0.5000975024253189,0.003900097062190374,0.6930316178542624
pi05_base_h16,10.0,train,train_natural,Sun_Aug__9_19:17:54_2026,left,0,0.04819277108433735,0.49988654605953864,0.499889093887638,-0.00443624456723531,0.6933921147083768
pi05_base_h16,10.0,train,train_natural,Sun_Aug__9_19:18:14_2026,left,0,0.04819277108433735,0.49982825429359545,0.499764608453965,-0.009415662537018457,0.6935446042729269
pi05_base_h16,10.0,train,train_natural,Sun_Aug__9_19:18:37_2026,right,1,0.75,0.5000238525152633,0.5000825263862766,0.0033010554810365043,0.6930829806165629
pi05_base_h16,10.0,train,train_natural,Sun_Aug__9_19:18:58_2026,right,1,0.9466666666666667,0.5001961459846578,0.5002340674229343,0.00936269760131836,0.6927036092477512
pi05_base_h16,10.0,train,train_natural,Sun_Aug__9_19:19:18_2026,left,0,0.5977011494252874,0.5000372489395699,0.49997243660815366,-0.0011025356749693553,0.6930873680831674
pi05_base_h16,10.0,train,train_natural,Sun_Aug__9_19:19:42_2026,right,1,0.9506172839506173,0.5001089780460564,0.5001793465965811,0.007173864170908928,0.6928795208780892
pi05_base_h16,10.0,train,train_natural,Sun_Aug__9_19:20:01_2026,left,0,0.4931506849315068,0.49993120966953675,0.4997939099363967,-0.00824360301097234,0.693348451711676
pi05_base_h16,10.0,train,train_natural,Sun_Aug__9_19:20:39_2026,right,1,0.9428571428571428,0.5001959047975161,0.5003008725379349,0.012034902969996134,0.6926704600545829
pi05_base_h16,10.0,train,train_natural,Sun_Aug__9_19:21:05_2026,left,0,0.057971014492753624,0.4999064792709534,0.49978641372231414,-0.00854345162709554,0.6934075121260376
pi05_base_h16,10.0,train,train_natural,Sun_Aug__9_19:21:56_2026,left,0,0.06349206349206349,0.49995713968922284,0.4999158497286834,-0.003366010884443919,0.6932544866080954
pi05_base_h16,10.0,train,train_natural,Sun_Aug__9_19:22:17_2026,right,1,0.949367088607595,0.5002578678591936,0.5004044864065227,0.016179459790388744,0.6925471339835836
pi05_droid_h16,0.01,test,C0_natural_direct,Sun_Aug__9_19:29:02_2026,left,1,0.7619047619047619,0.7033394072219235,0.8299720109398695,0.015854289134343467,0.3430935159377904
pi05_droid_h16,0.01,test,C0_natural_direct,Sun_Aug__9_19:29:23_2026,right,0,0.0449438202247191,0.046020328573694945,0.0007208951451041595,-0.07234295705954234,7.276270203624066
pi05_droid_h16,0.01,test,C1_mild_exaggeration,Sun_Aug__9_19:30:32_2026,left,1,0.9560439560439561,0.9492914606617983,0.9864369623617641,0.042867511510848985,0.008524770738575901
pi05_droid_h16,0.01,test,C1_mild_exaggeration,Sun_Aug__9_19:31:21_2026,right,1,0.9591836734693878,0.9176888011906488,0.9841373081029519,0.041277954975763954,0.0421612236901882
pi05_droid_h16,0.01,test,C2_strong_exaggeration,Sun_Aug__9_19:33:31_2026,left,1,0.9534883720930233,0.9534878569183033,0.9999999999999982,0.3400833110014597,4.6151132544091654e-07
pi05_droid_h16,0.01,test,C2_strong_exaggeration,Sun_Aug__9_19:33:54_2026,right,1,0.39285714285714285,0.39105696558879044,0.9228318033402934,0.02481459577878316,1.3312217650523628
pi05_droid_h16,0.01,test,C3_extreme_exaggeration,Sun_Aug__9_19:34:35_2026,right,1,0.9768786127167629,0.9755925299429239,0.9999861003556807,0.11183633406956991,0.0012725449102048967
pi05_droid_h16,0.01,test,C3_extreme_exaggeration,Sun_Aug__9_19:35:12_2026,left,1,0.9701492537313433,0.9700508239717666,0.9999999994283775,0.21282542248566946,9.163228476979597e-05
pi05_droid_h16,0.01,train,train_natural,Sun_Aug__9_19:07:45_2026,left,1,0.2571428571428571,0.4375299540043121,0.8695518079168676,0.018970017631848655,0.7783292618399222
pi05_droid_h16,0.01,train,train_natural,Sun_Aug__9_19:08:45_2026,right,0,0.06060606060606061,0.06563451936988968,0.0002023328559968621,-0.08505394061406454,6.667740362928879
pi05_droid_h16,0.01,train,train_natural,Sun_Aug__9_19:09:06_2026,left,1,0.948051948051948,0.9426201884868384,0.9957857582879964,0.05465062459309896,0.006011909634398412
pi05_droid_h16,0.01,train,train_natural,Sun_Aug__9_19:09:27_2026,right,0,0.057971014492753624,0.07178208422773236,0.0006875133917265657,-0.07281741499900816,6.3374520224864925
pi05_droid_h16,0.01,train,train_natural,Sun_Aug__9_19:09:58_2026,right,1,0.9459459459459459,0.597824596182699,0.6712775198949265,0.007139687736829122,0.4843412129791583
pi05_droid_h16,0.01,train,train_natural,Sun_Aug__9_19:10:16_2026,left,1,0.9393939393939394,0.9232825678930622,0.9999198554343363,0.09431598335504532,0.013857972306358846
pi05_droid_h16,0.01,train,train_natural,Sun_Aug__9_19:10:44_2026,right,0,0.057971014492753624,0.12389049105044994,0.0020202544694942217,-0.06202509502569834,4.622108147749417
pi05_droid_h16,0.01,train,train_natural,Sun_Aug__9_19:11:06_2026,left,1,0.9473684210526316,0.9458190564877715,0.9999974599302512,0.12883316477139792,0.0014776611238455299
pi05_droid_h16,0.01,train,train_natural,Sun_Aug__9_19:11:26_2026,left,1,0.9420289855072463,0.9154300457443599,0.9781008144807812,0.03799163301785787,0.029837364152122882
pi05_droid_h16,0.01,train,train_natural,Sun_Aug__9_19:11:48_2026,right,0,0.046511627906976744,0.05242719702772071,0.019116440488715428,-0.039379050334294625,5.071452573657356
pi05_droid_h16,0.01,train,train_natural,Sun_Aug__9_19:12:15_2026,left,1,0.9375,0.936251858415503,0.9998257291461367,0.08654725551605225,0.0012724025644673589
pi05_droid_h16,0.01,train,train_natural,Sun_Aug__9_19:12:36_2026,right,1,0.9600000000000001,0.93386462987903,0.9984841378374543,0.06490253905455272,0.024916909775976003
pi05_droid_h16,0.01,train,train_natural,Sun_Aug__9_19:13:10_2026,right,0,0.04938271604938271,0.12498473961238862,0.009086689802391008,-0.04691816369692485,2.977009021394267
pi05_droid_h16,0.01,train,train_natural,Sun_Aug__9_19:13:30_2026,left,1,0.943661971830986,0.9339648056778241,0.9992227853932069,0.07159016529719035,0.008970546142312623
pi05_droid_h16,0.01,train,train_natural,Sun_Aug__9_19:15:02_2026,right,1,0.34177215189873417,0.40905787530767623,0.9648483254316702,0.03312298655509949,1.3140218667801553
pi05_droid_h16,0.01,train,train_natural,Sun_Aug__9_19:15:26_2026,left,1,0.9500000000000001,0.9363923223694437,0.9999917009367812,0.11699359615643819,0.013886010155910244
pi05_droid_h16,0.01,train,train_natural,Sun_Aug__9_19:15:54_2026,right,0,0.05714285714285714,0.12184662472075128,7.364670533559726e-08,-0.16423986355463663,11.30200799160608
pi05_droid_h16,0.01,train,train_natural,Sun_Aug__9_19:16:22_2026,left,1,0.7101449275362318,0.751211301588736,0.9961927649560217,0.05567037562529246,0.2909840917032594
pi05_droid_h16,0.01,train,train_natural,Sun_Aug__9_19:16:48_2026,right,0,0.06153846153846154,0.07158834305712056,1.064501822579113e-05,-0.11450407902399698,8.880995056989372
pi05_droid_h16,0.01,train,train_natural,Sun_Aug__9_19:17:13_2026,left,1,0.9215686274509804,0.7816030387447147,0.9997614082908319,0.08340518176555635,0.1342344801577034
pi05_droid_h16,0.01,train,train_natural,Sun_Aug__9_19:17:36_2026,right,0,0.0625,0.07306504386195277,0.004291762129141958,-0.05446756879488627,5.273897490662662
pi05_droid_h16,0.01,train,train_natural,Sun_Aug__9_19:17:54_2026,left,1,0.9518072289156626,0.8642052137018451,0.8890674403600389,0.02081250647703806,0.11251704622866109
pi05_droid_h16,0.01,train,train_natural,Sun_Aug__9_19:18:14_2026,left,1,0.9518072289156626,0.843997623708246,0.9958177596044674,0.054727171858151756,0.10718069910687907
pi05_droid_h16,0.01,train,train_natural,Sun_Aug__9_19:18:37_2026,right,0,0.25,0.22700201316687404,4.209874869685024e-05,-0.10075450440247855,7.7600266454700435
pi05_droid_h16,0.01,train,train_natural,Sun_Aug__9_19:18:58_2026,right,0,0.05333333333333334,0.15439829756068013,0.21353778137213372,-0.013037309050559996,2.512517007404058
pi05_droid_h16,0.01,train,train_natural,Sun_Aug__9_19:19:18_2026,left,1,0.9540229885057472,0.8501833413540199,0.9999586101214997,0.10092432796955109,0.11818729188020627
pi05_droid_h16,0.01,train,train_natural,Sun_Aug__9_19:19:42_2026,right,0,0.04938271604938271,0.051309749597422204,8.812966544474747e-06,-0.11639277637004852,8.197777223005781
pi05_droid_h16,0.01,train,train_natural,Sun_Aug__9_19:20:01_2026,left,1,0.9452054794520548,0.9426858933204862,0.9999238793519378,0.09483114878336588,0.0023255694612097986
pi05_droid_h16,0.01,train,train_natural,Sun_Aug__9_19:20:39_2026,right,0,0.05714285714285714,0.08637370931122405,0.0007650721847883926,-0.07174775004386902,6.404679340260039
pi05_droid_h16,0.01,train,train_natural,Sun_Aug__9_19:21:05_2026,left,1,0.9420289855072463,0.8113995065684867,0.9573192696112675,0.031103894114494327,0.14152673678632738
pi05_droid_h16,0.01,train,train_natural,Sun_Aug__9_19:21:56_2026,left,1,0.9365079365079365,0.9197492237439595,0.9999975073953492,0.12902179857095084,0.017014934044583152
pi05_droid_h16,0.01,train,train_natural,Sun_Aug__9_19:22:17_2026,right,0,0.05063291139240506,0.05658354320247643,1.293829970328308e-06,-0.13557902475198108,10.416709366030636
pi05_droid_h16,0.03,test,C0_natural_direct,Sun_Aug__9_19:29:02_2026,left,1,0.7619047619047619,0.5917201588197528,0.6291276641189933,0.015854289134343467,0.5160365311722221
pi05_droid_h16,0.03,test,C0_natural_direct,Sun_Aug__9_19:29:23_2026,right,0,0.0449438202247191,0.12177227016420182,0.08230510047446787,-0.07234295705954234,2.513281097316883
pi05_droid_h16,0.03,test,C1_mild_exaggeration,Sun_Aug__9_19:30:32_2026,left,1,0.9560439560439561,0.8309195979898766,0.8067325235869433,0.042867511510848985,0.15936488046267508
pi05_droid_h16,0.03,test,C1_mild_exaggeration,Sun_Aug__9_19:31:21_2026,right,1,0.9591836734693878,0.751860958739164,0.7983368399445634,0.041277954975763954,0.2522128439559351
pi05_droid_h16,0.03,test,C2_strong_exaggeration,Sun_Aug__9_19:33:31_2026,left,1,0.9534883720930233,0.9507168084241324,0.9999880660383307,0.3400833110014597,0.0025011835029391293
pi05_droid_h16,0.03,test,C2_strong_exaggeration,Sun_Aug__9_19:33:54_2026,right,1,0.39285714285714285,0.44583750024982394,0.6957526511166592,0.02481459577878316,0.8295100466904196
pi05_droid_h16,0.03,test,C3_extreme_exaggeration,Sun_Aug__9_19:34:35_2026,right,1,0.9768786127167629,0.9304908814673857,0.9765207237529444,0.11183633406956991,0.049654929123746853
pi05_droid_h16,0.03,test,C3_extreme_exaggeration,Sun_Aug__9_19:35:12_2026,left,1,0.9701492537313433,0.9586649779787032,0.9991707677835772,0.21282542248566946,0.011246860384019133
pi05_droid_h16,0.03,train,train_natural,Sun_Aug__9_19:07:45_2026,left,1,0.2571428571428571,0.47831195544420596,0.6530184831896477,0.018970017631848655,0.6879670919531791
pi05_droid_h16,0.03,train,train_natural,Sun_Aug__9_19:08:45_2026,right,0,0.06060606060606061,0.1688608685097836,0.05545500498676002,-0.08505394061406454,2.3362977275639873
pi05_droid_h16,0.03,train,train_natural,Sun_Aug__9_19:09:06_2026,left,1,0.948051948051948,0.8285990313123685,0.8607684888505022,0.05465062459309896,0.14674019866297877
pi05_droid_h16,0.03,train,train_natural,Sun_Aug__9_19:09:27_2026,right,0,0.057971014492753624,0.1860113354789492,0.0811184220594806,-0.07281741499900816,2.2501548917300336
pi05_droid_h16,0.03,train,train_natural,Sun_Aug__9_19:09:58_2026,right,1,0.9459459459459459,0.5354598818411529,0.559218156312218,0.007139687736829122,0.6092695435320283
pi05_droid_h16,0.03,train,train_natural,Sun_Aug__9_19:10:16_2026,left,1,0.9393939393939394,0.8002161208987324,0.958666348025868,0.09431598335504532,0.1464515255476027
pi05_droid_h16,0.03,train,train_natural,Sun_Aug__9_19:10:44_2026,right,0,0.057971014492753624,0.2547632492005142,0.11229569539459906,-0.06202509502569834,1.7513465539594517
pi05_droid_h16,0.03,train,train_natural,Sun_Aug__9_19:11:06_2026,left,1,0.9473684210526316,0.9025483353870116,0.9865394326887656,0.12883316477139792,0.047606347092142745
pi05_droid_h16,0.03,train,train_natural,Sun_Aug__9_19:11:26_2026,left,1,0.9420289855072463,0.7390669114778755,0.7801237661935619,0.03799163301785787,0.261989292687083
pi05_droid_h16,0.03,train,train_natural,Sun_Aug__9_19:11:48_2026,right,0,0.046511627906976744,0.18325746616421779,0.2120462454625322,-0.039379050334294625,1.8614441809264328
pi05_droid_h16,0.03,train,train_natural,Sun_Aug__9_19:12:15_2026,left,1,0.9375,0.8670222107240197,0.9470953489682529,0.08654725551605225,0.08107710442646707
pi05_droid_h16,0.03,train,train_natural,Sun_Aug__9_19:12:36_2026,right,1,0.9600000000000001,0.7519868614771733,0.8969159950201668,0.06490253905455272,0.2373248916617629
pi05_droid_h16,0.03,train,train_natural,Sun_Aug__9_19:13:10_2026,right,0,0.04938271604938271,0.3172329768711543,0.17308218262752198,-0.04691816369692485,1.3003424124566247
pi05_droid_h16,0.03,train,train_natural,Sun_Aug__9_19:13:30_2026,left,1,0.943661971830986,0.7972317585858966,0.9157796224485995,0.07159016529719035,0.1644788761308958
pi05_droid_h16,0.03,train,train_natural,Sun_Aug__9_19:15:02_2026,right,1,0.34177215189873417,0.45864810997962935,0.7510274497942016,0.03312298655509949,0.794642653232681
pi05_droid_h16,0.03,train,train_natural,Sun_Aug__9_19:15:26_2026,left,1,0.9500000000000001,0.8182867311418623,0.9801555427264342,0.11699359615643819,0.14965863776749072
pi05_droid_h16,0.03,train,train_natural,Sun_Aug__9_19:15:54_2026,right,0,0.05714285714285714,0.1629953175599548,0.00417414804488651,-0.16423986355463663,3.8644663602688154
pi05_droid_h16,0.03,train,train_natural,Sun_Aug__9_19:16:22_2026,left,1,0.7101449275362318,0.6578490075094714,0.8647925267984661,0.05567037562529246,0.36114358259630597
pi05_droid_h16,0.03,train,train_natural,Sun_Aug__9_19:16:48_2026,right,0,0.06153846153846154,0.14943229213252032,0.021524527228461304,-0.11450407902399698,3.0442766408252666
pi05_droid_h16,0.03,train,train_natural,Sun_Aug__9_19:17:13_2026,left,1,0.9215686274509804,0.6637489890726893,0.9415949440329854,0.08340518176555635,0.2819520687693823
pi05_droid_h16,0.03,train,train_natural,Sun_Aug__9_19:17:36_2026,right,0,0.0625,0.1998100609160748,0.1399644063418626,-0.05446756879488627,1.924744901942693
pi05_droid_h16,0.03,train,train_natural,Sun_Aug__9_19:17:54_2026,left,1,0.9518072289156626,0.680080566262721,0.6668006610490088,0.02081250647703806,0.3760163535865866
pi05_droid_h16,0.03,train,train_natural,Sun_Aug__9_19:18:14_2026,left,1,0.9518072289156626,0.675832457339156,0.8610740038158964,0.054727171858151756,0.3297498812651178
pi05_droid_h16,0.03,train,train_natural,Sun_Aug__9_19:18:37_2026,right,0,0.25,0.2102944526378848,0.03361845753838988,-0.10075450440247855,2.692069341897296
pi05_droid_h16,0.03,train,train_natural,Sun_Aug__9_19:18:58_2026,right,0,0.05333333333333334,0.32487502443691485,0.3930339250538377,-0.013037309050559996,1.180561083994495
pi05_droid_h16,0.03,train,train_natural,Sun_Aug__9_19:19:18_2026,left,1,0.9540229885057472,0.7518335615737516,0.9665649667714115,0.10092432796955109,0.2343384128896541
pi05_droid_h16,0.03,train,train_natural,Sun_Aug__9_19:19:42_2026,right,0,0.04938271604938271,0.1340887488862624,0.020237770931121987,-0.11639277637004852,2.8138869643814104
pi05_droid_h16,0.03,train,train_natural,Sun_Aug__9_19:20:01_2026,left,1,0.9452054794520548,0.8610427994843779,0.9593414647939494,0.09483114878336588,0.09001999746803697
pi05_droid_h16,0.03,train,train_natural,Sun_Aug__9_19:20:39_2026,right,0,0.05714285714285714,0.1897031232724318,0.0838161251449958,-0.07174775004386902,2.276724835334401
pi05_droid_h16,0.03,train,train_natural,Sun_Aug__9_19:21:05_2026,left,1,0.9420289855072463,0.6586044322698199,0.7382314101051421,0.031103894114494327,0.3667182881399268
pi05_droid_h16,0.03,train,train_natural,Sun_Aug__9_19:21:56_2026,left,1,0.9365079365079365,0.8207694218557092,0.9866226757519789,0.12902179857095084,0.13136862692373757
pi05_droid_h16,0.03,train,train_natural,Sun_Aug__9_19:22:17_2026,right,0,0.05063291139240506,0.11587566642802398,0.01077918279235381,-0.13557902475198108,3.5429718800235896
pi05_droid_h16,0.1,test,C0_natural_direct,Sun_Aug__9_19:29:02_2026,left,1,0.7619047619047619,0.5288669407524101,0.5395529078653981,0.015854289134343467,0.6319266452872373
pi05_droid_h16,0.1,test,C0_natural_direct,Sun_Aug__9_19:29:23_2026,right,0,0.0449438202247191,0.3415492525429307,0.32663821564332435,-0.07234295705954234,1.1224922753347852
pi05_droid_h16,0.1,test,C1_mild_exaggeration,Sun_Aug__9_19:30:32_2026,left,1,0.9560439560439561,0.6271329857255199,0.605557253815886,0.042867511510848985,0.45623285521552065
pi05_droid_h16,0.1,test,C1_mild_exaggeration,Sun_Aug__9_19:31:21_2026,right,1,0.9591836734693878,0.5861671933020696,0.6017541750938925,0.041277954975763954,0.5184047071523898
pi05_droid_h16,0.1,test,C2_strong_exaggeration,Sun_Aug__9_19:33:31_2026,left,1,0.9534883720930233,0.8732289836043201,0.9677305619025836,0.3400833110014597,0.08401234458887645
pi05_droid_h16,0.1,test,C2_strong_exaggeration,Sun_Aug__9_19:33:54_2026,right,1,0.39285714285714285,0.4827266209612082,0.5617201054249957,0.02481459577878316,0.7236657570210586
pi05_droid_h16,0.1,test,C3_extreme_exaggeration,Sun_Aug__9_19:34:35_2026,right,1,0.9768786127167629,0.7170547201550692,0.753685006771163,0.11183633406956991,0.3182077911588898
pi05_droid_h16,0.1,test,C3_extreme_exaggeration,Sun_Aug__9_19:35:12_2026,left,1,0.9701492537313433,0.833276094502896,0.893619162041486,0.21282542248566946,0.1560113611438737
pi05_droid_h16,0.1,train,train_natural,Sun_Aug__9_19:07:45_2026,left,1,0.2571428571428571,0.4934651079315042,0.5472833335962676,0.018970017631848655,0.6876189089650984
pi05_droid_h16,0.1,train,train_natural,Sun_Aug__9_19:08:45_2026,right,0,0.06060606060606061,0.3699341890480333,0.2993197170211369,-0.08505394061406454,1.083321230626526
pi05_droid_h16,0.1,train,train_natural,Sun_Aug__9_19:09:06_2026,left,1,0.948051948051948,0.6273342938932114,0.6333246341439401,0.05465062459309896,0.4469339839238464
pi05_droid_h16,0.1,train,train_natural,Sun_Aug__9_19:09:27_2026,right,0,0.057971014492753624,0.37428653661201133,0.32559552544509096,-0.07281741499900816,1.0637339457129265
pi05_droid_h16,0.1,train,train_natural,Sun_Aug__9_19:09:58_2026,right,1,0.9459459459459459,0.5107527742560504,0.517841640984525,0.007139687736829122,0.6663646708715815
pi05_droid_h16,0.1,train,train_natural,Sun_Aug__9_19:10:16_2026,left,1,0.9393939393939394,0.6137000807641779,0.719737486957269,0.09431598335504532,0.4360694453077694
pi05_droid_h16,0.1,train,train_natural,Sun_Aug__9_19:10:44_2026,right,0,0.057971014492753624,0.4111346674029191,0.34972437885992763,-0.06202509502569834,0.9511746308677406
pi05_droid_h16,0.1,train,train_natural,Sun_Aug__9_19:11:06_2026,left,1,0.9473684210526316,0.716245094897967,0.7838646693789866,0.12883316477139792,0.29405715125527027
pi05_droid_h16,0.1,train,train_natural,Sun_Aug__9_19:11:26_2026,left,1,0.9420289855072463,0.5802382492711656,0.5938529226321039,0.03799163301785787,0.5270471402980998
pi05_droid_h16,0.1,train,train_natural,Sun_Aug__9_19:11:48_2026,right,0,0.046511627906976744,0.3840527553684482,0.4028051481823927,-0.039379050334294625,0.9786564845053191
pi05_droid_h16,0.1,train,train_natural,Sun_Aug__9_19:12:15_2026,left,1,0.9375,0.6581696841527394,0.7038027584311021,0.08654725551605225,0.3813487639524468
pi05_droid_h16,0.1,train,train_natural,Sun_Aug__9_19:12:36_2026,right,1,0.9600000000000001,0.5847567945339237,0.6567908030645162,0.06490253905455272,0.5105909644521588
pi05_droid_h16,0.1,train,train_natural,Sun_Aug__9_19:13:10_2026,right,0,0.04938271604938271,0.44130203365354415,0.3848099574437074,-0.04691816369692485,0.8497907710741446
pi05_droid_h16,0.1,train,train_natural,Sun_Aug__9_19:13:30_2026,left,1,0.943661971830986,0.6081193467530006,0.6717038955038287,0.07159016529719035,0.46177543099620966
pi05_droid_h16,0.1,train,train_natural,Sun_Aug__9_19:15:02_2026,right,1,0.34177215189873417,0.4868775815563993,0.5820585919509048,0.03312298655509949,0.7080911339827971
pi05_droid_h16,0.1,train,train_natural,Sun_Aug__9_19:15:26_2026,left,1,0.9500000000000001,0.6338325273567968,0.7631334402835337,0.11699359615643819,0.42144717154101263
pi05_droid_h16,0.1,train,train_natural,Sun_Aug__9_19:15:54_2026,right,0,0.05714285714285714,0.30706738384633914,0.16213894403321058,-0.16423986355463663,1.4343717002918985
pi05_droid_h16,0.1,train,train_natural,Sun_Aug__9_19:16:22_2026,left,1,0.7101449275362318,0.5537530499754683,0.635689510576724,0.05567037562529246,0.5552209915685433
pi05_droid_h16,0.1,train,train_natural,Sun_Aug__9_19:16:48_2026,right,0,0.06153846153846154,0.33791808116226696,0.24139606837010005,-0.11450407902399698,1.2417940699655765
pi05_droid_h16,0.1,train,train_natural,Sun_Aug__9_19:17:13_2026,left,1,0.9215686274509804,0.5602869392757971,0.6972109831184062,0.08340518176555635,0.5022829492033153
pi05_droid_h16,0.1,train,train_natural,Sun_Aug__9_19:17:36_2026,right,0,0.0625,0.3884168114505537,0.36710057000087454,-0.05446756879488627,0.9922168186588802
pi05_droid_h16,0.1,train,train_natural,Sun_Aug__9_19:17:54_2026,left,1,0.9518072289156626,0.5583066451450471,0.5518442604737638,0.02081250647703806,0.57908668872294
pi05_droid_h16,0.1,train,train_natural,Sun_Aug__9_19:18:14_2026,left,1,0.9518072289156626,0.5577919858982328,0.6335023775310469,0.054727171858151756,0.5524070055445408
pi05_droid_h16,0.1,train,train_natural,Sun_Aug__9_19:18:37_2026,right,0,0.25,0.35387052492219645,0.26746056435089166,-0.10075450440247855,1.1507925752573833
pi05_droid_h16,0.1,train,train_natural,Sun_Aug__9_19:18:58_2026,right,0,0.05333333333333334,0.44282749723205883,0.46745281508148345,-0.013037309050559996,0.8201925570267938
pi05_droid_h16,0.1,train,train_natural,Sun_Aug__9_19:19:18_2026,left,1,0.9540229885057472,0.6064755850414681,0.7328720317462633,0.10092432796955109,0.4599986378447461
pi05_droid_h16,0.1,train,train_natural,Sun_Aug__9_19:19:42_2026,right,0,0.04938271604938271,0.3446505829795494,0.23795432275969794,-0.11639277637004852,1.1907390678846534
pi05_droid_h16,0.1,train,train_natural,Sun_Aug__9_19:20:01_2026,left,1,0.9452054794520548,0.651981642691874,0.7207754778380493,0.09483114878336588,0.3877471294538194
pi05_droid_h16,0.1,train,train_natural,Sun_Aug__9_19:20:39_2026,right,0,0.05714285714285714,0.37286302476269634,0.32794869619669503,-0.07174775004386902,1.0686910384079062
pi05_droid_h16,0.1,train,train_natural,Sun_Aug__9_19:21:05_2026,left,1,0.9420289855072463,0.5521807442162795,0.577138834602353,0.031103894114494327,0.5706362592157588
pi05_droid_h16,0.1,train,train_natural,Sun_Aug__9_19:21:56_2026,left,1,0.9365079365079365,0.6433222924442155,0.7841840832350309,0.12902179857095084,0.39237170541132427
pi05_droid_h16,0.1,train,train_natural,Sun_Aug__9_19:22:17_2026,right,0,0.05063291139240506,0.2982708589370508,0.2049253492859966,-0.13557902475198108,1.3591832406953273
pi05_droid_h16,0.3,test,C0_natural_direct,Sun_Aug__9_19:29:02_2026,left,1,0.7619047619047619,0.5096648772998322,0.513208833539881,0.015854289134343467,0.6719443747468041
pi05_droid_h16,0.3,test,C0_natural_direct,Sun_Aug__9_19:29:23_2026,right,0,0.0449438202247191,0.44504676579257635,0.4400046487400393,-0.07234295705954234,0.8218362822687695
pi05_droid_h16,0.3,test,C1_mild_exaggeration,Sun_Aug__9_19:30:32_2026,left,1,0.9560439560439561,0.5435750303426973,0.5356622674332351,0.042867511510848985,0.6053088436132708
pi05_droid_h16,0.3,test,C1_mild_exaggeration,Sun_Aug__9_19:31:21_2026,right,1,0.9591836734693878,0.5290977908470349,0.5343441296451872,0.041277954975763954,0.6304328193902135
pi05_droid_h16,0.3,test,C2_strong_exaggeration,Sun_Aug__9_19:33:31_2026,left,1,0.9534883720930233,0.6845436978188492,0.7565046873135065,0.3400833110014597,0.34091805023530414
pi05_droid_h16,0.3,test,C2_strong_exaggeration,Sun_Aug__9_19:33:54_2026,right,1,0.39285714285714285,0.494209847569244,0.5206670478003873,0.02481459577878316,0.7022955214895952
pi05_droid_h16,0.3,test,C3_extreme_exaggeration,Sun_Aug__9_19:34:35_2026,right,1,0.9768786127167629,0.5782619996566511,0.5921324322757131,0.11183633406956991,0.5406701348781896
pi05_droid_h16,0.3,test,C3_extreme_exaggeration,Sun_Aug__9_19:35:12_2026,left,1,0.9701492537313433,0.6401162626497747,0.6702725628976045,0.21282542248566946,0.43047727432751837
pi05_droid_h16,0.3,train,train_natural,Sun_Aug__9_19:07:45_2026,left,1,0.2571428571428571,0.497820880202969,0.5158030827087705,0.018970017631848655,0.6909203552502301
pi05_droid_h16,0.3,train,train_natural,Sun_Aug__9_19:08:45_2026,right,0,0.06060606060606061,0.45529278978161836,0.42959269538716044,-0.08505394061406454,0.810661770393412
pi05_droid_h16,0.3,train,train_natural,Sun_Aug__9_19:09:06_2026,left,1,0.948051948051948,0.5437217649832098,0.5454166588732116,0.05465062459309896,0.6014376188309889
pi05_droid_h16,0.3,train,train_natural,Sun_Aug__9_19:09:27_2026,right,0,0.057971014492753624,0.45658088137855063,0.4396149967899177,-0.07281741499900816,0.8047294479606405
pi05_droid_h16,0.3,train,train_natural,Sun_Aug__9_19:09:58_2026,right,1,0.9459459459459459,0.5035876908067886,0.5059494589736103,0.007139687736829122,0.6840640664145488
pi05_droid_h16,0.3,train,train_natural,Sun_Aug__9_19:10:16_2026,left,1,0.9393939393939394,0.5388969774304252,0.5779556204510531,0.09431598335504532,0.5959740913484198
pi05_droid_h16,0.3,train,train_natural,Sun_Aug__9_19:10:44_2026,right,0,0.057971014492753624,0.46977376810275684,0.44849575562578226,-0.06202509502569834,0.7724831481440804
pi05_droid_h16,0.3,train,train_natural,Sun_Aug__9_19:11:06_2026,left,1,0.9473684210526316,0.5795097492815937,0.6057408649089879,0.12883316477139792,0.5260126497915036
pi05_droid_h16,0.3,train,train_natural,Sun_Aug__9_19:11:26_2026,left,1,0.9420289855072463,0.527041254444255,0.5316174503833206,0.03799163301785787,0.6339769988915172
pi05_droid_h16,0.3,train,train_natural,Sun_Aug__9_19:11:48_2026,right,0,0.046511627906976744,0.46053799690734176,0.46723116209662685,-0.039379050334294625,0.781166117335348
pi05_droid_h16,0.3,train,train_natural,Sun_Aug__9_19:12:15_2026,left,1,0.9375,0.5551567153048556,0.5716266283682958,0.08654725551605225,0.5727122263295292
pi05_droid_h16,0.3,train,train_natural,Sun_Aug__9_19:12:36_2026,right,1,0.9600000000000001,0.5285712558088842,0.5538754816273375,0.06490253905455272,0.6273721895420987
pi05_droid_h16,0.3,train,train_natural,Sun_Aug__9_19:13:10_2026,right,0,0.04938271604938271,0.48030730321608434,0.4609810284171393,-0.04691816369692485,0.742739073448962
pi05_droid_h16,0.3,train,train_natural,Sun_Aug__9_19:13:30_2026,left,1,0.943661971830986,0.5367853467522704,0.5593769641210667,0.07159016529719035,0.6077510299974509
pi05_droid_h16,0.3,train,train_natural,Sun_Aug__9_19:15:02_2026,right,1,0.34177215189873417,0.4956026438034963,0.527574482583852,0.03312298655509949,0.6965771157058025
pi05_droid_h16,0.3,train,train_natural,Sun_Aug__9_19:15:26_2026,left,1,0.9500000000000001,0.5468781915348874,0.5962775606363371,0.11699359615643819,0.587320775256557
pi05_droid_h16,0.3,train,train_natural,Sun_Aug__9_19:15:54_2026,right,0,0.05714285714285714,0.42801025658501507,0.36645246675585813,-0.16423986355463663,0.9017633065721178
pi05_droid_h16,0.3,train,train_natural,Sun_Aug__9_19:16:22_2026,left,1,0.7101449275362318,0.5181409378125492,0.5462593091251485,0.05567037562529246,0.6430882158255157
pi05_droid_h16,0.3,train,train_natural,Sun_Aug__9_19:16:48_2026,right,0,0.06153846153846154,0.4425695560087993,0.4057217019690288,-0.11450407902399698,0.8531453882207491
pi05_droid_h16,0.3,train,train_natural,Sun_Aug__9_19:17:13_2026,left,1,0.9215686274509804,0.52059889533667,0.5690600650121869,0.08340518176555635,0.6211375794409777
pi05_droid_h16,0.3,train,train_natural,Sun_Aug__9_19:17:36_2026,right,0,0.0625,0.4619316265795644,0.4547346331991871,-0.05446756879488627,0.7849002431191727
pi05_droid_h16,0.3,train,train_natural,Sun_Aug__9_19:17:54_2026,left,1,0.9518072289156626,0.5195787510009863,0.5173368026063411,0.02081250647703806,0.6532148531184996
pi05_droid_h16,0.3,train,train_natural,Sun_Aug__9_19:18:14_2026,left,1,0.9518072289156626,0.5194385252280606,0.5454799212207379,0.054727171858151756,0.6428696560197845
pi05_droid_h16,0.3,train,train_natural,Sun_Aug__9_19:18:37_2026,right,0,0.25,0.44780710119519285,0.4168183141394343,-0.10075450440247855,0.8257573694355393
pi05_droid_h16,0.3,train,train_natural,Sun_Aug__9_19:18:58_2026,right,0,0.05333333333333334,0.4807852630890056,0.48913728532175976,-0.013037309050559996,0.7335373337719824
pi05_droid_h16,0.3,train,train_natural,Sun_Aug__9_19:19:18_2026,left,1,0.9540229885057472,0.5372016506747828,0.5833192822103578,0.10092432796955109,0.6023606427046665
pi05_droid_h16,0.3,train,train_natural,Sun_Aug__9_19:19:42_2026,right,0,0.04938271604938271,0.4458326922487211,0.4042046512700096,-0.11639277637004852,0.8398326181402708
pi05_droid_h16,0.3,train,train_natural,Sun_Aug__9_19:20:01_2026,left,1,0.9452054794520548,0.552828672079038,0.5783744331370134,0.09483114878336588,0.5752498809170772
pi05_droid_h16,0.3,train,train_natural,Sun_Aug__9_19:20:39_2026,right,0,0.05714285714285714,0.4559659775377479,0.4404935712461188,-0.07174775004386902,0.8058712305683571
pi05_droid_h16,0.3,train,train_natural,Sun_Aug__9_19:21:05_2026,left,1,0.9420289855072463,0.5175549905746842,0.5258967179194538,0.031103894114494327,0.6497577138835984
pi05_droid_h16,0.3,train,train_natural,Sun_Aug__9_19:21:56_2026,left,1,0.9365079365079365,0.5507788828383227,0.6058910192898141,0.12902179857095084,0.5730732411656275
pi05_droid_h16,0.3,train,train_natural,Sun_Aug__9_19:22:17_2026,right,0,0.05063291139240506,0.4259962877967774,0.3889019697565599,-0.13557902475198108,0.8837493324597672
pi05_droid_h16,1.0,test,C0_natural_direct,Sun_Aug__9_19:29:02_2026,left,1,0.7619047619047619,0.502900925553223,0.503963489262546,0.015854289134343467,0.6867025013194997
pi05_droid_h16,1.0,test,C0_natural_direct,Sun_Aug__9_19:29:23_2026,right,0,0.0449438202247191,0.48343694585002034,0.4819221442575116,-0.07234295705954234,0.7301938359261394
pi05_droid_h16,1.0,test,C1_mild_exaggeration,Sun_Aug__9_19:30:32_2026,left,1,0.9560439560439561,0.5131151464392119,0.5107152370469764,0.042867511510848985,0.6658447998629957
pi05_droid_h16,1.0,test,C1_mild_exaggeration,Sun_Aug__9_19:31:21_2026,right,1,0.9591836734693878,0.5087423887212775,0.5103180237383236,0.041277954975763954,0.6738591814142174
pi05_droid_h16,1.0,test,C2_strong_exaggeration,Sun_Aug__9_19:33:31_2026,left,1,0.9534883720930233,0.5593792861236795,0.584210760031761,0.3400833110014597,0.564402048486435
pi05_droid_h16,1.0,test,C2_strong_exaggeration,Sun_Aug__9_19:33:54_2026,right,1,0.39285714285714285,0.49826184224922193,0.5062033306322377,0.02481459577878316,0.6957837532793029
pi05_droid_h16,1.0,test,C3_extreme_exaggeration,Sun_Aug__9_19:34:35_2026,right,1,0.9768786127167629,0.5237055561070532,0.5279299787126357,0.11183633406956991,0.6443311586833554
pi05_droid_h16,1.0,test,C3_extreme_exaggeration,Sun_Aug__9_19:35:12_2026,left,1,0.9701492537313433,0.5434414851650633,0.553006430807603,0.21282542248566946,0.6036965568394891
pi05_droid_h16,1.0,train,train_natural,Sun_Aug__9_19:07:45_2026,left,1,0.2571428571428571,0.49934623603687756,0.5047423621926568,0.018970017631848655,0.6924387506968395
pi05_droid_h16,1.0,train,train_natural,Sun_Aug__9_19:08:45_2026,right,0,0.06060606060606061,0.4865395549061565,0.47874932422389105,-0.08505394061406454,0.7270468879662587
pi05_droid_h16,1.0,train,train_natural,Sun_Aug__9_19:09:06_2026,left,1,0.948051948051948,0.5131622572610298,0.5136592566528461,0.05465062459309896,0.6645985277830924
pi05_droid_h16,1.0,train,train_natural,Sun_Aug__9_19:09:27_2026,right,0,0.057971014492753624,0.4869194436053618,0.4818036858479689,-0.07281741499900816,0.7253288943185612
pi05_droid_h16,1.0,train,train_natural,Sun_Aug__9_19:09:58_2026,right,1,0.9459459459459459,0.5010764245981961,0.5017849143520253,0.007139687736829122,0.6904058934357726
pi05_droid_h16,1.0,train,train_natural,Sun_Aug__9_19:10:16_2026,left,1,0.9393939393939394,0.5117045161252087,0.5235615324507712,0.09431598335504532,0.6627523767695475
pi05_droid_h16,1.0,train,train_natural,Sun_Aug__9_19:10:44_2026,right,0,0.057971014492753624,0.490910839613584,0.48449869553003105,-0.06202509502569834,0.7162350038693647
pi05_droid_h16,1.0,train,train_natural,Sun_Aug__9_19:11:06_2026,left,1,0.9473684210526316,0.5241468047446485,0.5321638156191288,0.12883316477139792,0.6391273678063973
pi05_droid_h16,1.0,train,train_natural,Sun_Aug__9_19:11:26_2026,left,1,0.9420289855072463,0.5081226178412352,0.5094967660076192,0.03799163301785787,0.6749934576244565
pi05_droid_h16,1.0,train,train_natural,Sun_Aug__9_19:11:48_2026,right,0,0.046511627906976744,0.488132829100134,0.4901565094165014,-0.039379050334294625,0.7187906749964488
pi05_droid_h16,1.0,train,train_natural,Sun_Aug__9_19:12:15_2026,left,1,0.9375,0.5166357165748022,0.5216233182390394,0.08654725551605225,0.6552214159526107
pi05_droid_h16,1.0,train,train_natural,Sun_Aug__9_19:12:36_2026,right,1,0.9600000000000001,0.5085824537914765,0.5162199415048654,0.06490253905455272,0.672891170795549
pi05_droid_h16,1.0,train,train_natural,Sun_Aug__9_19:13:10_2026,right,0,0.04938271604938271,0.49408782046012306,0.4882726103025211,-0.04691816369692485,0.7077472686044385
pi05_droid_h16,1.0,train,train_natural,Sun_Aug__9_19:13:30_2026,left,1,0.943661971830986,0.511061859736341,0.5178899012719541,0.07159016529719035,0.6666430116738272
pi05_droid_h16,1.0,train,train_natural,Sun_Aug__9_19:15:02_2026,right,1,0.34177215189873417,0.4986799933256403,0.5082799896323205,0.03312298655509949,0.6940124878246463
pi05_droid_h16,1.0,train,train_natural,Sun_Aug__9_19:15:26_2026,left,1,0.9500000000000001,0.5141487873285278,0.5292150831805417,0.11699359615643819,0.6597108987422379
pi05_droid_h16,1.0,train,train_natural,Sun_Aug__9_19:15:54_2026,right,0,0.05714285714285714,0.47809415425136037,0.45903208428375025,-0.16423986355463663,0.7512632799779215
pi05_droid_h16,1.0,train,train_natural,Sun_Aug__9_19:16:22_2026,left,1,0.7101449275362318,0.5054500345025554,0.5139140005801335,0.05567037562529246,0.6776957562884293
pi05_droid_h16,1.0,train,train_natural,Sun_Aug__9_19:16:48_2026,right,0,0.06153846153846154,0.48264332104544616,0.4714052160420972,-0.11450407902399698,0.7386062897645206
pi05_droid_h16,1.0,train,train_natural,Sun_Aug__9_19:17:13_2026,left,1,0.9215686274509804,0.5061977101469923,0.5208392163058088,0.08340518176555635,0.6706361510151946
pi05_droid_h16,1.0,train,train_natural,Sun_Aug__9_19:17:36_2026,right,0,0.0625,0.48854860062558014,0.48638647325723366,-0.05446756879488627,0.7198246833859312
pi05_droid_h16,1.0,train,train_natural,Sun_Aug__9_19:17:54_2026,left,1,0.9518072289156626,0.5058785751344925,0.5052029388116828,0.02081250647703806,0.680965534203355
pi05_droid_h16,1.0,train,train_natural,Sun_Aug__9_19:18:14_2026,left,1,0.9518072289156626,0.5058376129878356,0.5136783791672775,0.054727171858151756,0.6777067831628266
pi05_droid_h16,1.0,train,train_natural,Sun_Aug__9_19:18:37_2026,right,0,0.25,0.48421224958815,0.4748326607558665,-0.10075450440247855,0.7307332268600646
pi05_droid_h16,1.0,train,train_natural,Sun_Aug__9_19:18:58_2026,right,0,0.05333333333333334,0.4942301357342114,0.4967407189026176,-0.013037309050559996,0.7050571849339506
pi05_droid_h16,1.0,train,train_natural,Sun_Aug__9_19:19:18_2026,left,1,0.9540229885057472,0.5112237984480269,0.5252096873894113,0.10092432796955109,0.6644749933052462
pi05_droid_h16,1.0,train,train_natural,Sun_Aug__9_19:19:42_2026,right,0,0.04938271604938271,0.4836621531506719,0.47093461157678856,-0.11639277637004852,0.7350389816518832
pi05_droid_h16,1.0,train,train_natural,Sun_Aug__9_19:20:01_2026,left,1,0.9452054794520548,0.5159274585603251,0.5236900362532892,0.09483114878336588,0.6560249240325975
pi05_droid_h16,1.0,train,train_natural,Sun_Aug__9_19:20:39_2026,right,0,0.05714285714285714,0.4867298025882024,0.48207075308715236,-0.07174775004386902,0.7256142545947603
pi05_droid_h16,1.0,train,train_natural,Sun_Aug__9_19:21:05_2026,left,1,0.9420289855072463,0.5052721067619398,0.5077753466823576,0.031103894114494327,0.6798599819650144
pi05_droid_h16,1.0,train,train_natural,Sun_Aug__9_19:21:56_2026,left,1,0.9365079365079365,0.515348510702044,0.5322107786401974,0.12902179857095084,0.6549075940476183
pi05_droid_h16,1.0,train,train_natural,Sun_Aug__9_19:22:17_2026,right,0,0.05063291139240506,0.47753051557163795,0.4661570687419665,-0.13557902475198108,0.7467494967211398
pi05_droid_h16,3.0,test,C0_natural_direct,Sun_Aug__9_19:29:02_2026,left,1,0.7619047619047619,0.5009670180699342,0.5013211876862733,0.015854289134343467,0.6909909669064502
pi05_droid_h16,3.0,test,C0_natural_direct,Sun_Aug__9_19:29:23_2026,right,0,0.0449438202247191,0.4944767086425069,0.49397171236317056,-0.07234295705954234,0.7053469999324834
pi05_droid_h16,3.0,test,C1_mild_exaggeration,Sun_Aug__9_19:30:32_2026,left,1,0.9560439560439561,0.5043729709851875,0.5035722318444689,0.042867511510848985,0.683955615589686
pi05_droid_h16,3.0,test,C1_mild_exaggeration,Sun_Aug__9_19:31:21_2026,right,1,0.9591836734693878,0.502914512835008,0.5034397753136286,0.041277954975763954,0.686672685213682
pi05_droid_h16,3.0,test,C2_strong_exaggeration,Sun_Aug__9_19:33:31_2026,left,1,0.9534883720930233,0.519924037107256,0.5283099654080748,0.3400833110014597,0.6479053672447722
pi05_droid_h16,3.0,test,C2_strong_exaggeration,Sun_Aug__9_19:33:54_2026,right,1,0.39285714285714285,0.4994205814709195,0.5020678711915697,0.02481459577878316,0.6940157554396287
pi05_droid_h16,3.0,test,C3_extreme_exaggeration,Sun_Aug__9_19:34:35_2026,right,1,0.9768786127167629,0.5079085962841546,0.5093186153518178,0.11183633406956991,0.6765804266826834
pi05_droid_h16,3.0,test,C3_extreme_exaggeration,Sun_Aug__9_19:35:12_2026,left,1,0.9701492537313433,0.5145236795071393,0.5177280174554194,0.21282542248566946,0.6622911576838821
pi05_droid_h16,3.0,train,train_natural,Sun_Aug__9_19:07:45_2026,left,1,0.2571428571428571,0.49978207785788015,0.5015808295352521,0.018970017631848655,0.6929071907708589
pi05_droid_h16,3.0,train,train_natural,Sun_Aug__9_19:08:45_2026,right,0,0.06060606060606061,0.4955117627707097,0.4929126463419234,-0.08505394061406454,0.7043176629198111
pi05_droid_h16,3.0,train,train_natural,Sun_Aug__9_19:09:06_2026,left,1,0.948051948051948,0.5043887664934604,0.5045540927754284,0.05465062459309896,0.6835320628607285
pi05_droid_h16,3.0,train,train_natural,Sun_Aug__9_19:09:27_2026,right,0,0.057971014492753624,0.49563819718305197,0.4939321799866276,-0.07281741499900816,0.7037508631892018
pi05_droid_h16,3.0,train,train_natural,Sun_Aug__9_19:09:58_2026,right,1,0.9459459459459459,0.500358811639107,0.5005949736972463,0.007139687736829122,0.6922318606258853
pi05_droid_h16,3.0,train,train_natural,Sun_Aug__9_19:10:16_2026,left,1,0.9393939393939394,0.5039025481880713,0.5078590179760699,0.09431598335504532,0.6828968049816418
pi05_droid_h16,3.0,train,train_natural,Sun_Aug__9_19:10:44_2026,right,0,0.057971014492753624,0.49696965372776736,0.4948314261917732,-0.06202509502569834,0.7007750900957515
pi05_droid_h16,3.0,train,train_natural,Sun_Aug__9_19:11:06_2026,left,1,0.9473684210526316,0.5080577004845519,0.5107344473910094,0.12883316477139792,0.674767676231538
pi05_droid_h16,3.0,train,train_natural,Sun_Aug__9_19:11:26_2026,left,1,0.9420289855072463,0.50270783995776,0.5031659271072885,0.03799163301785787,0.6870575556963806
pi05_droid_h16,3.0,train,train_natural,Sun_Aug__9_19:11:48_2026,right,0,0.046511627906976744,0.4960434363657925,0.4967184595897497,-0.039379050334294625,0.7016223031384697
pi05_droid_h16,3.0,train,train_natural,Sun_Aug__9_19:12:15_2026,left,1,0.9375,0.5055478579521998,0.5072117711217174,0.08654725551605225,0.6803336023778316
pi05_droid_h16,3.0,train,train_natural,Sun_Aug__9_19:12:36_2026,right,1,0.9600000000000001,0.5028611431699033,0.505408333980828,0.06490253905455272,0.6863452492634133
pi05_droid_h16,3.0,train,train_natural,Sun_Aug__9_19:13:10_2026,right,0,0.04938271604938271,0.49802914525973757,0.4960902327159109,-0.04691816369692485,0.6979874279310995
pi05_droid_h16,3.0,train,train_natural,Sun_Aug__9_19:13:30_2026,left,1,0.943661971830986,0.5036880587206827,0.5059655640142957,0.07159016529719035,0.684227963293971
pi05_droid_h16,3.0,train,train_natural,Sun_Aug__9_19:15:02_2026,right,1,0.34177215189873417,0.4995599743125858,0.5027602208395813,0.03312298655509949,0.6934200202854113
pi05_droid_h16,3.0,train,train_natural,Sun_Aug__9_19:15:26_2026,left,1,0.9500000000000001,0.5047187919092195,0.5097482309246673,0.11699359615643819,0.6818399955246748
pi05_droid_h16,3.0,train,train_natural,Sun_Aug__9_19:15:54_2026,right,0,0.05714285714285714,0.49268881672744674,0.4863167621412646,-0.16423986355463663,0.7120885237226655
pi05_droid_h16,3.0,train,train_natural,Sun_Aug__9_19:16:22_2026,left,1,0.7101449275362318,0.5018169058136983,0.5046390648459576,0.05567037562529246,0.6879553455797432
pi05_droid_h16,3.0,train,train_natural,Sun_Aug__9_19:16:48_2026,right,0,0.06153846153846154,0.4942106617021427,0.4904591516441324,-0.11450407902399698,0.7080567482798086
pi05_droid_h16,3.0,train,train_natural,Sun_Aug__9_19:17:13_2026,left,1,0.9215686274509804,0.5020664350549707,0.5069499841617944,0.08340518176555635,0.6855567185914646
pi05_droid_h16,3.0,train,train_natural,Sun_Aug__9_19:17:36_2026,right,0,0.0625,0.4961819581574312,0.49546116061314543,-0.05446756879488627,0.7019587205901144
pi05_droid_h16,3.0,train,train_natural,Sun_Aug__9_19:17:54_2026,left,1,0.9518072289156626,0.5019596703031463,0.5017343685836492,0.02081250647703806,0.6890673864069048
pi05_droid_h16,3.0,train,train_natural,Sun_Aug__9_19:18:14_2026,left,1,0.9518072289156626,0.5019460487746414,0.5045604711842506,0.054727171858151756,0.6879663270528255
pi05_droid_h16,3.0,train,train_natural,Sun_Aug__9_19:18:37_2026,right,0,0.25,0.4947335711958934,0.49160458041321264,-0.10075450440247855,0.7054654853758981
pi05_droid_h16,3.0,train,train_natural,Sun_Aug__9_19:18:58_2026,right,0,0.05333333333333334,0.4980765521474534,0.4989135592889702,-0.013037309050559996,0.6970974489461339
pi05_droid_h16,3.0,train,train_natural,Sun_Aug__9_19:19:18_2026,left,1,0.9540229885057472,0.5037431388230632,0.5084095675540871,0.10092432796955109,0.6834522994239723
pi05_droid_h16,3.0,train,train_natural,Sun_Aug__9_19:19:42_2026,right,0,0.04938271604938271,0.4945514600826099,0.490301818456841,-0.11639277637004852,0.7069086871049742
pi05_droid_h16,3.0,train,train_natural,Sun_Aug__9_19:20:01_2026,left,1,0.9452054794520548,0.5053114806849762,0.5079019377641475,0.09483114878336588,0.6806054533984933
pi05_droid_h16,3.0,train,train_natural,Sun_Aug__9_19:20:39_2026,right,0,0.05714285714285714,0.49557483067461794,0.49402130579697145,-0.07174775004386902,0.7038404989068534
pi05_droid_h16,3.0,train,train_natural,Sun_Aug__9_19:21:05_2026,left,1,0.9420289855072463,0.5017575336419865,0.502591967957683,0.031103894114494327,0.688692341333848
pi05_droid_h16,3.0,train,train_natural,Sun_Aug__9_19:21:56_2026,left,1,0.9365079365079365,0.5051195813448736,0.5107501596183739,0.12902179857095084,0.6801879195423106
pi05_droid_h16,3.0,train,train_natural,Sun_Aug__9_19:22:17_2026,right,0,0.05063291139240506,0.4925021634267369,0.48870367051469543,-0.13557902475198108,0.710670593256058
pi05_droid_h16,10.0,test,C0_natural_direct,Sun_Aug__9_19:29:02_2026,left,1,0.7619047619047619,0.5002901068845484,0.5003963571453355,0.015854289134343467,0.6924994777773995
pi05_droid_h16,10.0,test,C0_natural_direct,Sun_Aug__9_19:29:23_2026,right,0,0.0449438202247191,0.49834293497148996,0.49819143396111837,-0.07234295705954234,0.6967914697340452
pi05_droid_h16,10.0,test,C1_mild_exaggeration,Sun_Aug__9_19:30:32_2026,left,1,0.9560439560439561,0.5013119341583885,0.501071686146642,0.042867511510848985,0.690380178018776
pi05_droid_h16,10.0,test,C1_mild_exaggeration,Sun_Aug__9_19:31:21_2026,right,1,0.9591836734693878,0.5008743669317569,0.5010319474091414,0.041277954975763954,0.6912000894411298
pi05_droid_h16,10.0,test,C2_strong_exaggeration,Sun_Aug__9_19:33:31_2026,left,1,0.9534883720930233,0.5059817251463445,0.5085012634343957,0.3400833110014597,0.6793289757718776
pi05_droid_h16,10.0,test,C2_strong_exaggeration,Sun_Aug__9_19:33:54_2026,right,1,0.39285714285714285,0.4998261733283079,0.5006203645761377,0.02481459577878316,0.6934066733053424
pi05_droid_h16,10.0,test,C3_extreme_exaggeration,Sun_Aug__9_19:34:35_2026,right,1,0.9768786127167629,0.5023728093243383,0.5027958792108971,0.11183633406956991,0.6881461855967579
pi05_droid_h16,10.0,test,C3_extreme_exaggeration,Sun_Aug__9_19:35:12_2026,left,1,0.9701492537313433,0.5043585838623023,0.5053204347409201,0.21282542248566946,0.6837810142587862
pi05_droid_h16,10.0,train,train_natural,Sun_Aug__9_19:07:45_2026,left,1,0.2571428571428571,0.49993462332934513,0.5004742502985758,0.018970017631848655,0.6930747797350494
pi05_droid_h16,10.0,train,train_natural,Sun_Aug__9_19:08:45_2026,right,0,0.06060606060606061,0.4986534802760374,0.49787366430319946,-0.08505394061406454,0.6964847322310311
pi05_droid_h16,10.0,train,train_natural,Sun_Aug__9_19:09:06_2026,left,1,0.948051948051948,0.5013166759511504,0.5013662622143269,0.05465062459309896,0.6902522582720046
pi05_droid_h16,10.0,train,train_natural,Sun_Aug__9_19:09:27_2026,right,0,0.057971014492753624,0.4986914039291096,0.4981795726688427,-0.07281741499900816,0.6963153080029014
pi05_droid_h16,10.0,train,train_natural,Sun_Aug__9_19:09:58_2026,right,1,0.9459459459459459,0.5001076436091143,0.5001784921858384,0.007139687736829122,0.6928724210346217
pi05_droid_h16,10.0,train,train_natural,Sun_Aug__9_19:10:16_2026,left,1,0.9393939393939394,0.5011708000571712,0.5023578821051092,0.09431598335504532,0.6900595926435255
pi05_droid_h16,10.0,train,train_natural,Sun_Aug__9_19:10:44_2026,right,0,0.057971014492753624,0.4990908747442896,0.4984493775955366,-0.06202509502569834,0.6954284088455301
pi05_droid_h16,10.0,train,train_natural,Sun_Aug__9_19:11:06_2026,left,1,0.9473684210526316,0.5024176097513565,0.5032207845706317,0.12883316477139792,0.6875941411689436
pi05_droid_h16,10.0,train,train_natural,Sun_Aug__9_19:11:26_2026,left,1,0.9420289855072463,0.5008123622496657,0.5009497896830364,0.03799163301785787,0.6913162624586278
pi05_droid_h16,10.0,train,train_natural,Sun_Aug__9_19:11:48_2026,right,0,0.046511627906976744,0.49881300223612063,0.49901552501383795,-0.039379050334294625,0.6956820817382328
pi05_droid_h16,10.0,train,train_natural,Sun_Aug__9_19:12:15_2026,left,1,0.9375,0.5016644468234464,0.5021636678822538,0.08654725551605225,0.6892850765647697
pi05_droid_h16,10.0,train,train_natural,Sun_Aug__9_19:12:36_2026,right,1,0.9600000000000001,0.500858354051728,0.5016225577807308,0.06490253905455272,0.6911013580505553
pi05_droid_h16,10.0,train,train_natural,Sun_Aug__9_19:13:10_2026,right,0,0.04938271604938271,0.4994087392017036,0.4988270480592724,-0.04691816369692485,0.6945964774506326
pi05_droid_h16,10.0,train,train_natural,Sun_Aug__9_19:13:30_2026,left,1,0.943661971830986,0.501106443974008,0.5017897464885009,0.07159016529719035,0.6904625417531545
pi05_droid_h16,10.0,train,train_natural,Sun_Aug__9_19:15:02_2026,right,1,0.34177215189873417,0.4998679914930373,0.5008280739067889,0.03312298655509949,0.6932273948160852
pi05_droid_h16,10.0,train,train_natural,Sun_Aug__9_19:15:26_2026,left,1,0.9500000000000001,0.5014157239809107,0.5029248065429087,0.11699359615643819,0.6897380310969378
pi05_droid_h16,10.0,train,train_natural,Sun_Aug__9_19:15:54_2026,right,0,0.05714285714285714,0.49780632931339885,0.49589409570711174,-0.16423986355463663,0.6987843109467866
pi05_droid_h16,10.0,train,train_natural,Sun_Aug__9_19:16:22_2026,left,1,0.7101449275362318,0.5005450795139125,0.5013917557962035,0.05567037562529246,0.6915852867370351
pi05_droid_h16,10.0,train,train_natural,Sun_Aug__9_19:16:48_2026,right,0,0.06153846153846154,0.4982630694368215,0.4971374293007413,-0.11450407902399698,0.697594471731587
pi05_droid_h16,10.0,train,train_natural,Sun_Aug__9_19:17:13_2026,left,1,0.9215686274509804,0.5006199486690367,0.5020851174566847,0.08340518176555635,0.6908609266286772
pi05_droid_h16,10.0,train,train_natural,Sun_Aug__9_19:17:36_2026,right,0,0.0625,0.4988545564261504,0.4986383141465722,-0.05446756879488627,0.6957821401268844
pi05_droid_h16,10.0,train,train_natural,Sun_Aug__9_19:17:54_2026,left,1,0.9518072289156626,0.5005879060485243,0.5005203124741103,0.02081250647703806,0.6919212214321662
pi05_droid_h16,10.0,train,train_natural,Sun_Aug__9_19:18:14_2026,left,1,0.9518072289156626,0.5005838207001078,0.5013681758816444,0.054727171858151756,0.6915893484006892
pi05_droid_h16,10.0,train,train_natural,Sun_Aug__9_19:18:37_2026,right,0,0.25,0.4984199400147721,0.49748115869818726,-0.10075450440247855,0.6968205712989055
pi05_droid_h16,10.0,train,train_natural,Sun_Aug__9_19:18:58_2026,right,0,0.05333333333333334,0.4994229601915021,0.49967406731990205,-0.013037309050559996,0.6943301889596611
pi05_droid_h16,10.0,train,train_natural,Sun_Aug__9_19:19:18_2026,left,1,0.9540229885057472,0.5011230056066257,0.5025230867830622,0.10092432796955109,0.6902242734137127
pi05_droid_h16,10.0,train,train_natural,Sun_Aug__9_19:19:42_2026,right,0,0.04938271604938271,0.4983653495387222,0.4970902134404151,-0.11639277637004852,0.6972543668450726
pi05_droid_h16,10.0,train,train_natural,Sun_Aug__9_19:20:01_2026,left,1,0.9452054794520548,0.5015935236953948,0.5023707609528383,0.09483114878336588,0.6893670533928168
pi05_droid_h16,10.0,train,train_natural,Sun_Aug__9_19:20:39_2026,right,0,0.05714285714285714,0.49867238875690006,0.4982063139434207,-0.07174775004386902,0.6963416224770665
pi05_droid_h16,10.0,train,train_natural,Sun_Aug__9_19:21:05_2026,left,1,0.9420289855072463,0.5005272657147516,0.500777596725956,0.031103894114494327,0.6918080223859215
pi05_droid_h16,10.0,train,train_natural,Sun_Aug__9_19:21:56_2026,left,1,0.9365079365079365,0.501535990950062,0.5032255002196554,0.12902179857095084,0.689237050207836
pi05_droid_h16,10.0,train,train_natural,Sun_Aug__9_19:22:17_2026,right,0,0.05063291139240506,0.49775037528917826,0.49661057630043687,-0.13557902475198108,0.6983680499510395
