episode_id,layout_id,condition,alpha_normalized,alpha_m,target_color,target_side,blue_block_side,red_block_side,instruction,pregrasp_chunks,num_seeds,margin_10pct,prediction_color_10pct,prediction_side_10pct,correct_10pct,seed_correct_rate_10pct,seed_prediction_agreement_10pct,margin_20pct,prediction_color_20pct,prediction_side_20pct,correct_20pct,seed_correct_rate_20pct,seed_prediction_agreement_20pct,margin_30pct,prediction_color_30pct,prediction_side_30pct,correct_30pct,seed_correct_rate_30pct,seed_prediction_agreement_30pct,margin_40pct,prediction_color_40pct,prediction_side_40pct,correct_40pct,seed_correct_rate_40pct,seed_prediction_agreement_40pct,margin_100pct,prediction_color_100pct,prediction_side_100pct,correct_100pct,seed_correct_rate_100pct,seed_prediction_agreement_100pct,early_correct_20_to_40pct,late_reversal,flat_final_score,flat_final_prediction_color,flat_final_prediction_side,flat_correct,flat_seed_correct_rate,flat_seed_prediction_agreement,linear_final_score,linear_final_prediction_color,linear_final_prediction_side,linear_correct,linear_seed_correct_rate,linear_seed_prediction_agreement,exponential_final_score,exponential_final_prediction_color,exponential_final_prediction_side,exponential_correct,exponential_seed_correct_rate,exponential_seed_prediction_agreement,flat_final_prediction_stable_80pct,mean_chunk_sign_seed_agreement,minimum_chunk_sign_seed_agreement
2026_08_18_00_40_18_199635_L1_left_C0,L1,C0,0.0,0.0,blue,left,left,right,pick up the blue block,8,10,0.029445362798869612,red,right,0,0.0,1.0,0.05818251378834248,red,right,0,0.0,1.0,0.08342224527150392,red,right,0,0.0,1.0,0.09903030321002007,red,right,0,0.0,1.0,-0.06142950356006622,blue,left,1,1.0,1.0,0,0,-0.007678687945008277,blue,left,1,1.0,1.0,0.005577897156278294,red,right,0,0.1,0.9,0.01577596146165613,red,right,0,0.0,1.0,1,0.9125000000000001,0.6
2026_08_18_00_40_47_448240_L1_left_C1,L1,C1,2.0,0.1694548757406934,blue,left,left,right,pick up the blue block,8,10,-0.009574582576751709,blue,left,1,0.8,0.8,0.020232617259025584,red,right,0,0.2,0.8,0.06400245308876037,red,right,0,0.0,1.0,0.09923820734024048,red,right,0,0.0,1.0,0.048558303713798504,red,right,0,0.2,0.8,0,0,0.006069787964224813,red,right,0,0.2,0.8,0.017193097828163043,red,right,0,0.0,1.0,0.016950189337708994,red,right,0,0.0,1.0,1,0.875,0.6
2026_08_18_00_41_27_880068_L1_left_C2,L1,C2,4.0,0.3389097514813868,blue,left,left,right,pick up the blue block,10,10,-0.012531914301216602,blue,left,1,0.8,0.8,0.0093422643840313,red,right,0,0.2,0.8,0.06951678443700074,red,right,0,0.0,1.0,0.10782392427325249,red,right,0,0.0,1.0,0.02882699668407441,red,right,0,0.4,0.6,0,0,0.002882699668407441,red,right,0,0.4,0.6,0.010455278889699417,red,right,0,0.0,1.0,0.01133132287975628,red,right,0,0.0,1.0,0,0.9199999999999999,0.5
2026_08_18_00_45_28_073578_L1_right_C0,L1,C0,0.0,0.0,red,right,left,right,pick up the red block,8,10,0.0229085922986269,red,right,1,1.0,1.0,0.06415133848786354,red,right,1,1.0,1.0,0.10793445251882075,red,right,1,1.0,1.0,0.12448836356401444,red,right,1,1.0,1.0,0.260083881765604,red,right,1,1.0,1.0,1,0,0.0325104852207005,red,right,1,1.0,1.0,0.032100517426927884,red,right,1,1.0,1.0,0.03507422437700702,red,right,1,1.0,1.0,1,0.9875,0.9
2026_08_18_00_45_56_961481_L1_right_C1,L1,C1,2.0,0.1694548757406934,red,right,left,right,pick up the red block,8,10,-0.038081895112991336,blue,left,0,0.0,1.0,-0.04070768982172012,blue,left,0,0.0,1.0,-0.042908684313297266,blue,left,0,0.0,1.0,-0.04864877223968505,blue,left,0,0.0,1.0,0.17810697108507156,red,right,1,1.0,1.0,0,0,0.022263371385633945,red,right,1,1.0,1.0,0.008183847119410835,red,right,1,0.8,0.8,-0.003061582013110614,blue,left,0,0.5,0.5,1,0.9,0.5
2026_08_18_00_46_25_193744_L1_right_C2,L1,C2,4.0,0.3389097514813868,red,right,left,right,pick up the red block,10,10,-0.014344005212187767,blue,left,0,0.2,0.8,-0.0047468152642250044,blue,left,0,0.4,0.6,-0.023758106566965573,blue,left,0,0.3,0.7,-0.032412376999855046,blue,left,0,0.2,0.8,0.060053677856922144,red,right,1,1.0,1.0,0,0,0.006005367785692215,red,right,1,1.0,1.0,-0.0009269588914784529,blue,left,0,0.3,0.7,-0.00315569198863967,blue,left,0,0.3,0.7,1,0.8700000000000001,0.6
2026_08_18_00_48_13_457980_L1_left_C0,L1,C0,0.0,0.0,red,left,right,left,pick up the red block,8,10,0.03634883113205433,red,left,1,0.9,0.9,0.030263018161058423,red,left,1,0.8,0.8,-0.00048484265804290584,blue,right,0,0.5,0.5,-0.027240537405014045,blue,right,0,0.3,0.7,0.18887799009680747,red,left,1,1.0,1.0,1,0,0.023609748762100934,red,left,1,1.0,1.0,0.017989908220867316,red,left,1,1.0,1.0,0.015543078238543173,red,left,1,0.9,0.9,1,0.975,0.9
2026_08_18_00_49_05_482404_L1_left_C1,L1,C1,2.0,0.1694548757406934,red,left,right,left,pick up the red block,8,10,0.03798558473587036,red,left,1,1.0,1.0,0.004318290948867785,red,left,1,0.5,0.5,-0.032856470346450804,blue,right,0,0.1,0.9,-0.042245931327342987,blue,right,0,0.1,0.9,-0.07508805692195893,blue,right,0,0.1,0.9,1,1,-0.009386007115244866,blue,right,0,0.1,0.9,-0.010353846351305644,blue,right,0,0.0,1.0,-0.005495280223195078,blue,right,0,0.3,0.7,1,0.9625,0.7
2026_08_18_00_49_36_378126_L1_left_C2,L1,C2,4.0,0.3389097514813868,red,left,right,left,pick up the red block,10,10,0.06543150376528502,red,left,1,1.0,1.0,0.05101149171590805,red,left,1,1.0,1.0,0.026041817180812363,red,left,1,0.9,0.9,0.013310454487800593,red,left,1,0.5,0.5,-0.007293438911437994,blue,right,0,0.5,0.5,1,1,-0.0007293438911437994,blue,right,0,0.5,0.5,-7.926499301737158e-05,blue,right,0,0.5,0.5,0.0069940836922746715,red,left,1,0.8,0.8,0,0.9199999999999999,0.5
2026_08_18_00_50_22_202653_L1_right_C0,L1,C0,0.0,0.0,blue,right,right,left,pick up the blue block,8,10,0.061337030008435246,red,left,0,0.0,1.0,0.06470208518207073,red,left,0,0.0,1.0,0.03916433624923229,red,left,0,0.2,0.8,0.03413220226764678,red,left,0,0.3,0.7,-0.009504230320453645,blue,right,1,0.7,0.7,0,0,-0.0011880287900567056,blue,right,1,0.7,0.7,0.008928349283006455,red,left,0,0.2,0.8,0.017481499776049975,red,left,0,0.1,0.9,0,0.9375,0.7
2026_08_18_00_50_52_802516_L1_right_C1,L1,C1,2.0,0.1694548757406934,blue,right,right,left,pick up the blue block,8,10,0.0519385552406311,red,left,0,0.0,1.0,0.05536968678236007,red,left,0,0.0,1.0,0.05715994924306869,red,left,0,0.0,1.0,0.0626374927163124,red,left,0,0.0,1.0,-0.0699935108423233,blue,right,1,1.0,1.0,0,0,-0.008749188855290413,blue,right,1,1.0,1.0,0.001325101984871757,red,left,0,0.5,0.5,0.011789462735060846,red,left,0,0.0,1.0,1,0.9624999999999999,0.8
2026_08_18_00_51_25_610649_L1_right_C2,L1,C2,4.0,0.3389097514813868,blue,right,right,left,pick up the blue block,10,10,0.034709680974483494,red,left,0,0.0,1.0,0.05531043827533723,red,left,0,0.0,1.0,0.03979221004992724,red,left,0,0.0,1.0,0.018609646856784814,red,left,0,0.0,1.0,-0.1292088583111763,blue,right,1,1.0,1.0,0,0,-0.01292088583111763,blue,right,1,1.0,1.0,-0.0032505475391041132,blue,right,1,0.9,0.9,0.003712347424217315,red,left,0,0.1,0.9,1,0.9800000000000001,0.8
2026_08_18_00_52_54_907596_L3_right_C0,L3,C0,0.0,0.0,blue,right,right,left,pick up the blue block,8,10,0.03363803864456713,red,left,0,0.0,1.0,0.04519930750131607,red,left,0,0.0,1.0,0.028643484599888334,red,left,0,0.0,1.0,-0.019956126511096958,blue,right,1,0.7,0.7,-0.13278302550315854,blue,right,1,1.0,1.0,1,0,-0.016597878187894818,blue,right,1,1.0,1.0,-0.011604925162262384,blue,right,1,0.9,0.9,-0.003349620556538296,blue,right,1,0.8,0.8,1,0.9125000000000001,0.6
2026_08_18_00_53_23_339528_L3_right_C1,L3,C1,2.0,0.1694548757406934,blue,right,right,left,pick up the blue block,9,10,0.07590313006192445,red,left,0,0.0,1.0,0.07801376923918724,red,left,0,0.0,1.0,0.03975347973406316,red,left,0,0.0,1.0,-0.005070530921220779,blue,right,1,0.8,0.8,-0.17776335403323174,blue,right,1,1.0,1.0,1,0,-0.019751483781470194,blue,right,1,1.0,1.0,-0.011189025872283513,blue,right,1,1.0,1.0,0.0016920576328446452,red,left,0,0.3,0.7,1,1.0,1.0
2026_08_18_00_53_52_283658_L3_right_C2,L3,C2,4.0,0.3389097514813868,blue,right,right,left,pick up the blue block,10,10,0.10873673362657428,red,left,0,0.0,1.0,0.12074423899874091,red,left,0,0.0,1.0,0.08620635776780547,red,left,0,0.0,1.0,0.04044832512736322,red,left,0,0.0,1.0,-0.08953751772642135,blue,right,1,1.0,1.0,0,0,-0.008953751772642135,blue,right,1,1.0,1.0,0.002670621519738978,red,left,0,0.0,1.0,0.0160529441127098,red,left,0,0.0,1.0,1,0.99,0.9
2026_08_18_00_54_32_747715_L3_left_C0,L3,C0,0.0,0.0,red,left,right,left,pick up the red block,8,10,0.05495724007487297,red,left,1,1.0,1.0,0.07000641897320746,red,left,1,1.0,1.0,0.0538819570094347,red,left,1,1.0,1.0,0.015318274497985833,red,left,1,0.8,0.8,0.10777372121810912,red,left,1,1.0,1.0,1,0,0.01347171515226364,red,left,1,1.0,1.0,0.007634518543879191,red,left,1,1.0,1.0,0.014489124600272315,red,left,1,1.0,1.0,1,0.9624999999999999,0.8
2026_08_18_00_55_01_843645_L3_left_C1,L3,C1,2.0,0.1694548757406934,red,left,right,left,pick up the red block,9,10,0.05124164566397667,red,left,1,1.0,1.0,0.038213786110281936,red,left,1,1.0,1.0,0.04655056655406951,red,left,1,1.0,1.0,0.084411338865757,red,left,1,1.0,1.0,0.13180315047502517,red,left,1,1.0,1.0,1,0,0.014644794497225019,red,left,1,1.0,1.0,0.015335124267472165,red,left,1,1.0,1.0,0.020867094538303908,red,left,1,1.0,1.0,1,0.9444444444444444,0.6
2026_08_18_00_55_32_860317_L3_left_C2,L3,C2,4.0,0.3389097514813868,red,left,right,left,pick up the red block,11,10,0.07134886272251605,red,left,1,1.0,1.0,0.05435049561783672,red,left,1,1.0,1.0,0.09998054038733244,red,left,1,1.0,1.0,0.12914073914289476,red,left,1,1.0,1.0,0.17704730257391932,red,left,1,1.0,1.0,1,0,0.016095209324901757,red,left,1,1.0,1.0,0.019183898796186306,red,left,1,1.0,1.0,0.024537102182919972,red,left,1,1.0,1.0,1,0.9363636363636364,0.7
2026_08_18_00_56_19_492037_L3_right_C0,L3,C0,0.0,0.0,red,right,left,right,pick up the red block,8,10,-0.027011678740382197,blue,left,0,0.0,1.0,0.01647957861423493,red,right,1,0.7,0.7,0.11115042306482789,red,right,1,1.0,1.0,0.23767750561237333,red,right,1,1.0,1.0,0.48534384891390797,red,right,1,1.0,1.0,1,0,0.060667981114238496,red,right,1,1.0,1.0,0.06932704351428481,red,right,1,1.0,1.0,0.05935309426568793,red,right,1,1.0,1.0,1,0.9375,0.5
2026_08_18_00_56_48_148319_L3_right_C1,L3,C1,2.0,0.1694548757406934,red,right,left,right,pick up the red block,9,10,-0.04841090485453606,blue,left,0,0.0,1.0,-0.013722507581114762,blue,left,0,0.3,0.7,0.03640722017735243,red,right,1,0.9,0.9,0.0951122120022774,red,right,1,1.0,1.0,0.41596075966954227,red,right,1,1.0,1.0,1,0,0.04621786218550469,red,right,1,1.0,1.0,0.03791002064943314,red,right,1,1.0,1.0,0.027039971250500765,red,right,1,1.0,1.0,1,1.0,1.0
2026_08_18_00_57_15_980084_L3_right_C2,L3,C2,4.0,0.3389097514813868,red,right,left,right,pick up the red block,10,10,-0.030921435970813035,blue,left,0,0.0,1.0,-0.008345614299178121,blue,left,0,0.5,0.5,0.007292642090469604,red,right,1,0.6,0.6,0.012097551152110104,red,right,1,0.7,0.7,0.15222287327051165,red,right,1,1.0,1.0,1,0,0.015222287327051165,red,right,1,1.0,1.0,0.007450756538997998,red,right,1,0.9,0.9,0.00377893472107565,red,right,1,0.8,0.8,1,0.9,0.5
2026_08_18_00_57_54_988496_L3_left_C0,L3,C0,0.0,0.0,blue,left,left,right,pick up the blue block,8,10,-0.0024232327938079837,blue,left,1,0.5,0.5,0.057235721871256834,red,right,0,0.0,1.0,0.14700758717954157,red,right,0,0.0,1.0,0.23492308631539344,red,right,0,0.0,1.0,0.21492321342229842,red,right,0,0.0,1.0,0,0,0.026865401677787303,red,right,0,0.0,1.0,0.043177102216415936,red,right,0,0.0,1.0,0.04602981078678372,red,right,0,0.0,1.0,1,0.8,0.5
2026_08_18_00_58_22_709133_L3_left_C1,L3,C1,2.0,0.1694548757406934,blue,left,left,right,pick up the blue block,9,10,-0.03553984120488167,blue,left,1,0.9,0.9,0.025041991099715243,red,right,0,0.3,0.7,0.11257392782717941,red,right,0,0.0,1.0,0.18225070729851722,red,right,0,0.0,1.0,0.2182817734777927,red,right,0,0.0,1.0,0,0,0.02425353038642141,red,right,0,0.0,1.0,0.03605055525898933,red,right,0,0.0,1.0,0.03321904171440152,red,right,0,0.0,1.0,1,0.9555555555555555,0.8
2026_08_18_00_59_48_029579_L3_left_C2,L3,C2,4.0,0.3389097514813868,blue,left,left,right,pick up the blue block,10,10,0.06169415342621505,red,right,0,0.0,1.0,0.15909507930278777,red,right,0,0.0,1.0,0.28952747433446346,red,right,0,0.0,1.0,0.3430136513710022,red,right,0,0.0,1.0,0.40137192904949187,red,right,0,0.0,1.0,0,0,0.04013719290494919,red,right,0,0.0,1.0,0.05942817790941759,red,right,0,0.0,1.0,0.06634271585535388,red,right,0,0.0,1.0,1,0.99,0.9
