episode_id,layout_id,condition,alpha_normalized,alpha_m,target_color,target_side,blue_block_side,red_block_side,instruction,chunk_index,start,stop,executed_steps,progress,num_seeds,energy_blue_mean,energy_red_mean,local_margin_blue_minus_red_mean,local_margin_seed_sd,red_support_rate,mean_sign_seed_agreement,true_target_seed_support_rate,cartesian_x,cartesian_y,cartesian_z,flat_cumulative_margin,flat_cumulative_score,linear_cumulative_score,exponential_cumulative_score
2026_08_18_00_40_18_199635_L1_left_C0,L1,C0,0.0,0.0,blue,left,left,right,pick up the blue block,0,0,16,16,0.13793103448275862,10,0.3338677197694778,0.29325342625379563,0.04061429351568222,0.01090125977846265,1.0,1.0,0.0,0.38145551085472107,0.0021811791229993105,0.4664916396141052,0.04061429351568222,0.04061429351568222,0.04061429351568222,0.04061429351568222
2026_08_18_00_40_18_199635_L1_left_C0,L1,C0,0.0,0.0,blue,left,left,right,pick up the blue block,1,16,32,16,0.27586206896551724,10,0.2695963948965073,0.2305559054017067,0.039040489494800566,0.010802375321026503,1.0,1.0,0.0,0.42407873272895813,0.005680404137820005,0.41256415843963623,0.07965478301048279,0.039827391505241394,0.03987985163927078,0.03997323057285054
2026_08_18_00_40_18_199635_L1_left_C0,L1,C0,0.0,0.0,blue,left,left,right,pick up the blue block,2,32,48,16,0.41379310344827586,10,0.2408119648694992,0.21928360909223557,0.02152835577726364,0.016963042316406777,0.9,0.9,0.1,0.47257158160209656,0.01141748670488596,0.3632127642631531,0.10118313878774643,0.03372771292924881,0.03463656710726874,0.03593891093926777
2026_08_18_00_40_18_199635_L1_left_C0,L1,C0,0.0,0.0,blue,left,left,right,pick up the blue block,3,48,64,16,0.5517241379310345,10,0.2369835689663887,0.25244498550891875,-0.01546141654253006,0.01620853091871182,0.2,0.8,0.8,0.5210071206092834,0.018530013039708138,0.31376373767852783,0.08572172224521638,0.021430430561304094,0.025002339482307435,0.029221852856160076
2026_08_18_00_40_18_199635_L1_left_C0,L1,C0,0.0,0.0,blue,left,left,right,pick up the blue block,4,64,80,16,0.6896551724137931,10,0.16604415625333785,0.22803542464971543,-0.061991268396377565,0.008962451765814445,0.0,1.0,1.0,0.569491982460022,0.026051515713334084,0.2639348804950714,0.02373045384883881,0.004746090769767762,0.013403191765149435,0.021704637355002325
2026_08_18_00_40_18_199635_L1_left_C0,L1,C0,0.0,0.0,blue,left,left,right,pick up the blue block,5,80,96,16,0.8275862068965517,10,0.22808511555194855,0.28343374133110044,-0.055348625779151915,0.019533096357410316,0.0,1.0,1.0,0.6181511878967285,0.03348023071885109,0.214024618268013,-0.031618171930313105,-0.005269695321718851,0.0071530265338493135,0.017574139673373436
2026_08_18_00_40_18_199635_L1_left_C0,L1,C0,0.0,0.0,blue,left,left,right,pick up the blue block,6,96,112,16,0.9655172413793104,10,0.23086590468883514,0.23630015105009078,-0.005434246361255645,0.011906799724459542,0.4,0.6,0.6,0.6420998573303223,0.037117213010787964,0.18957950174808502,-0.03705241829156875,-0.00529320261308125,0.006433753796986173,0.01675657104845433
2026_08_18_00_40_18_199635_L1_left_C0,L1,C0,0.0,0.0,blue,left,left,right,pick up the blue block,7,112,116,4,1.0,10,0.2428292453289032,0.2672063305974007,-0.024377085268497467,0.007601539169268435,0.0,1.0,1.0,0.642103910446167,0.03714887425303459,0.1895769089460373,-0.06142950356006622,-0.007678687945008277,0.005577897156278294,0.01577596146165613
2026_08_18_00_40_47_448240_L1_left_C1,L1,C1,2.0,0.1694548757406934,blue,left,left,right,pick up the blue block,0,0,16,16,0.125,10,0.3208980828523636,0.3328663110733032,-0.011968228220939636,0.011807024213364999,0.2,0.8,0.8,0.37176400423049927,0.024138767272233963,0.4780213534832001,-0.011968228220939636,-0.011968228220939636,-0.011968228220939636,-0.011968228220939636
2026_08_18_00_40_47_448240_L1_left_C1,L1,C1,2.0,0.1694548757406934,blue,left,left,right,pick up the blue block,1,16,32,16,0.25,10,0.3473197162151337,0.29365164041519165,0.05366807579994202,0.018280979522920945,1.0,1.0,0.0,0.4015202820301056,0.07162616401910782,0.4381272494792938,0.041699847579002386,0.020849923789501193,0.018662046988805137,0.014767630662334453
2026_08_18_00_40_47_448240_L1_left_C1,L1,C1,2.0,0.1694548757406934,blue,left,left,right,pick up the blue block,2,32,48,16,0.375,10,0.3318178281188011,0.2760613143444061,0.055756513774394986,0.03337069387893191,0.9,0.9,0.1,0.44498148560523987,0.10130584985017776,0.39268290996551514,0.09745636135339737,0.03248545378446579,0.029260466070402235,0.023732844995867322
2026_08_18_00_40_47_448240_L1_left_C1,L1,C1,2.0,0.1694548757406934,blue,left,left,right,pick up the blue block,3,48,64,16,0.5,10,0.25703922659158707,0.2481299966573715,0.008909229934215546,0.028833769861958382,0.6,0.6,0.4,0.49236437678337097,0.11124811321496964,0.343144953250885,0.10636559128761292,0.02659139782190323,0.025346766813443257,0.02179567672770783
2026_08_18_00_40_47_448240_L1_left_C1,L1,C1,2.0,0.1694548757406934,blue,left,left,right,pick up the blue block,4,64,80,16,0.625,10,0.28032145500183103,0.2665353998541832,0.013786055147647858,0.0177601720318305,0.7,0.7,0.3,0.5397839546203613,0.10149547457695007,0.2944670021533966,0.12015164643526077,0.024030329287052156,0.023805338591337204,0.02113557376583973
2026_08_18_00_40_47_448240_L1_left_C1,L1,C1,2.0,0.1694548757406934,blue,left,left,right,pick up the blue block,5,80,96,16,0.75,10,0.3047225549817085,0.2882730558514595,0.016449499130249023,0.0052116492341882144,1.0,1.0,0.0,0.5860797762870789,0.07936312258243561,0.24705712497234344,0.13660114556550979,0.022766857594251632,0.02313662591305646,0.02088437323738777
2026_08_18_00_40_47_448240_L1_left_C1,L1,C1,2.0,0.1694548757406934,blue,left,left,right,pick up the blue block,6,96,112,16,0.875,10,0.20179745852947234,0.2583117499947548,-0.05651429146528244,0.015325284130742758,0.0,1.0,1.0,0.6308411359786987,0.05108407512307167,0.20063655078411102,0.08008685410022734,0.011440979157175334,0.018585144920008526,0.01813412731504022
2026_08_18_00_40_47_448240_L1_left_C1,L1,C1,2.0,0.1694548757406934,blue,left,left,right,pick up the blue block,7,112,128,16,1.0,10,0.26574426889419556,0.2972728192806244,-0.031528550386428836,0.009222147385950884,0.0,1.0,1.0,0.6416903734207153,0.04551628977060318,0.18981871008872986,0.048558303713798504,0.006069787964224813,0.017193097828163043,0.016950189337708994
2026_08_18_00_41_27_880068_L1_left_C2,L1,C2,4.0,0.3389097514813868,blue,left,left,right,pick up the blue block,0,0,16,16,0.10256410256410256,10,0.21028969585895538,0.22314294129610063,-0.012853245437145232,0.01237304575698308,0.2,0.8,0.8,0.36759650707244873,0.02888830192387104,0.4837019145488739,-0.012853245437145232,-0.012853245437145232,-0.012853245437145232,-0.012853245437145232
2026_08_18_00_41_27_880068_L1_left_C2,L1,C2,4.0,0.3389097514813868,blue,left,left,right,pick up the blue block,1,16,32,16,0.20512820512820512,10,0.28800117671489717,0.2646374821662903,0.023363694548606873,0.005731617306040956,1.0,1.0,0.0,0.3805505037307739,0.09226934611797333,0.46029794216156006,0.01051044911146164,0.00525522455573082,0.004302147187684713,0.002559144391974624
2026_08_18_00_41_27_880068_L1_left_C2,L1,C2,4.0,0.3389097514813868,blue,left,left,right,pick up the blue block,2,32,48,16,0.3076923076923077,10,0.33564770221710205,0.27185706943273547,0.06379063278436661,0.024379443725977116,1.0,1.0,0.0,0.4057614803314209,0.15066082775592804,0.4343278408050537,0.07430108189582825,0.024767027298609415,0.021928365142257128,0.017235994113188054
2026_08_18_00_41_27_880068_L1_left_C2,L1,C2,4.0,0.3389097514813868,blue,left,left,right,pick up the blue block,3,48,64,16,0.41025641025641024,10,0.32741084694862366,0.29016324430704116,0.037247602641582486,0.016970640438390097,1.0,1.0,0.0,0.4428104758262634,0.19503237307071686,0.3963809311389923,0.11154868453741074,0.027887171134352684,0.025082325803882935,0.020253616815221528
2026_08_18_00_41_27_880068_L1_left_C2,L1,C2,4.0,0.3389097514813868,blue,left,left,right,pick up the blue block,4,64,80,16,0.5128205128205128,10,0.2729048147797585,0.28961187452077863,-0.016707059741020203,0.009109881664091182,0.0,1.0,1.0,0.48838263750076294,0.20613457262516022,0.3470667600631714,0.09484162479639054,0.018968324959278107,0.018813917972147466,0.016539609629073374
2026_08_18_00_41_27_880068_L1_left_C2,L1,C2,4.0,0.3389097514813868,blue,left,left,right,pick up the blue block,5,80,96,16,0.6153846153846154,10,0.25882760286331175,0.269779247045517,-0.0109516441822052,0.00922357255500338,0.1,0.9,0.9,0.5324440598487854,0.18101727962493896,0.30137336254119873,0.08388998061418533,0.013981663435697555,0.015506633288330502,0.014634910866443746
2026_08_18_00_41_27_880068_L1_left_C2,L1,C2,4.0,0.3389097514813868,blue,left,left,right,pick up the blue block,6,96,112,16,0.717948717948718,10,0.2696686491370201,0.2846665754914284,-0.014997926354408265,0.0025874908785079487,0.0,1.0,1.0,0.5720928311347961,0.13920675218105316,0.2614020109176636,0.06889205425977707,0.00984172203711101,0.013016465154229377,0.013188209319917554
2026_08_18_00_41_27_880068_L1_left_C2,L1,C2,4.0,0.3389097514813868,blue,left,left,right,pick up the blue block,7,112,128,16,0.8205128205128205,10,0.30434412211179734,0.2902006521821022,0.014143469929695129,0.007403698955418043,1.0,1.0,0.0,0.6079201102256775,0.09196759760379791,0.22485566139221191,0.0830355241894722,0.010379440523684025,0.013081484660506248,0.013221552675872716
2026_08_18_00_41_27_880068_L1_left_C2,L1,C2,4.0,0.3389097514813868,blue,left,left,right,pick up the blue block,8,128,144,16,0.9230769230769231,10,0.2765384241938591,0.32752676010131837,-0.050988335907459256,0.009999404965562859,0.0,1.0,1.0,0.6397852897644043,0.046662308275699615,0.19193053245544434,0.032047188282012945,0.0035607986980014383,0.010708528343174192,0.011603049126982375
2026_08_18_00_41_27_880068_L1_left_C2,L1,C2,4.0,0.3389097514813868,blue,left,left,right,pick up the blue block,9,144,156,12,1.0,10,0.2418525129556656,0.24507270455360414,-0.0032201915979385375,0.012134001549535435,0.5,0.5,0.5,0.6416018009185791,0.0453813299536705,0.18999965488910675,0.02882699668407441,0.002882699668407441,0.010455278889699417,0.01133132287975628
2026_08_18_00_45_28_073578_L1_right_C0,L1,C0,0.0,0.0,red,right,left,right,pick up the red block,0,0,16,16,0.13793103448275862,10,0.24416299611330033,0.21256493777036667,0.03159805834293365,0.019239434482878667,1.0,1.0,1.0,0.3815579116344452,0.00301348976790905,0.4665829539299011,0.03159805834293365,0.03159805834293365,0.03159805834293365,0.03159805834293365
2026_08_18_00_45_28_073578_L1_right_C0,L1,C0,0.0,0.0,red,right,left,right,pick up the red block,1,16,32,16,0.27586206896551724,10,0.32655062079429625,0.2542099982500076,0.07234062254428864,0.011903074088613692,1.0,1.0,1.0,0.4242797791957855,-0.005438078194856644,0.41251233220100403,0.10393868088722229,0.051969340443611144,0.050611254970232646,0.04819386554566117
2026_08_18_00_45_28_073578_L1_right_C0,L1,C0,0.0,0.0,red,right,left,right,pick up the red block,2,32,48,16,0.41379310344827586,10,0.25104502886533736,0.2282120481133461,0.02283298075199127,0.008528117574643125,1.0,1.0,1.0,0.47261476516723633,-0.012407111003994942,0.3632495403289795,0.12677166163921355,0.04225722054640452,0.04267460519359225,0.04264685497594927
2026_08_18_00_45_28_073578_L1_right_C0,L1,C0,0.0,0.0,red,right,left,right,pick up the red block,3,48,64,16,0.5517241379310345,10,0.24720694720745087,0.2567355751991272,-0.009528627991676331,0.010881701401407097,0.1,0.9,0.1,0.5210484862327576,-0.01958276890218258,0.31362223625183105,0.11724303364753721,0.029310758411884304,0.03263552188873291,0.035828498619526326
2026_08_18_00_45_28_073578_L1_right_C0,L1,C0,0.0,0.0,red,right,left,right,pick up the red block,4,64,80,16,0.6896551724137931,10,0.2502598315477371,0.2267760969698429,0.02348373457789421,0.008155701898472478,1.0,1.0,1.0,0.569607675075531,-0.027412086725234985,0.2638426423072815,0.14072676822543143,0.028145353645086284,0.03141528358062108,0.034811120304459514
2026_08_18_00_45_28_073578_L1_right_C0,L1,C0,0.0,0.0,red,right,left,right,pick up the red block,5,80,96,16,0.8275862068965517,10,0.32631867527961733,0.28692145794630053,0.0393972173333168,0.007061497050456312,1.0,1.0,1.0,0.6180645823478699,-0.036204639822244644,0.21442626416683197,0.18012398555874823,0.03002066425979137,0.03214091392177524,0.03505696145868084
2026_08_18_00_45_28_073578_L1_right_C0,L1,C0,0.0,0.0,red,right,left,right,pick up the red block,6,96,112,16,0.9655172413793104,10,0.21516199856996537,0.2001534268260002,0.015008571743965148,0.005359754255109964,1.0,1.0,1.0,0.6416376829147339,-0.03995240107178688,0.18963845074176788,0.19513255730271337,0.027876079614673338,0.031161922940186094,0.034344571880975
2026_08_18_00_45_28_073578_L1_right_C0,L1,C0,0.0,0.0,red,right,left,right,pick up the red block,7,112,116,4,1.0,10,0.266029916703701,0.2010785922408104,0.06495132446289062,0.014808201736730853,1.0,1.0,1.0,0.6416584253311157,-0.03996574133634567,0.18965685367584229,0.260083881765604,0.0325104852207005,0.032100517426927884,0.03507422437700702
2026_08_18_00_45_56_961481_L1_right_C1,L1,C1,2.0,0.1694548757406934,red,right,left,right,pick up the red block,0,0,16,16,0.125,10,0.30058791786432265,0.34819028675556185,-0.047602368891239165,0.020437069419470252,0.0,1.0,0.0,0.37176749110221863,-0.025389662012457848,0.4780493378639221,-0.047602368891239165,-0.047602368891239165,-0.047602368891239165,-0.047602368891239165
2026_08_18_00_45_56_961481_L1_right_C1,L1,C1,2.0,0.1694548757406934,red,right,left,right,pick up the red block,1,16,32,16,0.25,10,0.32474191039800643,0.3132507786154747,0.011491131782531739,0.020951098750510974,0.7,0.7,0.7,0.4009931981563568,-0.0735330581665039,0.4381452202796936,-0.03611123710870742,-0.01805561855435371,-0.020025401910146075,-0.02353161234117559
2026_08_18_00_45_56_961481_L1_right_C1,L1,C1,2.0,0.1694548757406934,red,right,left,right,pick up the red block,2,32,48,16,0.375,10,0.27729606777429583,0.2942896857857704,-0.016993618011474608,0.00761566528026404,0.0,1.0,0.0,0.44442063570022583,-0.10294272005558014,0.3929865062236786,-0.05310485512018203,-0.01770161837339401,-0.019159177939097084,-0.02210160215238991
2026_08_18_00_45_56_961481_L1_right_C1,L1,C1,2.0,0.1694548757406934,red,right,left,right,pick up the red block,3,48,64,16,0.5,10,0.27005110681056976,0.24777069240808486,0.022280414402484894,0.007011154546268568,1.0,1.0,1.0,0.49173206090927124,-0.11223915219306946,0.3433775007724762,-0.030824440717697136,-0.007706110179424284,-0.011190025565715935,-0.016301705582662567
2026_08_18_00_45_56_961481_L1_right_C1,L1,C1,2.0,0.1694548757406934,red,right,left,right,pick up the red block,4,64,80,16,0.625,10,0.3397344291210175,0.29187225103378295,0.047862178087234496,0.007070391078438456,1.0,1.0,1.0,0.5397832989692688,-0.10080736130475998,0.29439255595207214,0.01703773736953736,0.0034075474739074718,-0.0033163984119892105,-0.011013719223743688
2026_08_18_00_45_56_961481_L1_right_C1,L1,C1,2.0,0.1694548757406934,red,right,left,right,pick up the red block,5,80,96,16,0.75,10,0.3103250876069069,0.23249147981405258,0.07783360779285431,0.009506787154934665,1.0,1.0,1.0,0.5860573053359985,-0.07847654819488525,0.24711860716342926,0.09487134516239167,0.015811890860398612,0.004060874879360201,-0.0062509919447958535
2026_08_18_00_45_56_961481_L1_right_C1,L1,C1,2.0,0.1694548757406934,red,right,left,right,pick up the red block,6,96,112,16,0.875,10,0.28775712549686433,0.2103831261396408,0.07737399935722351,0.011757870467068783,1.0,1.0,1.0,0.6305427551269531,-0.05105021968483925,0.20064526796340942,0.17224534451961518,0.024606477788516455,0.008250196278095248,-0.0032795028084103544
2026_08_18_00_45_56_961481_L1_right_C1,L1,C1,2.0,0.1694548757406934,red,right,left,right,pick up the red block,7,112,128,16,1.0,10,0.2453793004155159,0.2395176738500595,0.00586162656545639,0.01029088983990915,0.5,0.5,0.5,0.6410517692565918,-0.04576745629310608,0.1900249719619751,0.17810697108507156,0.022263371385633945,0.008183847119410835,-0.003061582013110614
2026_08_18_00_46_25_193744_L1_right_C2,L1,C2,4.0,0.3389097514813868,red,right,left,right,pick up the red block,0,0,16,16,0.10256410256410256,10,0.35101308226585387,0.36572488248348234,-0.014711800217628478,0.019359372735476728,0.2,0.8,0.2,0.3676310181617737,-0.029366036877036095,0.4838156998157501,-0.014711800217628478,-0.014711800217628478,-0.014711800217628478,-0.014711800217628478
2026_08_18_00_46_25_193744_L1_right_C2,L1,C2,4.0,0.3389097514813868,red,right,left,right,pick up the red block,1,16,32,16,0.20512820512820512,10,0.316776043176651,0.30628658533096315,0.010489457845687866,0.01361879933261639,0.8,0.8,0.8,0.3803401589393616,-0.0928531363606453,0.46030691266059875,-0.0042223423719406124,-0.0021111711859703062,-0.0027743621876365255,-0.0039872162630236905
2026_08_18_00_46_25_193744_L1_right_C2,L1,C2,4.0,0.3389097514813868,red,right,left,right,pick up the red block,2,32,48,16,0.3076923076923077,10,0.2581468284130096,0.2792665734887123,-0.02111974507570267,0.014765703610782754,0.1,0.9,0.1,0.40507301688194275,-0.15204323828220367,0.4344693720340729,-0.025342087447643283,-0.00844736248254776,-0.008210031191507976,-0.008093788834257994
2026_08_18_00_46_25_193744_L1_right_C2,L1,C2,4.0,0.3389097514813868,red,right,left,right,pick up the red block,3,48,64,16,0.41025641025641024,10,0.29862678050994873,0.306482657790184,-0.00785587728023529,0.015156807966198943,0.2,0.8,0.2,0.442139595746994,-0.19614888727664948,0.3963421881198883,-0.03319796472787857,-0.008299491181969643,-0.008137117150951834,-0.008057913292045766
2026_08_18_00_46_25_193744_L1_right_C2,L1,C2,4.0,0.3389097514813868,red,right,left,right,pick up the red block,4,64,80,16,0.5128205128205128,10,0.3386821195483208,0.3348747193813324,0.0038074001669883726,0.005027225115714022,0.9,0.9,0.9,0.48802003264427185,-0.20639817416667938,0.3474438786506653,-0.0293905645608902,-0.00587811291217804,-0.006345439553260804,-0.006865622902401607
2026_08_18_00_46_25_193744_L1_right_C2,L1,C2,4.0,0.3389097514813868,red,right,left,right,pick up the red block,5,80,96,16,0.6153846153846154,10,0.3281622722744942,0.32903422713279723,-0.0008719548583030701,0.003094615343870713,0.4,0.6,0.4,0.5325983762741089,-0.18009647727012634,0.30127134919166565,-0.03026251941919327,-0.005043753236532211,-0.005737274587154389,-0.006450358753826337
2026_08_18_00_46_25_193744_L1_right_C2,L1,C2,4.0,0.3389097514813868,red,right,left,right,pick up the red block,6,96,112,16,0.717948717948718,10,0.2863787829875946,0.27888465821743014,0.00749412477016449,0.0022430874514898476,1.0,1.0,1.0,0.5713520050048828,-0.1405704915523529,0.26136112213134766,-0.02276839464902878,-0.0032526278070041112,-0.0046571603539038685,-0.00576957662927598
2026_08_18_00_46_25_193744_L1_right_C2,L1,C2,4.0,0.3389097514813868,red,right,left,right,pick up the red block,7,112,128,16,0.8205128205128205,10,0.31166532784700396,0.2898107752203941,0.0218545526266098,0.00946532999888082,1.0,1.0,1.0,0.6075618267059326,-0.09266570210456848,0.22456377744674683,-0.0009138420224189779,-0.00011423025280237224,-0.003127638451181926,-0.004805356849560705
2026_08_18_00_46_25_193744_L1_right_C2,L1,C2,4.0,0.3389097514813868,red,right,left,right,pick up the red block,8,128,144,16,0.9230769230769231,10,0.32814802080392835,0.2774610802531242,0.05068694055080414,0.007020389114580244,1.0,1.0,1.0,0.6394017934799194,-0.04755653813481331,0.19201499223709106,0.04977309852838516,0.005530344280931684,-0.0011345058955528127,-0.0034065928544790604
2026_08_18_00_46_25_193744_L1_right_C2,L1,C2,4.0,0.3389097514813868,red,right,left,right,pick up the red block,9,144,156,12,1.0,10,0.3263500899076462,0.3160695105791092,0.010280579328536987,0.007076657156256828,0.9,0.9,0.9,0.6410431861877441,-0.04583834111690521,0.18990619480609894,0.060053677856922144,0.006005367785692215,-0.0009269588914784529,-0.00315569198863967
2026_08_18_00_48_13_457980_L1_left_C0,L1,C0,0.0,0.0,red,left,right,left,pick up the red block,0,0,16,16,0.13793103448275862,10,0.32705683410167696,0.2769205152988434,0.050136318802833556,0.03144318292312784,0.9,0.9,0.9,0.38151416182518005,-0.0034299236722290516,0.46659812331199646,0.050136318802833556,0.050136318802833556,0.050136318802833556,0.050136318802833556
2026_08_18_00_48_13_457980_L1_left_C0,L1,C0,0.0,0.0,red,left,right,left,pick up the red block,1,16,32,16,0.27586206896551724,10,0.2565177083015442,0.3006805986166,-0.044162890315055846,0.018812312942200007,0.0,1.0,0.0,0.4242289662361145,0.003223566571250558,0.41246289014816284,0.00597342848777771,0.002986714243888855,0.006130021214485167,0.011725101331201476
2026_08_18_00_48_13_457980_L1_left_C0,L1,C0,0.0,0.0,red,left,right,left,pick up the red block,2,32,48,16,0.41379310344827586,10,0.2387632668018341,0.27566767334938047,-0.036904406547546384,0.012990375923927716,0.0,1.0,0.0,0.472877562046051,0.010629075579345226,0.3630729913711548,-0.030930978059768674,-0.010310326019922891,-0.006165529574666704,0.0010887060950765986
2026_08_18_00_48_13_457980_L1_left_C0,L1,C0,0.0,0.0,red,left,right,left,pick up the red block,3,48,64,16,0.5517241379310345,10,0.26142788529396055,0.22295726016163825,0.038470625132322314,0.0239135812104892,1.0,1.0,1.0,0.521206259727478,0.018230615183711052,0.3134201467037201,0.00753964707255364,0.00188491176813841,0.0024183463305234906,0.005973821302175782
2026_08_18_00_48_13_457980_L1_left_C0,L1,C0,0.0,0.0,red,left,right,left,pick up the red block,4,64,80,16,0.6896551724137931,10,0.2788170546293259,0.1724811390042305,0.10633591562509537,0.021283524150944186,1.0,1.0,1.0,0.5696132183074951,0.026158731430768967,0.26392096281051636,0.11387556269764901,0.022775112539529803,0.016274022236466408,0.014245037995705145
2026_08_18_00_48_13_457980_L1_left_C0,L1,C0,0.0,0.0,red,left,right,left,pick up the red block,5,80,96,16,0.8275862068965517,10,0.23230959922075273,0.20251869708299636,0.02979090213775635,0.00827446370043298,1.0,1.0,1.0,0.6183848977088928,0.03343290090560913,0.21400782465934753,0.14366646483540535,0.02394441080590089,0.01750282950022004,0.015078385646224022
2026_08_18_00_48_13_457980_L1_left_C0,L1,C0,0.0,0.0,red,left,right,left,pick up the red block,6,96,112,16,0.9655172413793104,10,0.2611538887023926,0.2363220915198326,0.024831797182559966,0.01311747417631523,0.9,0.9,0.9,0.6422836184501648,0.03716021031141281,0.1893698126077652,0.1684982620179653,0.024071180288280758,0.017921627653496607,0.015424958554294621
2026_08_18_00_48_13_457980_L1_left_C0,L1,C0,0.0,0.0,red,left,right,left,pick up the red block,7,112,116,4,1.0,10,0.30791591852903366,0.2875361904501915,0.02037972807884216,0.005585823945573287,1.0,1.0,1.0,0.6422896385192871,0.037183549255132675,0.18937361240386963,0.18887799009680747,0.023609748762100934,0.017989908220867316,0.015543078238543173
2026_08_18_00_49_05_482404_L1_left_C1,L1,C1,2.0,0.1694548757406934,red,left,right,left,pick up the red block,0,0,16,16,0.125,10,0.3682221472263336,0.32074016630649566,0.04748198091983795,0.017255570243495083,1.0,1.0,1.0,0.37190815806388855,0.024228157475590706,0.47812944650650024,0.04748198091983795,0.04748198091983795,0.04748198091983795,0.04748198091983795
2026_08_18_00_49_05_482404_L1_left_C1,L1,C1,2.0,0.1694548757406934,red,left,right,left,pick up the red block,1,16,32,16,0.25,10,0.2730814129114151,0.34502089619636533,-0.07193948328495026,0.015448476612773147,0.0,1.0,0.0,0.4013439118862152,0.07198596000671387,0.4381139874458313,-0.024457502365112307,-0.012228751182556154,-0.008248035709063213,-0.001162370133161787
2026_08_18_00_49_05_482404_L1_left_C1,L1,C1,2.0,0.1694548757406934,red,left,right,left,pick up the red block,2,32,48,16,0.375,10,0.31215682327747346,0.3331542432308197,-0.020997419953346252,0.013742577445172932,0.0,1.0,0.0,0.44480031728744507,0.10165869444608688,0.3927192687988281,-0.04545492231845856,-0.01515164077281952,-0.01189071692171551,-0.005500753115398578
2026_08_18_00_49_05_482404_L1_left_C1,L1,C1,2.0,0.1694548757406934,red,left,right,left,pick up the red block,3,48,64,16,0.5,10,0.3332647383213043,0.3172197833657265,0.01604495495557785,0.033058498632449404,0.7,0.7,0.7,0.4923834204673767,0.1113203763961792,0.3430558443069458,-0.02940996736288071,-0.0073524918407201776,-0.006518472329928326,-0.0026851334560553334
2026_08_18_00_49_05_482404_L1_left_C1,L1,C1,2.0,0.1694548757406934,red,left,right,left,pick up the red block,4,64,80,16,0.625,10,0.2640142127871513,0.2831221863627434,-0.01910797357559204,0.010903350641775902,0.0,1.0,0.0,0.5400069952011108,0.10113848000764847,0.2943987548351288,-0.04851794093847275,-0.00970358818769455,-0.008197072496016821,-0.004038601319278818
2026_08_18_00_49_05_482404_L1_left_C1,L1,C1,2.0,0.1694548757406934,red,left,right,left,pick up the red block,5,80,96,16,0.75,10,0.24401607364416122,0.2796748667955399,-0.03565879315137863,0.007186660991354025,0.0,1.0,0.0,0.5861552953720093,0.07894449681043625,0.2469707876443863,-0.08417673408985138,-0.014029455681641897,-0.010693592555595167,-0.005733625303243708
2026_08_18_00_49_05_482404_L1_left_C1,L1,C1,2.0,0.1694548757406934,red,left,right,left,pick up the red block,6,96,112,16,0.875,10,0.21753667443990707,0.2464752659201622,-0.028938591480255127,0.008795677996305396,0.0,1.0,0.0,0.6308416724205017,0.05090685561299324,0.20045655965805054,-0.1131153255701065,-0.01615933222430093,-0.011736163922718593,-0.006558179109846224
2026_08_18_00_49_05_482404_L1_left_C1,L1,C1,2.0,0.1694548757406934,red,left,right,left,pick up the red block,7,112,128,16,1.0,10,0.2746575713157654,0.2366303026676178,0.03802726864814758,0.00758919582544214,1.0,1.0,1.0,0.6417425274848938,0.045230433344841,0.18949002027511597,-0.07508805692195893,-0.009386007115244866,-0.010353846351305644,-0.005495280223195078
2026_08_18_00_49_36_378126_L1_left_C2,L1,C2,4.0,0.3389097514813868,red,left,right,left,pick up the red block,0,0,16,16,0.10256410256410256,10,0.35817224383354185,0.2910630092024803,0.06710923463106155,0.018761168553163787,1.0,1.0,1.0,0.36764010787010193,0.028943616896867752,0.4836997389793396,0.06710923463106155,0.06710923463106155,0.06710923463106155,0.06710923463106155
2026_08_18_00_49_36_378126_L1_left_C2,L1,C2,4.0,0.3389097514813868,red,left,right,left,pick up the red block,1,16,32,16,0.20512820512820512,10,0.28471004217863083,0.30165503472089766,-0.016944992542266845,0.011538362295319883,0.0,1.0,0.0,0.3805083632469177,0.092417873442173,0.4602198004722595,0.050164242088794705,0.025082121044397353,0.02729407439106389,0.03133932926383886
2026_08_18_00_49_36_378126_L1_left_C2,L1,C2,4.0,0.3389097514813868,red,left,right,left,pick up the red block,2,32,48,16,0.3076923076923077,10,0.3146919205784798,0.3407702177762985,-0.026078297197818755,0.013175539309892412,0.0,1.0,0.0,0.4057500660419464,0.15086424350738525,0.43432676792144775,0.02408594489097595,0.008028648296991984,0.01148003836472829,0.017576641191875818
2026_08_18_00_49_36_378126_L1_left_C2,L1,C2,4.0,0.3389097514813868,red,left,right,left,pick up the red block,3,48,64,16,0.41025641025641024,10,0.28810610324144365,0.30007887035608294,-0.011972767114639283,0.01720970992986753,0.3,0.7,0.3,0.44288989901542664,0.19522489607334137,0.3961678445339203,0.012113177776336668,0.003028294444084167,0.006651519589564377,0.013120779225014194
2026_08_18_00_49_36_378126_L1_left_C2,L1,C2,4.0,0.3389097514813868,red,left,right,left,pick up the red block,4,64,80,16,0.5128205128205128,10,0.26074704229831697,0.284909775853157,-0.02416273355484009,0.011100460114385263,0.0,1.0,0.0,0.4886716604232788,0.20574116706848145,0.3469110131263733,-0.012049555778503421,-0.0024099111557006844,0.002029381617903708,0.009374331722125043
2026_08_18_00_49_36_378126_L1_left_C2,L1,C2,4.0,0.3389097514813868,red,left,right,left,pick up the red block,5,80,96,16,0.6153846153846154,10,0.2728304222226143,0.2621557354927063,0.01067468672990799,0.004616600618141024,1.0,1.0,1.0,0.532691240310669,0.18066371977329254,0.3011900782585144,-0.0013748690485954323,-0.00022914484143257206,0.0029899710747930725,0.009464425269378508
2026_08_18_00_49_36_378126_L1_left_C2,L1,C2,4.0,0.3389097514813868,red,left,right,left,pick up the red block,6,96,112,16,0.717948717948718,10,0.22819978445768357,0.27570012509822844,-0.04750034064054489,0.008217392059804183,0.0,1.0,0.0,0.5720626711845398,0.13909949362277985,0.2613275647163391,-0.048875209689140324,-0.006982172812734332,-0.00113168702441819,0.006683354583328987
2026_08_18_00_49_36_378126_L1_left_C2,L1,C2,4.0,0.3389097514813868,red,left,right,left,pick up the red block,7,112,128,16,0.8205128205128205,10,0.30224299877882005,0.30286108553409574,-0.0006180867552757263,0.006071396087724569,0.5,0.5,0.5,0.6079145073890686,0.09179355949163437,0.22480329871177673,-0.04949329644441605,-0.0061866620555520065,-0.001102056239659971,0.006428497892864675
2026_08_18_00_49_36_378126_L1_left_C2,L1,C2,4.0,0.3389097514813868,red,left,right,left,pick up the red block,8,128,144,16,0.9230769230769231,10,0.3857780426740646,0.3750305503606796,0.01074749231338501,0.004811536446828123,1.0,1.0,1.0,0.6397051811218262,0.04648291692137718,0.19202855229377747,-0.03874580413103104,-0.004305089347892338,-0.0006631840710286755,0.006537364423417483
2026_08_18_00_49_36_378126_L1_left_C2,L1,C2,4.0,0.3389097514813868,red,left,right,left,pick up the red block,9,144,156,12,1.0,10,0.27166582494974134,0.24021345973014832,0.03145236521959305,0.016829704431957967,1.0,1.0,1.0,0.6414268016815186,0.045219603925943375,0.19022321701049805,-0.007293438911437994,-0.0007293438911437994,-7.926499301737158e-05,0.0069940836922746715
2026_08_18_00_50_22_202653_L1_right_C0,L1,C0,0.0,0.0,blue,right,right,left,pick up the blue block,0,0,16,16,0.13793103448275862,10,0.3785975158214569,0.29399471580982206,0.08460280001163482,0.03772852690235607,1.0,1.0,0.0,0.3815431296825409,0.0024544214829802513,0.46649065613746643,0.08460280001163482,0.08460280001163482,0.08460280001163482,0.08460280001163482
2026_08_18_00_50_22_202653_L1_right_C0,L1,C0,0.0,0.0,blue,right,right,left,pick up the blue block,1,16,32,16,0.27586206896551724,10,0.25955314189195633,0.303776952624321,-0.04422381073236466,0.01526349709533541,0.0,1.0,1.0,0.4242618978023529,-0.005617888178676367,0.41255897283554077,0.04037898927927017,0.020189494639635083,0.0244837149977684,0.032127418640887945
2026_08_18_00_50_22_202653_L1_right_C0,L1,C0,0.0,0.0,blue,right,right,left,pick up the blue block,2,32,48,16,0.41379310344827586,10,0.2576090171933174,0.2645498916506767,-0.006940874457359314,0.01087824387183953,0.2,0.8,0.8,0.47278204560279846,-0.012620783410966396,0.3630843460559845,0.03343811482191085,0.011146038273970283,0.01550526086773191,0.023582281650609455
2026_08_18_00_50_22_202653_L1_right_C0,L1,C0,0.0,0.0,blue,right,right,left,pick up the blue block,3,48,64,16,0.5517241379310345,10,0.27097818702459336,0.2327514335513115,0.03822675347328186,0.0081312526388918,1.0,1.0,0.0,0.5209628939628601,-0.019593114033341408,0.31371989846229553,0.07166486829519271,0.017916217073798178,0.019874778676491515,0.025496039259725062
2026_08_18_00_50_22_202653_L1_right_C0,L1,C0,0.0,0.0,blue,right,right,left,pick up the blue block,4,64,80,16,0.6896551724137931,10,0.251444947719574,0.2439105123281479,0.007534435391426087,0.012942739582266834,0.7,0.7,0.3,0.5696231722831726,-0.027578232809901237,0.2638162672519684,0.0791993036866188,0.015839860737323762,0.018229399571816126,0.024015756103416826
2026_08_18_00_50_22_202653_L1_right_C0,L1,C0,0.0,0.0,blue,right,right,left,pick up the blue block,5,80,96,16,0.8275862068965517,10,0.2092896059155464,0.2738523483276367,-0.0645627424120903,0.008409546741673062,0.0,1.0,1.0,0.6181697845458984,-0.03614483401179314,0.21427927911281586,0.014636561274528503,0.0024394268790880838,0.010702841209642815,0.019267439576919263
2026_08_18_00_50_22_202653_L1_right_C0,L1,C0,0.0,0.0,blue,right,right,left,pick up the blue block,6,96,112,16,0.9655172413793104,10,0.21903954595327377,0.2266719400882721,-0.007632394134998321,0.003569842189370634,0.0,1.0,1.0,0.6416962146759033,-0.03999587520956993,0.18962059915065765,0.007004167139530182,0.0010005953056471688,0.009655113475663321,0.01831159417232178
2026_08_18_00_50_22_202653_L1_right_C0,L1,C0,0.0,0.0,blue,right,right,left,pick up the blue block,7,112,116,4,1.0,10,0.23772548288106918,0.254233880341053,-0.016508397459983826,0.008016270935475623,0.0,1.0,1.0,0.6417282819747925,-0.03998956084251404,0.18965116143226624,-0.009504230320453645,-0.0011880287900567056,0.008928349283006455,0.017481499776049975
2026_08_18_00_50_52_802516_L1_right_C1,L1,C1,2.0,0.1694548757406934,blue,right,right,left,pick up the blue block,0,0,16,16,0.125,10,0.390333303809166,0.3254101097583771,0.06492319405078888,0.022238688287704908,1.0,1.0,0.0,0.3719290494918823,-0.02554915100336075,0.47799262404441833,0.06492319405078888,0.06492319405078888,0.06492319405078888,0.06492319405078888
2026_08_18_00_50_52_802516_L1_right_C1,L1,C1,2.0,0.1694548757406934,blue,right,right,left,pick up the blue block,1,16,32,16,0.25,10,0.22795003801584243,0.24387255012989045,-0.015922512114048003,0.017740414550919334,0.2,0.8,0.8,0.4010154902935028,-0.07378287613391876,0.4381638169288635,0.04900068193674087,0.024500340968370435,0.027195197840531666,0.031992037679551645
2026_08_18_00_50_52_802516_L1_right_C1,L1,C1,2.0,0.1694548757406934,blue,right,right,left,pick up the blue block,2,32,48,16,0.375,10,0.2817531317472458,0.26135496348142623,0.020398168265819548,0.0063401162170722844,1.0,1.0,0.0,0.4444747567176819,-0.10329410433769226,0.39292797446250916,0.06939885020256042,0.02313295006752014,0.02525318939061392,0.029456190972898744
2026_08_18_00_50_52_802516_L1_right_C1,L1,C1,2.0,0.1694548757406934,blue,right,right,left,pick up the blue block,3,48,64,16,0.5,10,0.25621291548013686,0.29001970291137696,-0.03380678743124008,0.004931608501329244,0.0,1.0,1.0,0.49170392751693726,-0.11220402270555496,0.3432888984680176,0.03559206277132034,0.008898015692830085,0.01389550154025738,0.02118890706110907
2026_08_18_00_50_52_802516_L1_right_C1,L1,C1,2.0,0.1694548757406934,blue,right,right,left,pick up the blue block,4,64,80,16,0.625,10,0.2703834414482117,0.3029673516750336,-0.0325839102268219,0.0067950793553285945,0.0,1.0,1.0,0.5398674607276917,-0.10062642395496368,0.294189989566803,0.0030081525444984394,0.0006016305088996879,0.007698246637980142,0.01675728746398326
2026_08_18_00_50_52_802516_L1_right_C1,L1,C1,2.0,0.1694548757406934,blue,right,right,left,pick up the blue block,5,80,96,16,0.75,10,0.2511653542518616,0.29275825172662734,-0.04159289747476578,0.008152563256074842,0.0,1.0,1.0,0.586178719997406,-0.07832471281290054,0.24674560129642487,-0.03858474493026734,-0.006430790821711223,0.003217233536821422,0.013629382248697336
2026_08_18_00_50_52_802516_L1_right_C1,L1,C1,2.0,0.1694548757406934,blue,right,right,left,pick up the blue block,6,96,112,16,0.875,10,0.21989210993051528,0.24694837927818297,-0.027056269347667694,0.0031354108813640147,0.0,1.0,1.0,0.6305158138275146,-0.05102887377142906,0.20061933994293213,-0.06564101427793503,-0.009377287753990719,0.0014873190862791867,0.01218367840056498
2026_08_18_00_50_52_802516_L1_right_C1,L1,C1,2.0,0.1694548757406934,blue,right,right,left,pick up the blue block,7,112,128,16,1.0,10,0.24213836938142777,0.24649086594581604,-0.004352496564388275,0.003545055060692697,0.1,0.9,0.9,0.641058087348938,-0.04564709961414337,0.1898973286151886,-0.0699935108423233,-0.008749188855290413,0.001325101984871757,0.011789462735060846
2026_08_18_00_51_25_610649_L1_right_C2,L1,C2,4.0,0.3389097514813868,blue,right,right,left,pick up the blue block,0,0,16,16,0.10256410256410256,10,0.2659711688756943,0.23037149608135224,0.03559967279434204,0.005742437549960396,1.0,1.0,0.0,0.3679506182670593,-0.029477335512638092,0.48429223895072937,0.03559967279434204,0.03559967279434204,0.03559967279434204,0.03559967279434204
2026_08_18_00_51_25_610649_L1_right_C2,L1,C2,4.0,0.3389097514813868,blue,right,right,left,pick up the blue block,1,16,32,16,0.20512820512820512,10,0.24233966916799546,0.2215914949774742,0.02074817419052124,0.010742616999846157,1.0,1.0,0.0,0.3804990351200104,-0.09288474172353745,0.4602116346359253,0.05634784698486328,0.02817392349243164,0.02856475240305851,0.029279506426924905
2026_08_18_00_51_25_610649_L1_right_C2,L1,C2,4.0,0.3389097514813868,blue,right,right,left,pick up the blue block,2,32,48,16,0.3076923076923077,10,0.2846281617879868,0.3025261476635933,-0.017897985875606537,0.005127876058175994,0.0,1.0,1.0,0.405178040266037,-0.152251198887825,0.43441298604011536,0.038449861109256744,0.012816620369752249,0.014798015135305901,0.017971321979231642
2026_08_18_00_51_25_610649_L1_right_C2,L1,C2,4.0,0.3389097514813868,blue,right,right,left,pick up the blue block,3,48,64,16,0.41025641025641024,10,0.2787088960409164,0.300753578543663,-0.022044682502746583,0.007432293469219137,0.0,1.0,1.0,0.4423517882823944,-0.19606880843639374,0.3962516486644745,0.01640517860651016,0.00410129465162754,0.007212753856883331,0.011937164185361436
2026_08_18_00_51_25_610649_L1_right_C2,L1,C2,4.0,0.3389097514813868,blue,right,right,left,pick up the blue block,4,64,80,16,0.5128205128205128,10,0.2958297625184059,0.2993768393993378,-0.003547076880931854,0.004022062045576457,0.2,0.8,0.8,0.48799917101860046,-0.20648501813411713,0.3474779725074768,0.012858101725578306,0.002571620345115661,0.005598779246211054,0.010381224523251763
2026_08_18_00_51_25_610649_L1_right_C2,L1,C2,4.0,0.3389097514813868,blue,right,right,left,pick up the blue block,5,80,96,16,0.6153846153846154,10,0.2823317989706993,0.2942837968468666,-0.011951997876167297,0.0032542966879025655,0.0,1.0,1.0,0.5325865745544434,-0.18019579350948334,0.3013336658477783,0.0009061038494110087,0.0001510173082351681,0.0036486928992801263,0.008833893820850185
2026_08_18_00_51_25_610649_L1_right_C2,L1,C2,4.0,0.3389097514813868,blue,right,right,left,pick up the blue block,6,96,112,16,0.717948717948718,10,0.2502664878964424,0.27690242826938627,-0.026635940372943877,0.005176337854282021,0.0,1.0,1.0,0.5714296698570251,-0.14055313169956207,0.2613590955734253,-0.02572983652353287,-0.003675690931933267,0.001176477938282248,0.007102224875323744
2026_08_18_00_51_25_610649_L1_right_C2,L1,C2,4.0,0.3389097514813868,blue,right,right,left,pick up the blue block,7,112,128,16,0.8205128205128205,10,0.283226677775383,0.32654670178890227,-0.04332002401351929,0.005400290723922925,0.0,1.0,1.0,0.6076999306678772,-0.09273279458284378,0.2242932766675949,-0.06904986053705216,-0.00863123256713152,-0.0013906279435524564,0.005342237102822641
2026_08_18_00_51_25_610649_L1_right_C2,L1,C2,4.0,0.3389097514813868,blue,right,right,left,pick up the blue block,8,128,144,16,0.9230769230769231,10,0.2799524635076523,0.32626092731952666,-0.04630846381187439,0.004538305132673222,0.0,1.0,1.0,0.6395211815834045,-0.04772467538714409,0.19178694486618042,-0.11535832434892654,-0.01281759159432517,-0.003054251494231046,0.004040306129610965
2026_08_18_00_51_25_610649_L1_right_C2,L1,C2,4.0,0.3389097514813868,blue,right,right,left,pick up the blue block,9,144,156,12,1.0,10,0.3305548012256622,0.344405335187912,-0.013850533962249756,0.003111894349923978,0.0,1.0,1.0,0.6412416696548462,-0.04586173593997955,0.18990445137023926,-0.1292088583111763,-0.01292088583111763,-0.0032505475391041132,0.003712347424217315
2026_08_18_00_52_54_907596_L3_right_C0,L3,C0,0.0,0.0,blue,right,right,left,pick up the blue block,0,0,16,16,0.1322314049586777,10,0.27149222791194916,0.2270121768116951,0.04448005110025406,0.011589556189617855,1.0,1.0,0.0,0.3827056288719177,-0.00551261892542243,0.467118501663208,0.04448005110025406,0.04448005110025406,0.04448005110025406,0.04448005110025406
2026_08_18_00_52_54_907596_L3_right_C0,L3,C0,0.0,0.0,blue,right,right,left,pick up the blue block,1,16,32,16,0.2644628099173554,10,0.26213852167129514,0.26073509454727173,0.0014034271240234374,0.008664207441915005,0.6,0.6,0.4,0.4273110330104828,-0.009605331346392632,0.4150272309780121,0.0458834782242775,0.02294173911213875,0.024377626578013106,0.026933503393516002
2026_08_18_00_52_54_907596_L3_right_C0,L3,C0,0.0,0.0,blue,right,right,left,pick up the blue block,2,32,48,16,0.39669421487603307,10,0.21847981959581375,0.282628633081913,-0.06414881348609924,0.010115030758762116,0.0,1.0,1.0,0.47765353322029114,-0.015066616237163544,0.367693156003952,-0.018265335261821745,-0.006088445087273915,-0.0009156420117332806,0.007011699459799099
2026_08_18_00_52_54_907596_L3_right_C0,L3,C0,0.0,0.0,blue,right,right,left,pick up the blue block,3,48,64,16,0.5289256198347108,10,0.22957022190093995,0.29720187187194824,-0.0676316499710083,0.03767355501428776,0.0,1.0,1.0,0.5282787680625916,-0.02036115899682045,0.32054778933525085,-0.08589698523283004,-0.02147424630820751,-0.013745643542363092,-0.00274278535008834
2026_08_18_00_52_54_907596_L3_right_C0,L3,C0,0.0,0.0,blue,right,right,left,pick up the blue block,4,64,80,16,0.6611570247933884,10,0.245027494430542,0.2315947324037552,0.013432762026786805,0.013283400711510749,0.8,0.8,0.2,0.5789158940315247,-0.026969198137521744,0.2729451656341553,-0.07246422320604323,-0.014492844641208646,-0.010121856133143104,-0.001409697809486559
2026_08_18_00_52_54_907596_L3_right_C0,L3,C0,0.0,0.0,blue,right,right,left,pick up the blue block,5,80,96,16,0.7933884297520661,10,0.25098306238651275,0.26557360887527465,-0.014590546488761902,0.006727243272285326,0.1,0.9,0.9,0.6296064257621765,-0.03465106710791588,0.2246462106704712,-0.08705476969480513,-0.014509128282467523,-0.010528100710926632,-0.0021162670409136403
2026_08_18_00_52_54_907596_L3_right_C0,L3,C0,0.0,0.0,blue,right,right,left,pick up the blue block,6,96,112,16,0.9256198347107438,10,0.1638960748910904,0.18851780146360397,-0.02462172657251358,0.009256673707003405,0.0,1.0,1.0,0.6667183637619019,-0.039860013872385025,0.18885362148284912,-0.11167649626731871,-0.01595378518104553,-0.011333450760160171,-0.0029159649238824823
2026_08_18_00_52_54_907596_L3_right_C0,L3,C0,0.0,0.0,blue,right,right,left,pick up the blue block,7,112,121,9,1.0,10,0.2031353384256363,0.22424186766147614,-0.021106529235839843,0.004954069286753168,0.0,1.0,1.0,0.6672957539558411,-0.03988920524716377,0.1888081133365631,-0.13278302550315854,-0.016597878187894818,-0.011604925162262384,-0.003349620556538296
2026_08_18_00_53_23_339528_L3_right_C1,L3,C1,2.0,0.1694548757406934,blue,right,right,left,pick up the blue block,0,0,16,16,0.12121212121212122,10,0.4151945859193802,0.3231907919049263,0.09200379401445388,0.01526592193411925,1.0,1.0,0.0,0.3730132579803467,-0.02570302225649357,0.47828108072280884,0.09200379401445388,0.09200379401445388,0.09200379401445388,0.09200379401445388
2026_08_18_00_53_23_339528_L3_right_C1,L3,C1,2.0,0.1694548757406934,blue,right,right,left,pick up the blue block,1,16,32,16,0.24242424242424243,10,0.2652089074254036,0.28673202246427537,-0.021523115038871766,0.01075607053383935,0.0,1.0,1.0,0.4035748541355133,-0.07267157733440399,0.4392050802707672,0.07048067897558212,0.03524033948779106,0.038579366224653584,0.04461427980735257
2026_08_18_00_53_23_339528_L3_right_C1,L3,C1,2.0,0.1694548757406934,blue,right,right,left,pick up the blue block,2,32,48,16,0.36363636363636365,10,0.18892508298158645,0.25361392349004747,-0.06468884050846099,0.009895449525602198,0.0,1.0,1.0,0.4488801956176758,-0.10245123505592346,0.3962406516075134,0.005791838467121127,0.001930612822373709,0.00845947259416183,0.019448633647668315
2026_08_18_00_53_23_339528_L3_right_C1,L3,C1,2.0,0.1694548757406934,blue,right,right,left,pick up the blue block,3,48,64,16,0.48484848484848486,10,0.2687209531664848,0.3049288511276245,-0.03620789796113968,0.012366264871224728,0.0,1.0,1.0,0.49823880195617676,-0.11249492317438126,0.3488485515117645,-0.03041605949401855,-0.007604014873504638,-0.00047400151689847193,0.011567090002646694
2026_08_18_00_53_23_339528_L3_right_C1,L3,C1,2.0,0.1694548757406934,blue,right,right,left,pick up the blue block,4,64,80,16,0.6060606060606061,10,0.22352704852819444,0.2564845412969589,-0.032957492768764494,0.008130716998969568,0.0,1.0,1.0,0.5478929877281189,-0.10410048812627792,0.3017898201942444,-0.06337355226278304,-0.012674710452556609,-0.005114500267165048,0.007465443949417066
2026_08_18_00_53_23_339528_L3_right_C1,L3,C1,2.0,0.1694548757406934,blue,right,right,left,pick up the blue block,5,80,96,16,0.7272727272727273,10,0.20055503472685815,0.24574463069438934,-0.04518959596753121,0.005230456487236977,0.0,1.0,1.0,0.5967876315116882,-0.08384949713945389,0.25564685463905334,-0.10856314823031425,-0.01809385803838571,-0.009224766492843628,0.004205026806103004
2026_08_18_00_53_23_339528_L3_right_C1,L3,C1,2.0,0.1694548757406934,blue,right,right,left,pick up the blue block,6,96,112,16,0.8484848484848485,10,0.22680272907018661,0.2541502878069878,-0.02734755873680115,0.0036761142772810556,0.0,1.0,1.0,0.6437889337539673,-0.058531664311885834,0.21086159348487854,-0.1359107069671154,-0.019415815281016487,-0.01051925165312631,0.0028645791711294387
2026_08_18_00_53_23_339528_L3_right_C1,L3,C1,2.0,0.1694548757406934,blue,right,right,left,pick up the blue block,7,112,128,16,0.9696969696969697,10,0.18389285504817962,0.2037378028035164,-0.01984494775533676,0.005184252266260134,0.0,1.0,1.0,0.6667429208755493,-0.04603579267859459,0.18955957889556885,-0.15575565472245217,-0.019469456840306522,-0.010943146930499512,0.002193713930031422
2026_08_18_00_53_23_339528_L3_right_C1,L3,C1,2.0,0.1694548757406934,blue,right,right,left,pick up the blue block,8,128,132,4,1.0,10,0.29428160935640335,0.3162893086671829,-0.02200769931077957,0.004272536896638764,0.0,1.0,1.0,0.6667590141296387,-0.046031128615140915,0.18956328928470612,-0.17776335403323174,-0.019751483781470194,-0.011189025872283513,0.0016920576328446452
2026_08_18_00_53_52_283658_L3_right_C2,L3,C2,4.0,0.3389097514813868,blue,right,right,left,pick up the blue block,0,0,16,16,0.10062893081761007,10,0.43268930315971377,0.3232686907052994,0.10942061245441437,0.01646058215490194,1.0,1.0,0.0,0.3686823546886444,-0.02927859127521515,0.48457416892051697,0.10942061245441437,0.10942061245441437,0.10942061245441437,0.10942061245441437
2026_08_18_00_53_52_283658_L3_right_C2,L3,C2,4.0,0.3389097514813868,blue,right,right,left,pick up the blue block,1,16,32,16,0.20125786163522014,10,0.28795483708381653,0.2764878734946251,0.011466963589191437,0.009092175343879695,0.9,0.9,0.1,0.38226452469825745,-0.09243295341730118,0.46030721068382263,0.12088757604360581,0.060443788021802905,0.0630215156235193,0.06773570417421561
2026_08_18_00_53_52_283658_L3_right_C2,L3,C2,4.0,0.3389097514813868,blue,right,right,left,pick up the blue block,2,32,48,16,0.3018867924528302,10,0.2315468207001686,0.26689073741436004,-0.03534391671419144,0.010141498751257437,0.0,1.0,1.0,0.408988356590271,-0.15106774866580963,0.43517830967903137,0.08554365932941438,0.028514553109804792,0.03387620233827167,0.043028088128632444
2026_08_18_00_53_52_283658_L3_right_C2,L3,C2,4.0,0.3389097514813868,blue,right,right,left,pick up the blue block,3,48,64,16,0.4025157232704403,10,0.22080501168966293,0.2670566365122795,-0.04625162482261658,0.010595963039463993,0.0,1.0,1.0,0.44790637493133545,-0.19493751227855682,0.39846518635749817,0.0392920345067978,0.00982300862669945,0.01737929674632409,0.0295652778677555
2026_08_18_00_53_52_283658_L3_right_C2,L3,C2,4.0,0.3389097514813868,blue,right,right,left,pick up the blue block,4,64,80,16,0.5031446540880503,10,0.279051685333252,0.31886900663375856,-0.039817321300506595,0.012729928762899752,0.0,1.0,1.0,0.49585556983947754,-0.20765945315361023,0.35108646750450134,-0.0005252867937087929,-0.00010505735874175858,0.008799804039299489,0.022593341855911976
2026_08_18_00_53_52_283658_L3_right_C2,L3,C2,4.0,0.3389097514813868,blue,right,right,left,pick up the blue block,5,80,96,16,0.6037735849056604,10,0.28408133238554,0.27371337413787844,0.010367958247661591,0.005162708845354668,1.0,1.0,0.0,0.5433093309402466,-0.18448373675346375,0.3066089451313019,0.009842671453952798,0.0016404452423254663,0.008974043395784167,0.021746320719984235
2026_08_18_00_53_52_283658_L3_right_C2,L3,C2,4.0,0.3389097514813868,blue,right,right,left,pick up the blue block,6,96,112,16,0.7044025157232704,10,0.27074062526226045,0.2911645919084549,-0.020423966646194457,0.0031533841701720236,0.0,1.0,1.0,0.5849971175193787,-0.14623911678791046,0.2667476534843445,-0.01058129519224166,-0.0015116135988916656,0.006574205841336931,0.019687529673571215
2026_08_18_00_53_52_283658_L3_right_C2,L3,C2,4.0,0.3389097514813868,blue,right,right,left,pick up the blue block,7,112,128,16,0.8050314465408805,10,0.2859276205301285,0.31445897817611695,-0.028531357645988464,0.005916466409337142,0.0,1.0,1.0,0.6234413385391235,-0.10154188424348831,0.2301008254289627,-0.03911265283823012,-0.004889081604778765,0.0045488848709143125,0.018004450200596503
2026_08_18_00_53_52_283658_L3_right_C2,L3,C2,4.0,0.3389097514813868,blue,right,right,left,pick up the blue block,8,128,144,16,0.9056603773584906,10,0.29340136498212815,0.3326343297958374,-0.03923296481370926,0.005402816902602444,0.0,1.0,1.0,0.6599169373512268,-0.053404904901981354,0.19558268785476685,-0.07834561765193938,-0.008705068627993265,0.002927334882594921,0.016561697980122927
2026_08_18_00_53_52_283658_L3_right_C2,L3,C2,4.0,0.3389097514813868,blue,right,right,left,pick up the blue block,9,144,159,15,1.0,10,0.3091449484229088,0.32033684849739075,-0.011191900074481963,0.002043035822074273,0.0,1.0,1.0,0.666696310043335,-0.0466642752289772,0.18934473395347595,-0.08953751772642135,-0.008953751772642135,0.002670621519738978,0.0160529441127098
2026_08_18_00_54_32_747715_L3_left_C0,L3,C0,0.0,0.0,red,left,right,left,pick up the red block,0,0,16,16,0.13333333333333333,10,0.3696161448955536,0.29633982479572296,0.07327632009983062,0.01554071147639396,1.0,1.0,1.0,0.3826976716518402,-0.0033571694511920214,0.4674624800682068,0.07327632009983062,0.07327632009983062,0.07327632009983062,0.07327632009983062
2026_08_18_00_54_32_747715_L3_left_C0,L3,C0,0.0,0.0,red,left,right,left,pick up the red block,1,16,32,16,0.26666666666666666,10,0.27625707238912584,0.28279687464237213,-0.0065398022532463075,0.010448346332279411,0.2,0.8,0.2,0.4272044003009796,0.002440511714667082,0.41521525382995605,0.06673651784658431,0.033368258923292156,0.03602879633506139,0.04076454760326982
2026_08_18_00_54_32_747715_L3_left_C0,L3,C0,0.0,0.0,red,left,right,left,pick up the red block,2,32,48,16,0.4,10,0.2406049057841301,0.2920231491327286,-0.05141824334859848,0.013721448420742757,0.0,1.0,0.0,0.47765612602233887,0.00974524300545454,0.36786404252052307,0.015318274497985833,0.005106091499328611,0.011043927854015714,0.020602044602460224
2026_08_18_00_54_32_747715_L3_left_C0,L3,C0,0.0,0.0,red,left,right,left,pick up the red block,3,48,64,16,0.5333333333333333,10,0.23570300340652467,0.2978966757655144,-0.06219367235898972,0.018872664817219147,0.0,1.0,0.0,0.5285304188728333,0.016654228791594505,0.32051193714141846,-0.046875397861003885,-0.011718849465250971,-0.003040226033100715,0.009782198365886174
2026_08_18_00_54_32_747715_L3_left_C0,L3,C0,0.0,0.0,red,left,right,left,pick up the red block,4,64,80,16,0.6666666666666666,10,0.21488941907882692,0.19529895186424256,0.01959046721458435,0.015520674642430144,0.9,0.9,0.9,0.5793185234069824,0.024500800296664238,0.27272605895996094,-0.027284930646419535,-0.005456986129283907,-2.2800266742706297e-05,0.01059053459664426
2026_08_18_00_54_32_747715_L3_left_C0,L3,C0,0.0,0.0,red,left,right,left,pick up the red block,5,80,96,16,0.8,10,0.24979195296764373,0.18707399666309357,0.06271795630455017,0.009342874886259131,1.0,1.0,1.0,0.6296406984329224,0.03180771693587303,0.22454507648944855,0.03543302565813063,0.005905504276355105,0.0056809048761021,0.013384863944369945
2026_08_18_00_54_32_747715_L3_left_C0,L3,C0,0.0,0.0,red,left,right,left,pick up the red block,6,96,112,16,0.9333333333333333,10,0.18925658166408538,0.17422447055578233,0.01503211110830307,0.00652566111024879,1.0,1.0,1.0,0.6669975519180298,0.03684023767709732,0.18876275420188904,0.0504651367664337,0.0072093052523476715,0.006215259517942156,0.013443396411475277
2026_08_18_00_54_32_747715_L3_left_C0,L3,C0,0.0,0.0,red,left,right,left,pick up the red block,7,112,120,8,1.0,10,0.2863907143473625,0.2290821298956871,0.057308584451675415,0.007565835659606617,1.0,1.0,1.0,0.6673650741577148,0.03694906830787659,0.18875820934772491,0.10777372121810912,0.01347171515226364,0.007634518543879191,0.014489124600272315
2026_08_18_00_55_01_843645_L3_left_C1,L3,C1,2.0,0.1694548757406934,red,left,right,left,pick up the red block,0,0,16,16,0.12121212121212122,10,0.39754962027072904,0.335438534617424,0.06211108565330505,0.011007862248723733,1.0,1.0,1.0,0.37314075231552124,0.023768117651343346,0.4784599244594574,0.06211108565330505,0.06211108565330505,0.06211108565330505,0.06211108565330505
2026_08_18_00_55_01_843645_L3_left_C1,L3,C1,2.0,0.1694548757406934,red,left,right,left,pick up the red block,1,16,32,16,0.24242424242424243,10,0.25143080949783325,0.2881958857178688,-0.03676507622003555,0.025535502965644948,0.1,0.9,0.1,0.4038473963737488,0.0703820139169693,0.43927133083343506,0.0253460094332695,0.01267300471663475,0.015581127124674181,0.02083722981671773
2026_08_18_00_55_01_843645_L3_left_C1,L3,C1,2.0,0.1694548757406934,red,left,right,left,pick up the red block,2,32,48,16,0.36363636363636365,10,0.2701402470469475,0.2254990741610527,0.044641172885894774,0.014598967024397527,1.0,1.0,1.0,0.44933807849884033,0.09989716112613678,0.3961505889892578,0.06998718231916427,0.023329060773054758,0.024056973805030187,0.02631778340707586
2026_08_18_00_55_01_843645_L3_left_C1,L3,C1,2.0,0.1694548757406934,red,left,right,left,pick up the red block,3,48,64,16,0.48484848484848486,10,0.279040963947773,0.23096044212579728,0.04808052182197571,0.019314321478290864,1.0,1.0,1.0,0.4987024962902069,0.11113292723894119,0.3484199643135071,0.11806770414113998,0.029516926035284996,0.028861683408419297,0.0293996134761468
2026_08_18_00_55_01_843645_L3_left_C1,L3,C1,2.0,0.1694548757406934,red,left,right,left,pick up the red block,4,64,80,16,0.6060606060606061,10,0.26294026970863343,0.2655534312129021,-0.002613161504268646,0.016538653657589424,0.4,0.6,0.4,0.5481463670730591,0.10383964329957962,0.3011757433414459,0.11545454263687134,0.02309090852737427,0.02436527699232102,0.026450566815216407
2026_08_18_00_55_01_843645_L3_left_C1,L3,C1,2.0,0.1694548757406934,red,left,right,left,pick up the red block,5,80,96,16,0.7272727272727273,10,0.2840750768780708,0.3186606377363205,-0.03458556085824967,0.013947808294390532,0.0,1.0,0.0,0.596831738948822,0.08435702323913574,0.2551853358745575,0.08086898177862167,0.013478163629770279,0.018319037212775308,0.022671190000728026
2026_08_18_00_55_01_843645_L3_left_C1,L3,C1,2.0,0.1694548757406934,red,left,right,left,pick up the red block,6,96,112,16,0.8484848484848485,10,0.23622436374425887,0.2982801407575607,-0.06205577701330185,0.019220513875369088,0.0,1.0,0.0,0.6440654993057251,0.0575903058052063,0.2105741649866104,0.01881320476531982,0.0026876006807599745,0.012577979053769797,0.019071736561389174
2026_08_18_00_55_01_843645_L3_left_C1,L3,C1,2.0,0.1694548757406934,red,left,right,left,pick up the red block,7,112,128,16,0.9696969696969697,10,0.2778021216392517,0.22898659557104112,0.0488155260682106,0.009090090054464043,1.0,1.0,1.0,0.666901707649231,0.0455833375453949,0.18924447894096375,0.06762873083353042,0.008453591354191303,0.014225140281698925,0.01995040191550571
2026_08_18_00_55_01_843645_L3_left_C1,L3,C1,2.0,0.1694548757406934,red,left,right,left,pick up the red block,8,128,132,4,1.0,10,0.30024518370628356,0.23607076406478883,0.06417441964149476,0.018271276086040386,1.0,1.0,1.0,0.6669310331344604,0.04557722806930542,0.18925757706165314,0.13180315047502517,0.014644794497225019,0.015335124267472165,0.020867094538303908
2026_08_18_00_55_32_860317_L3_left_C2,L3,C2,4.0,0.3389097514813868,red,left,right,left,pick up the red block,0,0,16,16,0.09142857142857143,10,0.35021743178367615,0.27627733945846555,0.07394009232521057,0.018624962536094226,1.0,1.0,1.0,0.36861270666122437,0.028996635228395462,0.48447126150131226,0.07394009232521057,0.07394009232521057,0.07394009232521057,0.07394009232521057
2026_08_18_00_55_32_860317_L3_left_C2,L3,C2,4.0,0.3389097514813868,red,left,right,left,pick up the red block,1,16,32,16,0.18285714285714286,10,0.2715009331703186,0.2991407155990601,-0.027639782428741454,0.01779295940459934,0.1,0.9,0.1,0.38241538405418396,0.09175372123718262,0.46000251173973083,0.04630030989646911,0.023150154948234556,0.025568723394757225,0.030033443286296268
2026_08_18_00_55_32_860317_L3_left_C2,L3,C2,4.0,0.3389097514813868,red,left,right,left,pick up the red block,2,32,48,16,0.2742857142857143,10,0.3048436790704727,0.2619093552231789,0.04293432384729386,0.011592197426917982,1.0,1.0,1.0,0.40943393111228943,0.14951172471046448,0.4347926080226898,0.08923463374376298,0.02974487791458766,0.030778403530518212,0.0332275730208303
2026_08_18_00_55_32_860317_L3_left_C2,L3,C2,4.0,0.3389097514813868,red,left,right,left,pick up the red block,3,48,64,16,0.3657142857142857,10,0.3086376190185547,0.2704299509525299,0.03820766806602478,0.016233207112247516,1.0,1.0,1.0,0.44861117005348206,0.19357816874980927,0.39808720350265503,0.12744230180978777,0.03186057545244694,0.03234245922220381,0.03401739860809888
2026_08_18_00_55_32_860317_L3_left_C2,L3,C2,4.0,0.3389097514813868,red,left,right,left,pick up the red block,4,64,80,16,0.45714285714285713,10,0.2712004825472832,0.26667131632566454,0.0045291662216186525,0.016298903663963558,0.7,0.7,0.7,0.4935399889945984,0.2071520984172821,0.35405904054641724,0.1319714680314064,0.02639429360628128,0.028015946977668335,0.030840570962724405
2026_08_18_00_55_32_860317_L3_left_C2,L3,C2,4.0,0.3389097514813868,red,left,right,left,pick up the red block,5,80,96,16,0.5485714285714286,10,0.26090470105409624,0.2523625627160072,0.008542138338088989,0.007271904611885867,1.0,1.0,1.0,0.540493905544281,0.1865803301334381,0.3085733652114868,0.1405136063694954,0.023418934394915897,0.02572491066712959,0.02915035796373794
2026_08_18_00_55_32_860317_L3_left_C2,L3,C2,4.0,0.3389097514813868,red,left,right,left,pick up the red block,6,96,112,16,0.64,10,0.200675318390131,0.22449078261852265,-0.023815464228391647,0.004336075733764233,0.0,1.0,0.0,0.5829413533210754,0.1485113650560379,0.2686828374862671,0.11669814214110374,0.01667116316301482,0.02130166290860091,0.02626065114978141
2026_08_18_00_55_32_860317_L3_left_C2,L3,C2,4.0,0.3389097514813868,red,left,right,left,pick up the red block,7,112,128,16,0.7314285714285714,10,0.26812640875577926,0.2745697408914566,-0.006443332135677338,0.006087474319884081,0.1,0.9,0.1,0.621480405330658,0.1031448021531105,0.2324872761964798,0.1102548100054264,0.0137818512506783,0.019451996572315694,0.02495646104238238
2026_08_18_00_55_32_860317_L3_left_C2,L3,C2,4.0,0.3389097514813868,red,left,right,left,pick up the red block,8,128,144,16,0.8228571428571428,10,0.3520452678203583,0.36858070492744444,-0.01653543710708618,0.004344660544101286,0.0,1.0,0.0,0.6583803296089172,0.05492030456662178,0.1974526345729828,0.09371937289834023,0.010413263655371137,0.01773830925424894,0.023733899377640335
2026_08_18_00_55_32_860317_L3_left_C2,L3,C2,4.0,0.3389097514813868,red,left,right,left,pick up the red block,9,144,160,16,0.9142857142857143,10,0.3378112882375717,0.27251538038253786,0.06529590785503388,0.007496180666970507,1.0,1.0,1.0,0.6673097610473633,0.04556037485599518,0.18960975110530853,0.15901528075337412,0.01590152807533741,0.019201619980426937,0.024645754227234633
2026_08_18_00_55_32_860317_L3_left_C2,L3,C2,4.0,0.3389097514813868,red,left,right,left,pick up the red block,10,160,175,15,1.0,10,0.26548040807247164,0.24744838625192642,0.018032021820545197,0.014206399365271688,0.8,0.8,0.8,0.6673097610473633,0.04556037485599518,0.18960975110530853,0.17704730257391932,0.016095209324901757,0.019183898796186306,0.024537102182919972
2026_08_18_00_56_19_492037_L3_right_C0,L3,C0,0.0,0.0,red,right,left,right,pick up the red block,0,0,16,16,0.13333333333333333,10,0.29966972917318346,0.33568530082702636,-0.03601557165384293,0.010469580477876734,0.0,1.0,0.0,0.38300463557243347,0.002904314547777176,0.4676609933376312,-0.03601557165384293,-0.03601557165384293,-0.03601557165384293,-0.03601557165384293
2026_08_18_00_56_19_492037_L3_right_C0,L3,C0,0.0,0.0,red,right,left,right,pick up the red block,1,16,32,16,0.26666666666666666,10,0.3569432646036148,0.2519529640674591,0.1049903005361557,0.036805746707475676,1.0,1.0,1.0,0.427300363779068,-0.0050901444628834724,0.41503700613975525,0.06897472888231276,0.03448736444115638,0.02978716870148977,0.02142082969175109
2026_08_18_00_56_19_492037_L3_right_C0,L3,C0,0.0,0.0,red,right,left,right,pick up the red block,2,32,48,16,0.4,10,0.433853742480278,0.26515096575021746,0.16870277673006057,0.018561362310665814,1.0,1.0,1.0,0.477576345205307,-0.012082882225513458,0.36780381202697754,0.23767750561237333,0.07922583520412445,0.06947734242393856,0.053634789243870815
2026_08_18_00_56_19_492037_L3_right_C0,L3,C0,0.0,0.0,red,right,left,right,pick up the red block,3,48,64,16,0.5333333333333333,10,0.3793532133102417,0.2211623340845108,0.15819087922573088,0.016819612515517265,1.0,1.0,1.0,0.5283117890357971,-0.018828600645065308,0.3204621970653534,0.3958683848381042,0.09896709620952605,0.08653763796274479,0.06729830781969105
2026_08_18_00_56_19_492037_L3_right_C0,L3,C0,0.0,0.0,red,right,left,right,pick up the red block,4,64,80,16,0.6666666666666666,10,0.27232797294855116,0.2487665206193924,0.023561452329158784,0.0034329230273646826,1.0,1.0,1.0,0.5789881348609924,-0.026126015931367874,0.27299004793167114,0.419429837167263,0.0838859674334526,0.07814081321159998,0.06369378948339766
2026_08_18_00_56_19_492037_L3_right_C0,L3,C0,0.0,0.0,red,right,left,right,pick up the red block,5,80,96,16,0.8,10,0.3131129264831543,0.29257874339818957,0.02053418308496475,0.009086611087841399,1.0,1.0,1.0,0.6294604539871216,-0.03545784205198288,0.22462382912635803,0.43996402025222775,0.07332733670870463,0.07290384683645132,0.06138018656877011
2026_08_18_00_56_19_492037_L3_right_C0,L3,C0,0.0,0.0,red,right,left,right,pick up the red block,6,96,112,16,0.9333333333333333,10,0.2496030420064926,0.20503624975681306,0.04456679224967956,0.012045067201982632,1.0,1.0,1.0,0.666978120803833,-0.03957858681678772,0.18872563540935516,0.4845308125019073,0.06921868750027248,0.07128458657435008,0.060782747719604735
2026_08_18_00_56_19_492037_L3_right_C0,L3,C0,0.0,0.0,red,right,left,right,pick up the red block,7,112,120,8,1.0,10,0.19747837036848068,0.19666533395648003,0.0008130364120006561,0.003722867104080717,0.5,0.5,0.5,0.6673331260681152,-0.03953440114855766,0.18883733451366425,0.48534384891390797,0.060667981114238496,0.06932704351428481,0.05935309426568793
2026_08_18_00_56_48_148319_L3_right_C1,L3,C1,2.0,0.1694548757406934,red,right,left,right,pick up the red block,0,0,16,16,0.12121212121212122,10,0.30483160018920896,0.3635114848613739,-0.058679884672164916,0.015732759049597308,0.0,1.0,0.0,0.3729608952999115,-0.025423092767596245,0.4784579575061798,-0.058679884672164916,-0.058679884672164916,-0.058679884672164916,-0.058679884672164916
2026_08_18_00_56_48_148319_L3_right_C1,L3,C1,2.0,0.1694548757406934,red,right,left,right,pick up the red block,1,16,32,16,0.24242424242424243,10,0.334632134437561,0.2654669389128685,0.06916519552469254,0.02694169722617906,1.0,1.0,1.0,0.4035109281539917,-0.07220179587602615,0.4392828047275543,0.010485310852527623,0.005242655426263811,0.0014825060087091803,-0.005313539240781887
2026_08_18_00_56_48_148319_L3_right_C1,L3,C1,2.0,0.1694548757406934,red,right,left,right,pick up the red block,2,32,48,16,0.36363636363636365,10,0.2814138412475586,0.22684140056371688,0.054572440683841705,0.00855041561951669,1.0,1.0,1.0,0.4487106204032898,-0.10186780989170074,0.39636021852493286,0.06505775153636933,0.021685917178789777,0.01696707028895617,0.00847444207534707
2026_08_18_00_56_48_148319_L3_right_C1,L3,C1,2.0,0.1694548757406934,red,right,left,right,pick up the red block,3,48,64,16,0.48484848484848486,10,0.361137193441391,0.26095565855503083,0.10018153488636017,0.013594243773039333,1.0,1.0,1.0,0.49819499254226685,-0.11269152164459229,0.3486998677253723,0.1652392864227295,0.041309821605682376,0.033609963208436976,0.021461120074406242
2026_08_18_00_56_48_148319_L3_right_C1,L3,C1,2.0,0.1694548757406934,red,right,left,right,pick up the red block,4,64,80,16,0.6060606060606061,10,0.34707393050193786,0.3121420070528984,0.03493192344903946,0.0074176387494356896,1.0,1.0,1.0,0.5479249358177185,-0.10367710143327713,0.3016980290412903,0.20017120987176895,0.04003424197435379,0.03379881467138019,0.02270206303346916
2026_08_18_00_56_48_148319_L3_right_C1,L3,C1,2.0,0.1694548757406934,red,right,left,right,pick up the red block,5,80,96,16,0.7272727272727273,10,0.25576113611459733,0.21282129138708114,0.04293984472751618,0.00871491702377201,1.0,1.0,1.0,0.5968225598335266,-0.08324765413999557,0.2555839717388153,0.24311105459928511,0.040518509099880855,0.034736356215599264,0.023955193037396474
2026_08_18_00_56_48_148319_L3_right_C1,L3,C1,2.0,0.1694548757406934,red,right,left,right,pick up the red block,6,96,112,16,0.8484848484848485,10,0.28542996048927305,0.2250862643122673,0.060343696177005766,0.007415748029662913,1.0,1.0,1.0,0.6438053846359253,-0.05815053731203079,0.21081992983818054,0.30345475077629086,0.04335067868232727,0.036565451927128303,0.025501084828336785
2026_08_18_00_56_48_148319_L3_right_C1,L3,C1,2.0,0.1694548757406934,red,right,left,right,pick up the red block,7,112,128,16,0.9696969696969697,10,0.2378738835453987,0.1801779441535473,0.05769593939185143,0.005027191409576063,1.0,1.0,1.0,0.6667342185974121,-0.04586562141776085,0.1894657015800476,0.3611506901681423,0.045143836271017784,0.03752592863007026,0.026452157430544826
2026_08_18_00_56_48_148319_L3_right_C1,L3,C1,2.0,0.1694548757406934,red,right,left,right,pick up the red block,8,128,132,4,1.0,10,0.2970350831747055,0.2422250136733055,0.054810069501399994,0.007805484938095297,1.0,1.0,1.0,0.6667462587356567,-0.04585440456867218,0.18946917355060577,0.41596075966954227,0.04621786218550469,0.03791002064943314,0.027039971250500765
2026_08_18_00_57_15_980084_L3_right_C2,L3,C2,4.0,0.3389097514813868,red,right,left,right,pick up the red block,0,0,16,16,0.10062893081761007,10,0.31912006437778473,0.35023597478866575,-0.03111591041088104,0.015287266869885283,0.0,1.0,0.0,0.36856311559677124,-0.029131418094038963,0.48457032442092896,-0.03111591041088104,-0.03111591041088104,-0.03111591041088104,-0.03111591041088104
2026_08_18_00_57_15_980084_L3_right_C2,L3,C2,4.0,0.3389097514813868,red,right,left,right,pick up the red block,1,16,32,16,0.20125786163522014,10,0.3409711211919785,0.31791259348392487,0.02305852770805359,0.028226613616974632,0.8,0.8,0.8,0.38217678666114807,-0.09204631298780441,0.46017903089523315,-0.00805738270282745,-0.004028691351413725,-0.005454334459806741,-0.008061572871844697
2026_08_18_00_57_15_980084_L3_right_C2,L3,C2,4.0,0.3389097514813868,red,right,left,right,pick up the red block,2,32,48,16,0.3018867924528302,10,0.27749002277851104,0.2618466854095459,0.01564333736896515,0.009292888267265821,0.9,0.9,0.9,0.4088888466358185,-0.15080730617046356,0.4350854158401489,0.0075859546661376995,0.0025286515553792333,0.0007968275635330788,-0.0023796367570523645
2026_08_18_00_57_15_980084_L3_right_C2,L3,C2,4.0,0.3389097514813868,red,right,left,right,pick up the red block,3,48,64,16,0.4025157232704403,10,0.28290311694145204,0.2782758384943008,0.004627278447151184,0.0036285562683615494,0.9,0.9,0.9,0.4478550851345062,-0.19508390128612518,0.3982847034931183,0.012213233113288884,0.003053308278322221,0.0015854498042779826,-0.0013230387148996485
2026_08_18_00_57_15_980084_L3_right_C2,L3,C2,4.0,0.3389097514813868,red,right,left,right,pick up the red block,4,64,80,16,0.5031446540880503,10,0.3187024235725403,0.2932583153247833,0.025444108247756957,0.004966117824078525,1.0,1.0,1.0,0.49579840898513794,-0.20766711235046387,0.35103633999824524,0.03765734136104584,0.007531468272209169,0.005164248570799829,0.0013666678985795888
2026_08_18_00_57_15_980084_L3_right_C2,L3,C2,4.0,0.3389097514813868,red,right,left,right,pick up the red block,5,80,96,16,0.6037735849056604,10,0.29656194150447845,0.30163509100675584,-0.005073149502277374,0.004316833834608723,0.1,0.9,0.1,0.5430783033370972,-0.18444696068763733,0.30657511949539185,0.03258419185876847,0.005430698643128079,0.004026759896013473,0.0009204928234383895
2026_08_18_00_57_15_980084_L3_right_C2,L3,C2,4.0,0.3389097514813868,red,right,left,right,pick up the red block,6,96,112,16,0.7044025157232704,10,0.2698154836893082,0.2672746405005455,0.002540843188762665,0.0045283366618559355,0.5,0.5,0.5,0.5849815607070923,-0.14606572687625885,0.2667231857776642,0.03512503504753114,0.0050178621496473055,0.0039054605729725907,0.0009995997736759919
2026_08_18_00_57_15_980084_L3_right_C2,L3,C2,4.0,0.3389097514813868,red,right,left,right,pick up the red block,7,112,128,16,0.8050314465408805,10,0.3170139819383621,0.29053387194871905,0.0264801099896431,0.005530585807279499,1.0,1.0,1.0,0.6232466101646423,-0.10133560746908188,0.2302960604429245,0.061605145037174236,0.0077006431296467795,0.00520784419316512,0.0018889965658748914
2026_08_18_00_57_15_980084_L3_right_C2,L3,C2,4.0,0.3389097514813868,red,right,left,right,pick up the red block,8,128,144,16,0.9056603773584906,10,0.3984553575515747,0.35008937418460845,0.04836598336696625,0.012152140093926015,1.0,1.0,1.0,0.6598662734031677,-0.05292775109410286,0.19578838348388672,0.10997112840414049,0.01221901426712672,0.00680629379219479,0.003060516556626329
2026_08_18_00_57_15_980084_L3_right_C2,L3,C2,4.0,0.3389097514813868,red,right,left,right,pick up the red block,9,144,159,15,1.0,10,0.3549447536468506,0.31269300878047945,0.042251744866371156,0.004121416951740677,1.0,1.0,1.0,0.6664674282073975,-0.04600037634372711,0.18937386572360992,0.15222287327051165,0.015222287327051165,0.007450756538997998,0.00377893472107565
2026_08_18_00_57_54_988496_L3_left_C0,L3,C0,0.0,0.0,blue,left,left,right,pick up the blue block,0,0,16,16,0.13333333333333333,10,0.2733784943819046,0.2766094714403152,-0.0032309770584106447,0.021474066714663096,0.5,0.5,0.5,0.3829444646835327,-0.0035502854734659195,0.46721431612968445,-0.0032309770584106447,-0.0032309770584106447,-0.0032309770584106447,-0.0032309770584106447
2026_08_18_00_57_54_988496_L3_left_C0,L3,C0,0.0,0.0,blue,left,left,right,pick up the blue block,1,16,32,16,0.26666666666666666,10,0.31691047102212905,0.1959770731627941,0.12093339785933495,0.018729326541230492,1.0,1.0,0.0,0.4273664951324463,0.0029483188409358263,0.4148790240287781,0.1177024208009243,0.05885121040046215,0.05471239790320396,0.047345319941412285
2026_08_18_00_57_54_988496_L3_left_C0,L3,C0,0.0,0.0,blue,left,left,right,pick up the blue block,2,32,48,16,0.4,10,0.3008973807096481,0.18367671519517897,0.11722066551446915,0.022459876260893543,1.0,1.0,0.0,0.4775797128677368,0.01014313567429781,0.3675634562969208,0.23492308631539344,0.07830769543846448,0.07257190293499402,0.06262867001414961
2026_08_18_00_57_54_988496_L3_left_C0,L3,C0,0.0,0.0,blue,left,left,right,pick up the blue block,3,48,64,16,0.5333333333333333,10,0.32566733062267306,0.2792269855737686,0.046440345048904416,0.021051856841281812,1.0,1.0,0.0,0.5282652974128723,0.01727469079196453,0.3204830586910248,0.28136343136429787,0.07034085784107447,0.06754660334151524,0.06051315977545938
2026_08_18_00_57_54_988496_L3_left_C0,L3,C0,0.0,0.0,blue,left,left,right,pick up the blue block,4,64,80,16,0.6666666666666666,10,0.18595244884490966,0.19007695019245147,-0.004124501347541809,0.005222921848136373,0.3,0.7,0.7,0.5789127945899963,0.024755779653787613,0.2728748321533203,0.27723893001675604,0.05544778600335121,0.05799045604964097,0.055186127639291926
2026_08_18_00_57_54_988496_L3_left_C0,L3,C0,0.0,0.0,blue,left,left,right,pick up the blue block,5,80,96,16,0.8,10,0.23259564638137817,0.2977108329534531,-0.06511518657207489,0.014425060425082084,0.0,1.0,1.0,0.6295210123062134,0.03198641538619995,0.22446522116661072,0.21212374344468116,0.03535395724078019,0.04679903399312135,0.04873728590001582
2026_08_18_00_57_54_988496_L3_left_C0,L3,C0,0.0,0.0,blue,left,left,right,pick up the blue block,6,96,112,16,0.9333333333333333,10,0.21869822293519975,0.21149013489484786,0.007208088040351867,0.009918889041393293,0.7,0.7,0.3,0.6668782234191895,0.037552498281002045,0.18876583874225616,0.21933183148503302,0.03133311878357615,0.04453669422439167,0.04726160789561266
2026_08_18_00_57_54_988496_L3_left_C0,L3,C0,0.0,0.0,blue,left,left,right,pick up the blue block,7,112,120,8,1.0,10,0.2494418166577816,0.2538504347205162,-0.0044086180627346035,0.024356467102867294,0.5,0.5,0.5,0.667176365852356,0.037615761160850525,0.1888580471277237,0.21492321342229842,0.026865401677787303,0.043177102216415936,0.04602981078678372
2026_08_18_00_58_22_709133_L3_left_C1,L3,C1,2.0,0.1694548757406934,blue,left,left,right,pick up the blue block,0,0,16,16,0.12121212121212122,10,0.2764679878950119,0.31954658329486846,-0.04307859539985657,0.02783341733893972,0.1,0.9,0.9,0.37323108315467834,0.023803919553756714,0.4786551594734192,-0.04307859539985657,-0.04307859539985657,-0.04307859539985657,-0.04307859539985657
2026_08_18_00_58_22_709133_L3_left_C1,L3,C1,2.0,0.1694548757406934,blue,left,left,right,pick up the blue block,1,16,32,16,0.24242424242424243,10,0.31979350447654725,0.2149926021695137,0.10480090230703354,0.013686365057918974,1.0,1.0,0.0,0.40377557277679443,0.07062588632106781,0.4392050802707672,0.06172230690717697,0.030861153453588485,0.026511756462209362,0.018650712796387185
2026_08_18_00_58_22_709133_L3_left_C1,L3,C1,2.0,0.1694548757406934,blue,left,left,right,pick up the blue block,2,32,48,16,0.36363636363636365,10,0.33124161809682845,0.224185574054718,0.10705604404211044,0.016399793794699438,1.0,1.0,0.0,0.4493003487586975,0.1003812924027443,0.3959478437900543,0.16877835094928742,0.05625945031642914,0.050003840339680514,0.03900491017274221
2026_08_18_00_58_22_709133_L3_left_C1,L3,C1,2.0,0.1694548757406934,blue,left,left,right,pick up the blue block,3,48,64,16,0.48484848484848486,10,0.29049433320760726,0.24558647871017455,0.04490785449743271,0.024251819208052697,1.0,1.0,0.0,0.49866601824760437,0.1111568808555603,0.34825438261032104,0.21368620544672012,0.05342155136168003,0.048984643171230954,0.03984082847351211
2026_08_18_00_58_22_709133_L3_left_C1,L3,C1,2.0,0.1694548757406934,blue,left,left,right,pick up the blue block,4,64,80,16,0.6060606060606061,10,0.2865406796336174,0.25954717099666597,0.026993508636951446,0.007425554710947811,1.0,1.0,0.0,0.548133909702301,0.10374394059181213,0.30093488097190857,0.24067971408367156,0.04813594281673431,0.04584305252347674,0.0386573213989429
2026_08_18_00_58_22_709133_L3_left_C1,L3,C1,2.0,0.1694548757406934,blue,left,left,right,pick up the blue block,5,80,96,16,0.7272727272727273,10,0.28532193005084994,0.24408997148275374,0.04123195856809616,0.006492297394169801,1.0,1.0,0.0,0.5968729853630066,0.08423995971679688,0.25505802035331726,0.2819116726517677,0.04698527877529462,0.04537011981010437,0.03881674376719788
2026_08_18_00_58_22_709133_L3_left_C1,L3,C1,2.0,0.1694548757406934,blue,left,left,right,pick up the blue block,6,96,112,16,0.8484848484848485,10,0.22213174328207969,0.2526740223169327,-0.03054227903485298,0.007806535337059145,0.0,1.0,1.0,0.6441009640693665,0.057582177221775055,0.2106054425239563,0.25136939361691474,0.035909913373844964,0.039947805606893136,0.0358701662845803
2026_08_18_00_58_22_709133_L3_left_C1,L3,C1,2.0,0.1694548757406934,blue,left,left,right,pick up the blue block,7,112,128,16,0.9696969696969697,10,0.26884518563747406,0.2912904143333435,-0.022445228695869446,0.015191043317318806,0.1,0.9,0.9,0.6667441725730896,0.04563955217599869,0.1891476958990097,0.22892416492104528,0.02861552061513066,0.0371117585931312,0.03414746322520075
2026_08_18_00_58_22_709133_L3_left_C1,L3,C1,2.0,0.1694548757406934,blue,left,left,right,pick up the blue block,8,128,132,4,1.0,10,0.2954168751835823,0.30605926662683486,-0.010642391443252564,0.01967661938789204,0.2,0.8,0.8,0.6667723655700684,0.04562801495194435,0.18916526436805725,0.2182817734777927,0.02425353038642141,0.03605055525898933,0.03321904171440152
2026_08_18_00_59_48_029579_L3_left_C2,L3,C2,4.0,0.3389097514813868,blue,left,left,right,pick up the blue block,0,0,16,16,0.10062893081761007,10,0.2523256853222847,0.19024351835250855,0.062082166969776156,0.010278355575595952,1.0,1.0,0.0,0.36762580275535583,0.028894852846860886,0.48368963599205017,0.062082166969776156,0.062082166969776156,0.062082166969776156,0.062082166969776156
2026_08_18_00_59_48_029579_L3_left_C2,L3,C2,4.0,0.3389097514813868,blue,left,left,right,pick up the blue block,1,16,32,16,0.20125786163522014,10,0.3055013075470924,0.20726038366556168,0.09824092388153076,0.016381629940721898,1.0,1.0,0.0,0.38230985403060913,0.09187385439872742,0.4599169194698334,0.16032309085130692,0.08016154542565346,0.07920999919113361,0.07746979655636148
2026_08_18_00_59_48_029579_L3_left_C2,L3,C2,4.0,0.3389097514813868,blue,left,left,right,pick up the blue block,2,32,48,16,0.3018867924528302,10,0.3631773293018341,0.2315040722489357,0.1316732570528984,0.015442549956918917,1.0,1.0,0.0,0.4092878997325897,0.14975349605083466,0.4345363974571228,0.2919963479042053,0.09733211596806844,0.09475466818721205,0.09046206679123374
2026_08_18_00_59_48_029579_L3_left_C2,L3,C2,4.0,0.3389097514813868,blue,left,left,right,pick up the blue block,3,48,64,16,0.4025157232704403,10,0.3087875783443451,0.2564621388912201,0.052325439453125,0.027427298465261745,1.0,1.0,0.0,0.4485686719417572,0.19355832040309906,0.39797940850257874,0.3443217873573303,0.08608044683933258,0.08601923874195883,0.08471130706239047
2026_08_18_00_59_48_029579_L3_left_C2,L3,C2,4.0,0.3389097514813868,blue,left,left,right,pick up the blue block,4,64,80,16,0.5031446540880503,10,0.27357818782329557,0.25560668855905533,0.017971499264240264,0.012277108369639422,0.9,0.9,0.1,0.49641653895378113,0.20669177174568176,0.3506465554237366,0.36229328662157056,0.07245865732431411,0.07581207782030105,0.07800493291398172
2026_08_18_00_59_48_029579_L3_left_C2,L3,C2,4.0,0.3389097514813868,blue,left,left,right,pick up the blue block,5,80,96,16,0.6037735849056604,10,0.31345632672309875,0.28907519578933716,0.024381130933761597,0.00664482562702607,1.0,1.0,0.0,0.5431634783744812,0.18468455970287323,0.30596187710762024,0.38667441755533216,0.06444573625922202,0.07009752816624111,0.07428967169016229
2026_08_18_00_59_48_029579_L3_left_C2,L3,C2,4.0,0.3389097514813868,blue,left,left,right,pick up the blue block,6,96,112,16,0.7044025157232704,10,0.2393962860107422,0.2296416461467743,0.009754639863967896,0.0056687227029306305,1.0,1.0,0.0,0.5853867530822754,0.14585241675376892,0.26624345779418945,0.39642905741930007,0.05663272248847144,0.06517157810074942,0.07113901386916988
2026_08_18_00_59_48_029579_L3_left_C2,L3,C2,4.0,0.3389097514813868,blue,left,left,right,pick up the blue block,7,112,128,16,0.8050314465408805,10,0.3027308866381645,0.2566580459475517,0.04607284069061279,0.00813171869960764,1.0,1.0,0.0,0.6237314939498901,0.10019811987876892,0.2297658771276474,0.44250189810991286,0.05531273726373911,0.06406972786554924,0.07026407950448277
2026_08_18_00_59_48_029579_L3_left_C2,L3,C2,4.0,0.3389097514813868,blue,left,left,right,pick up the blue block,8,128,144,16,0.9056603773584906,10,0.31254067420959475,0.3344867691397667,-0.021946094930171967,0.0073834839631525696,0.0,1.0,1.0,0.6602122783660889,0.05222132056951523,0.19530647993087769,0.4205558031797409,0.046728422575526764,0.06088395665089289,0.06793978806185554
2026_08_18_00_59_48_029579_L3_left_C2,L3,C2,4.0,0.3389097514813868,blue,left,left,right,pick up the blue block,9,144,159,15,1.0,10,0.2560620903968811,0.2752459645271301,-0.019183874130249023,0.0057100442723797586,0.0,1.0,1.0,0.6667861938476562,0.04562839865684509,0.189041405916214,0.40137192904949187,0.04013719290494919,0.05942817790941759,0.06634271585535388
