condition,target,init_state_index,success,policy_steps,policy_queries,eef_path_length_m,action_total_variation_l2,evidence_auc_first_10,evidence_auc_first_20,evidence_at_step_10,evidence_at_step_20,evidence_at_step_50,evidence_at_step_100,max_target_lift_m,max_alternate_lift_m,wrong_object_lifted,target_lift_step_3cm,w_query_1,w_query_2,w_query_5,w_mean_first_10_queries,w_mean_all_queries,belief_positive_query_2,belief_negative_query_2,belief_positive_mean_first_10,belief_negative_mean_first_10,belief_positive_final,belief_negative_final,w_at_target_lift_3cm,belief_positive_at_target_lift_3cm,energy_margin_pos_minus_neg_mean,initial_observation_sha256,metadata
base,cream_cheese,0,True,181,37,0.4435764127845355,9.33437320123463,-0.00015867522583872806,-0.0009594944684045176,-0.0006939510368400015,-0.001986123657964578,-0.006525523456891835,0.3664024646498774,0.09298199160167253,6.733817525805819e-08,False,162,0.0,0.0,0.0,0.0,0.0,nan,nan,nan,nan,nan,nan,0.0,nan,nan,6ff3567296ad470a904d94a1f7f099946dd5d4fdf12be2ef180e7258ea8238c3,artifacts/two_object_pickup_finetune_pilot_5_h300/two_object_pickup_base_cream_cheese_init0_repeat0_success.json
base,cream_cheese,1,True,154,31,0.4310332311278222,5.315332863171728,-0.0013370062423235184,-0.0019851853465006316,-0.0016002514216004737,-0.004417987960526837,-0.005501961139004252,0.34556710757575937,0.09349395573516439,6.733817525805819e-08,False,135,0.0,0.0,0.0,0.0,0.0,nan,nan,nan,nan,nan,nan,0.0,nan,nan,a9cd28badf0f9e557bf969510126d1ee7212c78590a9aa73016f8f3edda73d17,artifacts/two_object_pickup_finetune_pilot_5_h300/two_object_pickup_base_cream_cheese_init1_repeat0_success.json
base,cream_cheese,2,True,233,47,0.47932537802680053,7.1825621892405325,-0.0007150978781282014,-0.0011132110881550555,-0.0011202528993303762,-0.0024021889154756115,-0.010398753999266042,-0.004876872239859553,0.09134203726275714,6.733817525805819e-08,False,213,0.0,0.0,0.0,0.0,0.0,nan,nan,nan,nan,nan,nan,0.0,nan,nan,365159cef76e99205cd76f9d6c9c67fe9dc691b7852634bdddc2e2bc2ff8817e,artifacts/two_object_pickup_finetune_pilot_5_h300/two_object_pickup_base_cream_cheese_init2_repeat0_success.json
base,cream_cheese,3,True,170,34,0.4433768707320936,5.356408912349826,0.0006934290554156508,-0.0006426768678891359,0.0008011572284561952,-0.0037819798184527964,-0.005456869244187007,0.29457964051126817,0.09317377086275624,6.733817525805819e-08,False,152,0.0,0.0,0.0,0.0,0.0,nan,nan,nan,nan,nan,nan,0.0,nan,nan,57703ddd28329a0235bfb328fa06c98d2cdc1aff1ea610bd10cc248069ac7771,artifacts/two_object_pickup_finetune_pilot_5_h300/two_object_pickup_base_cream_cheese_init3_repeat0_success.json
base,cream_cheese,4,True,204,41,0.4649558372346112,10.67333895637913,-0.0007826259106221533,-0.0012578988222416044,-0.0011859060286060208,-0.00126828634340731,-0.03377198237719059,0.1349086582746758,0.09217470243735582,6.733817525805819e-08,False,185,0.0,0.0,0.0,0.0,0.0,nan,nan,nan,nan,nan,nan,0.0,nan,nan,0cb085e959a7b473fad015daa1dfb4d87bc17b5ebaf80d5005929b48f1f2de5a,artifacts/two_object_pickup_finetune_pilot_5_h300/two_object_pickup_base_cream_cheese_init4_repeat0_success.json
base,tomato_sauce,0,False,300,60,0.5578447324354147,14.197975447784879,0.0007559447954825326,0.0030164987865469507,0.0021232716866049217,0.007362392815193852,0.07314063077380845,0.43071643962009176,0.009581295876399776,6.623427961649497e-08,False,,0.0,0.0,0.0,0.0,0.0,nan,nan,nan,nan,nan,nan,nan,nan,nan,6ff3567296ad470a904d94a1f7f099946dd5d4fdf12be2ef180e7258ea8238c3,artifacts/two_object_pickup_finetune_pilot_5_h300/two_object_pickup_base_tomato_sauce_init0_repeat0_failure.json
base,tomato_sauce,1,True,200,40,0.4629743366028213,5.891370968011255,0.0024528563926948356,0.005042746447951094,0.004071013908655663,0.012826617860249634,0.10015247088775897,0.5449686034643435,0.06205426740928022,6.623427961649497e-08,False,190,0.0,0.0,0.0,0.0,0.0,nan,nan,nan,nan,nan,nan,0.0,nan,nan,a9cd28badf0f9e557bf969510126d1ee7212c78590a9aa73016f8f3edda73d17,artifacts/two_object_pickup_finetune_pilot_5_h300/two_object_pickup_base_tomato_sauce_init1_repeat0_success.json
base,tomato_sauce,2,False,300,60,0.5601662065624402,14.306415897021385,0.0013104012020913713,0.002833273840463282,0.002318157056368675,0.00769137544403542,0.05408765676238492,0.37440416765552254,0.007646707043801881,6.623427961649497e-08,False,,0.0,0.0,0.0,0.0,0.0,nan,nan,nan,nan,nan,nan,nan,nan,nan,365159cef76e99205cd76f9d6c9c67fe9dc691b7852634bdddc2e2bc2ff8817e,artifacts/two_object_pickup_finetune_pilot_5_h300/two_object_pickup_base_tomato_sauce_init2_repeat0_failure.json
base,tomato_sauce,3,True,201,41,0.4652128242828365,5.931132081103604,0.00026955237465018376,0.0037238060992883016,0.001585606686325125,0.011528740925210806,0.07432935297367735,0.4825052068157698,0.06405143420594339,6.623427961649497e-08,False,190,0.0,0.0,0.0,0.0,0.0,nan,nan,nan,nan,nan,nan,0.0,nan,nan,57703ddd28329a0235bfb328fa06c98d2cdc1aff1ea610bd10cc248069ac7771,artifacts/two_object_pickup_finetune_pilot_5_h300/two_object_pickup_base_tomato_sauce_init3_repeat0_success.json
base,tomato_sauce,4,True,253,51,0.5096789563960743,7.548498154867859,0.0017259395892624874,0.004174518535189173,0.003546825515667207,0.007677432474762491,0.08017427788039388,0.44526466342669646,0.06356521688655359,6.623427961649497e-08,False,243,0.0,0.0,0.0,0.0,0.0,nan,nan,nan,nan,nan,nan,0.0,nan,nan,0cb085e959a7b473fad015daa1dfb4d87bc17b5ebaf80d5005929b48f1f2de5a,artifacts/two_object_pickup_finetune_pilot_5_h300/two_object_pickup_base_tomato_sauce_init4_repeat0_success.json
belief,cream_cheese,0,True,185,37,0.45925359727195847,13.766930304614176,3.235264087937395e-05,0.00026619233177328506,6.096593910248638e-05,0.0013511506928524097,0.04398043233514676,0.3347367987351199,0.09129837005834984,6.733817525805819e-08,False,168,0.0,0.9997123611471781,0.9987600447736531,0.895759122447401,0.8561927059514638,0.500143819426411,0.49985618057358905,0.5021204387762995,0.4978795612237005,0.6098164930382256,0.3901835069617744,0.7855198180627754,0.6072400909686122,-0.012403914491490772,6ff3567296ad470a904d94a1f7f099946dd5d4fdf12be2ef180e7258ea8238c3,artifacts/two_object_pickup_finetune_pilot_5_h300/two_object_pickup_belief_cream_cheese_init0_repeat0_success.json
belief,cream_cheese,1,True,167,34,0.4490530202017785,6.551572520866141,-0.0010887867586945044,-0.0005675428824184287,-0.0006760568038904902,0.00017768140914192765,0.07650603659758637,0.4392453283596751,0.09372490696790758,6.733817525805819e-08,False,149,0.0,1.0000106738298196,0.9987597500396155,0.8908640219931817,0.8542246410568244,0.4999946630850902,0.5000053369149098,0.504567989003409,0.49543201099659084,0.6061272919964314,0.3938727080035685,0.7925730074396687,0.6037134962801657,-0.013062491995338914,a9cd28badf0f9e557bf969510126d1ee7212c78590a9aa73016f8f3edda73d17,artifacts/two_object_pickup_finetune_pilot_5_h300/two_object_pickup_belief_cream_cheese_init1_repeat0_success.json
belief,cream_cheese,2,True,259,52,0.6430334191799942,8.901291525131938,-0.0004498683738880183,0.00013327143708303236,-0.00012149966314761729,0.0011859621839160894,0.05001802304922809,0.0672625427455481,0.09177368981400025,6.733817525805819e-08,False,242,0.0,0.9998552488115017,0.9988002895487269,0.8942986301770132,0.8390887760566245,0.5000723755942492,0.49992762440575084,0.5028506849114935,0.49714931508850657,0.6570740707172689,0.3429259292827311,0.6897010760766652,0.6551494619616673,-0.01275063291598367,365159cef76e99205cd76f9d6c9c67fe9dc691b7852634bdddc2e2bc2ff8817e,artifacts/two_object_pickup_finetune_pilot_5_h300/two_object_pickup_belief_cream_cheese_init2_repeat0_success.json
belief,cream_cheese,3,True,176,36,0.4802843637272351,5.977082790717514,0.001062429849651575,0.0014176877670355136,0.0021379808204149975,0.0018337889827919618,0.051527019657770734,0.12673715191369955,0.09347908940090988,6.733817525805819e-08,False,157,0.0,0.9999218743470689,0.9991877822361671,0.8961559791327449,0.8783401576497192,0.5000390628264655,0.49996093717353446,0.5019220104336275,0.49807798956637245,0.5911126252487547,0.40888737475124526,0.8208725344744796,0.5895637327627602,-0.010530480449753148,57703ddd28329a0235bfb328fa06c98d2cdc1aff1ea610bd10cc248069ac7771,artifacts/two_object_pickup_finetune_pilot_5_h300/two_object_pickup_belief_cream_cheese_init3_repeat0_success.json
belief,cream_cheese,4,True,184,37,0.5165007497690671,6.578349191036059,-0.0005337852850441083,-0.00021611918201619728,-0.00016106442701740997,0.0012128425115494057,0.02847529515722913,-0.04655496595279218,0.09440779311893688,6.733817525805819e-08,False,163,0.0,0.9999983331363183,0.9983132259794145,0.8938534472931343,0.881406650155444,0.5000008334318409,0.4999991665681591,0.5030732763534329,0.49692672364656715,0.5883781501689295,0.4116218498310706,0.8296196484414184,0.5851901757792908,-0.009924021279504005,0cb085e959a7b473fad015daa1dfb4d87bc17b5ebaf80d5005929b48f1f2de5a,artifacts/two_object_pickup_finetune_pilot_5_h300/two_object_pickup_belief_cream_cheese_init4_repeat0_success.json
belief,tomato_sauce,0,False,300,60,0.529240770932859,16.158748045344147,0.0011727169504498146,0.005921201437799037,0.0038234838821197825,0.015428041901741879,0.15941605666786846,0.6015943650885924,0.028079869569231808,6.623427961649497e-08,False,,0.0,1.0001557756319148,0.9986634068001318,0.8898674574502694,0.8127137868704533,0.49992211218404253,0.5000778878159574,0.5050662712748653,0.4949337287251347,0.6525714581014581,0.3474285418985417,nan,nan,-0.010684095567755274,6ff3567296ad470a904d94a1f7f099946dd5d4fdf12be2ef180e7258ea8238c3,artifacts/two_object_pickup_finetune_pilot_5_h300/two_object_pickup_belief_tomato_sauce_init0_repeat0_failure.json
belief,tomato_sauce,1,True,287,58,0.5378100684023166,11.689024181275826,0.0027850599288705147,0.0074691321447097865,0.0054003467703086505,0.022070923288603717,0.1932144278470334,0.6787933332826168,0.0622673901350409,6.623427961649497e-08,False,275,0.0,0.9997952453587878,0.9965061008260265,0.8855238628824417,0.7866774780486696,0.500102377320606,0.4998976226793939,0.5072380685587793,0.4927619314412208,0.6720154096910728,0.3279845903089272,0.6721955899604899,0.663902205019755,-0.012584467453212199,a9cd28badf0f9e557bf969510126d1ee7212c78590a9aa73016f8f3edda73d17,artifacts/two_object_pickup_finetune_pilot_5_h300/two_object_pickup_belief_tomato_sauce_init1_repeat0_success.json
belief,tomato_sauce,2,False,300,60,0.5532392297063798,20.185299003606676,0.001787916444910259,0.005293299312955582,0.004204072082351629,0.016018807824001613,0.13114921769245327,0.5624057001950354,0.027891701893807408,6.623427961649497e-08,False,,0.0,0.999986136186636,0.998112349335457,0.8918587139087887,0.7933159595311197,0.500006931906682,0.499993068093318,0.5040706430456057,0.49592935695439433,0.6712784287423706,0.32872157125762935,nan,nan,-0.012101235464057428,365159cef76e99205cd76f9d6c9c67fe9dc691b7852634bdddc2e2bc2ff8817e,artifacts/two_object_pickup_finetune_pilot_5_h300/two_object_pickup_belief_tomato_sauce_init2_repeat0_failure.json
belief,tomato_sauce,3,False,300,60,0.4730591301423512,6.022844840631713,0.0008293929871403205,0.007727665046022486,0.003983441601552229,0.0241224540803463,0.18549502485552435,0.6566365494464597,0.005305850434261239,6.623427961649497e-08,False,,0.0,0.9999679393950028,0.9968658765602647,0.8857625906095807,0.8076686093860974,0.5000160303024986,0.4999839696975014,0.5071187046952097,0.49288129530479036,0.6596631520167943,0.3403368479832056,nan,nan,-0.011216838516579088,57703ddd28329a0235bfb328fa06c98d2cdc1aff1ea610bd10cc248069ac7771,artifacts/two_object_pickup_finetune_pilot_5_h300/two_object_pickup_belief_tomato_sauce_init3_repeat0_failure.json
belief,tomato_sauce,4,False,300,60,0.5588668985077746,18.333154622099407,0.0021808639301683142,0.007032381931843986,0.005448855989225898,0.014951698430714866,0.1400401090767565,0.5853734835463182,0.039787410928754485,6.623427961649497e-08,False,257,0.0,0.9998950110170192,0.9992602967434665,0.8936164026453601,0.7988320240398554,0.5000524944914905,0.4999475055085096,0.5031917986773199,0.4968082013226801,0.6691098378688713,0.3308901621311286,0.6893786436168486,0.6553106781915756,-0.011934944830037717,0cb085e959a7b473fad015daa1dfb4d87bc17b5ebaf80d5005929b48f1f2de5a,artifacts/two_object_pickup_finetune_pilot_5_h300/two_object_pickup_belief_tomato_sauce_init4_repeat0_failure.json
time_decay_g0p5,cream_cheese,0,True,180,36,0.443892763215463,9.580370741703302,0.00022240604008466613,-0.00013166892495542759,9.665717077039782e-05,-0.0004544888166833627,-0.005912239121838692,0.35379492094106574,0.09183047856623161,6.733817525805819e-08,False,161,1.0,0.5,0.0625,0.1998046875,0.055555555554747116,nan,nan,nan,nan,nan,nan,2.3283064365386963e-10,nan,nan,6ff3567296ad470a904d94a1f7f099946dd5d4fdf12be2ef180e7258ea8238c3,artifacts/two_object_pickup_finetune_pilot_5_h300/two_object_pickup_time_decay_g0p5_cream_cheese_init0_repeat0_success.json
time_decay_g0p5,cream_cheese,1,True,153,31,0.429067779826266,5.373086318803365,-0.00038900772982676247,-0.0004346089760266042,0.00013428050599989527,-0.001848044759987677,0.0052973677150292,0.34858208011706526,0.09141174713536926,6.733817525805819e-08,False,135,1.0,0.5,0.0625,0.1998046875,0.0645161290022154,nan,nan,nan,nan,nan,nan,1.4901161193847656e-08,nan,nan,a9cd28badf0f9e557bf969510126d1ee7212c78590a9aa73016f8f3edda73d17,artifacts/two_object_pickup_finetune_pilot_5_h300/two_object_pickup_time_decay_g0p5_cream_cheese_init1_repeat0_success.json
time_decay_g0p5,cream_cheese,2,True,229,46,0.48564951146632307,7.311337042910038,-0.00016347304949652087,-0.0001483994826529167,-3.146184569852162e-05,-0.0007521958516199523,-0.007835862987089548,0.006925450558582624,0.09316516071354397,6.733817525805819e-08,False,208,1.0,0.5,0.0625,0.1998046875,0.0434782608695646,nan,nan,nan,nan,nan,nan,4.547473508864641e-13,nan,nan,365159cef76e99205cd76f9d6c9c67fe9dc691b7852634bdddc2e2bc2ff8817e,artifacts/two_object_pickup_finetune_pilot_5_h300/two_object_pickup_time_decay_g0p5_cream_cheese_init2_repeat0_success.json
time_decay_g0p5,cream_cheese,3,True,170,34,0.4424221493419454,5.509217374989249,0.00120877856978846,0.000569309979987842,0.0019383945051649754,-0.0015021883000491676,0.0017042397623734384,0.3201478340004278,0.09323332723590227,6.733817525805819e-08,False,152,1.0,0.5,0.0625,0.1998046875,0.05882352940834073,nan,nan,nan,nan,nan,nan,9.313225746154785e-10,nan,nan,57703ddd28329a0235bfb328fa06c98d2cdc1aff1ea610bd10cc248069ac7771,artifacts/two_object_pickup_finetune_pilot_5_h300/two_object_pickup_time_decay_g0p5_cream_cheese_init3_repeat0_success.json
time_decay_g0p5,cream_cheese,4,True,209,42,0.48465766846906877,10.913220220276585,-9.998127216602759e-05,-0.00021248834871107902,3.004220384339451e-05,0.00021730022806454308,-0.03185226519871909,0.10034839765113973,0.09338404095227992,6.733817525805819e-08,False,190,1.0,0.5,0.0625,0.1998046875,0.04761904761903679,nan,nan,nan,nan,nan,nan,7.275957614183426e-12,nan,nan,0cb085e959a7b473fad015daa1dfb4d87bc17b5ebaf80d5005929b48f1f2de5a,artifacts/two_object_pickup_finetune_pilot_5_h300/two_object_pickup_time_decay_g0p5_cream_cheese_init4_repeat0_success.json
time_decay_g0p5,tomato_sauce,0,False,300,60,0.597749089437537,17.9433207509668,0.001493294853594379,0.004586611883159014,0.0037366812585380993,0.010220965952938199,0.07876972016753125,0.44211925833103527,0.008833860567154295,6.623427961649497e-08,False,,1.0,0.5,0.0625,0.1998046875,0.03333333333333333,nan,nan,nan,nan,nan,nan,nan,nan,nan,6ff3567296ad470a904d94a1f7f099946dd5d4fdf12be2ef180e7258ea8238c3,artifacts/two_object_pickup_finetune_pilot_5_h300/two_object_pickup_time_decay_g0p5_tomato_sauce_init0_repeat0_failure.json
time_decay_g0p5,tomato_sauce,1,True,207,42,0.47994580203259224,9.91632477160034,0.004282291509778169,0.00791438753816169,0.007213413322344042,0.017355139560302213,0.11629545645474451,0.5735500453651976,0.06483121879576925,6.623427961649497e-08,False,196,1.0,0.5,0.0625,0.1998046875,0.04761904761903679,nan,nan,nan,nan,nan,nan,1.8189894035458565e-12,nan,nan,a9cd28badf0f9e557bf969510126d1ee7212c78590a9aa73016f8f3edda73d17,artifacts/two_object_pickup_finetune_pilot_5_h300/two_object_pickup_time_decay_g0p5_tomato_sauce_init1_repeat0_success.json
time_decay_g0p5,tomato_sauce,2,False,300,60,0.558277551780529,14.60184259706768,0.002519170318230973,0.004904802849104352,0.004659340765466313,0.011148761954639402,0.06029269649946897,0.3937045121623434,0.002953628014410792,6.623427961649497e-08,False,,1.0,0.5,0.0625,0.1998046875,0.03333333333333333,nan,nan,nan,nan,nan,nan,nan,nan,nan,365159cef76e99205cd76f9d6c9c67fe9dc691b7852634bdddc2e2bc2ff8817e,artifacts/two_object_pickup_finetune_pilot_5_h300/two_object_pickup_time_decay_g0p5_tomato_sauce_init2_repeat0_failure.json
time_decay_g0p5,tomato_sauce,3,True,180,36,0.4394847694137207,5.446989816126545,0.001213680010987217,0.005906884418779665,0.00375444188147811,0.015780410245205823,0.08481114204456433,0.5069323653093112,0.06218554257364961,6.623427961649497e-08,False,170,1.0,0.5,0.0625,0.1998046875,0.055555555554747116,nan,nan,nan,nan,nan,nan,1.1641532182693481e-10,nan,nan,57703ddd28329a0235bfb328fa06c98d2cdc1aff1ea610bd10cc248069ac7771,artifacts/two_object_pickup_finetune_pilot_5_h300/two_object_pickup_time_decay_g0p5_tomato_sauce_init3_repeat0_success.json
time_decay_g0p5,tomato_sauce,4,True,295,59,0.5296548622998796,13.17210829982909,0.00312032688947671,0.006617891373501089,0.006215690928501438,0.011490484969688075,0.0876655854725859,0.4605624487969737,0.061986275990157824,6.623427961649497e-08,False,263,1.0,0.5,0.0625,0.1998046875,0.03389830508474576,nan,nan,nan,nan,nan,nan,2.220446049250313e-16,nan,nan,0cb085e959a7b473fad015daa1dfb4d87bc17b5ebaf80d5005929b48f1f2de5a,artifacts/two_object_pickup_finetune_pilot_5_h300/two_object_pickup_time_decay_g0p5_tomato_sauce_init4_repeat0_success.json
time_decay_g0p9,cream_cheese,0,True,179,36,0.44352247128172684,9.54729451244066,0.0003557724354349923,0.0004720392813504115,0.0004440719971108287,0.0011844254561516054,0.02073987510171843,0.3795970266072018,0.09201685561019635,6.733817525805819e-08,False,161,1.0,0.9,0.6561,0.6513215599000001,0.2715198890152947,nan,nan,nan,nan,nan,nan,0.03433683820292515,nan,nan,6ff3567296ad470a904d94a1f7f099946dd5d4fdf12be2ef180e7258ea8238c3,artifacts/two_object_pickup_finetune_pilot_5_h300/two_object_pickup_time_decay_g0p9_cream_cheese_init0_repeat0_success.json
time_decay_g0p9,cream_cheese,1,True,155,31,0.4375157706890377,5.420007380483228,-0.0002970030863916562,0.00025806964662457576,0.0004599978073292488,0.0006733503495290893,0.044139641618612724,0.35783143010481844,0.09356975042658777,6.733817525805819e-08,False,136,1.0,0.9,0.6561,0.6513215599000001,0.31027353469429214,nan,nan,nan,nan,nan,nan,0.058149737003040096,nan,nan,a9cd28badf0f9e557bf969510126d1ee7212c78590a9aa73016f8f3edda73d17,artifacts/two_object_pickup_finetune_pilot_5_h300/two_object_pickup_time_decay_g0p9_cream_cheese_init1_repeat0_success.json
time_decay_g0p9,cream_cheese,2,False,300,60,0.594037945785369,13.625917117338915,-0.00011167337652172593,0.0004169911269296084,0.000336462243147706,0.0010896275010961465,0.011630322440764118,0.029851480937744868,0.08119961633241302,6.733817525805819e-08,False,285,1.0,0.9,0.6561,0.6513215599000001,0.1663671649500143,nan,nan,nan,nan,nan,nan,0.002738927449953412,nan,nan,365159cef76e99205cd76f9d6c9c67fe9dc691b7852634bdddc2e2bc2ff8817e,artifacts/two_object_pickup_finetune_pilot_5_h300/two_object_pickup_time_decay_g0p9_cream_cheese_init2_repeat0_failure.json
time_decay_g0p9,cream_cheese,3,True,206,42,0.4604490056903908,10.656062615714724,0.0013981747653338205,0.0015745569059936876,0.002534683472652788,0.001531131792096907,0.028812728708637103,0.33336927178830256,0.09368173929722734,6.733817525805819e-08,False,186,1.0,0.9,0.6561,0.6513215599000001,0.2352446392422472,nan,nan,nan,nan,nan,nan,0.020275559590445275,nan,nan,57703ddd28329a0235bfb328fa06c98d2cdc1aff1ea610bd10cc248069ac7771,artifacts/two_object_pickup_finetune_pilot_5_h300/two_object_pickup_time_decay_g0p9_cream_cheese_init3_repeat0_success.json
time_decay_g0p9,cream_cheese,4,True,201,41,0.49879545398210623,14.78924075012318,8.220140607581027e-05,0.0003476351111211057,0.0005761543693415527,0.001558342480668995,0.0008151688371106358,-0.032568664487476806,0.09237517823035812,6.733817525805819e-08,False,181,1.0,0.9,0.6561,0.6513215599000001,0.24065785496407538,nan,nan,nan,nan,nan,nan,0.022528399544939195,nan,nan,0cb085e959a7b473fad015daa1dfb4d87bc17b5ebaf80d5005929b48f1f2de5a,artifacts/two_object_pickup_finetune_pilot_5_h300/two_object_pickup_time_decay_g0p9_cream_cheese_init4_repeat0_success.json
time_decay_g0p9,tomato_sauce,0,False,300,60,0.5992502713354121,10.818142651367609,0.0016580202217606921,0.005983400251937135,0.00443072180076326,0.014244696225037823,0.11822646524316108,0.536159984003778,0.009120528831725538,6.623427961649497e-08,False,,1.0,0.9,0.6561,0.6513215599000001,0.1663671649500143,nan,nan,nan,nan,nan,nan,nan,nan,nan,6ff3567296ad470a904d94a1f7f099946dd5d4fdf12be2ef180e7258ea8238c3,artifacts/two_object_pickup_finetune_pilot_5_h300/two_object_pickup_time_decay_g0p9_tomato_sauce_init0_repeat0_failure.json
time_decay_g0p9,tomato_sauce,1,True,216,44,0.5016740575632448,9.981434696151773,0.004387635990110855,0.009026538754749364,0.007653721645543399,0.02239585681458045,0.16175136759198183,0.6424495718111288,0.06323034261677052,6.623427961649497e-08,False,206,1.0,0.9,0.6561,0.6513215599000001,0.22506869606866475,nan,nan,nan,nan,nan,nan,0.013302794647291146,nan,nan,a9cd28badf0f9e557bf969510126d1ee7212c78590a9aa73016f8f3edda73d17,artifacts/two_object_pickup_finetune_pilot_5_h300/two_object_pickup_time_decay_g0p9_tomato_sauce_init1_repeat0_success.json
time_decay_g0p9,tomato_sauce,2,False,300,60,0.5613334462629941,14.675127953718057,0.0027253384686314274,0.006064531568819023,0.005404321942982959,0.0153503096491443,0.09774836051483118,0.49688702491906245,6.733817525805819e-08,6.623427961649497e-08,False,,1.0,0.9,0.6561,0.6513215599000001,0.1663671649500143,nan,nan,nan,nan,nan,nan,nan,nan,nan,365159cef76e99205cd76f9d6c9c67fe9dc691b7852634bdddc2e2bc2ff8817e,artifacts/two_object_pickup_finetune_pilot_5_h300/two_object_pickup_time_decay_g0p9_tomato_sauce_init2_repeat0_failure.json
time_decay_g0p9,tomato_sauce,3,False,300,60,0.5429585700283941,22.058374775411135,0.0015025425510139744,0.007918127816494855,0.004797313427328476,0.022297880260226777,0.1427094556544895,0.621485803346615,0.0011707247438063062,6.623427961649497e-08,False,,1.0,0.9,0.6561,0.6513215599000001,0.1663671649500143,nan,nan,nan,nan,nan,nan,nan,nan,nan,57703ddd28329a0235bfb328fa06c98d2cdc1aff1ea610bd10cc248069ac7771,artifacts/two_object_pickup_finetune_pilot_5_h300/two_object_pickup_time_decay_g0p9_tomato_sauce_init3_repeat0_failure.json
time_decay_g0p9,tomato_sauce,4,True,251,51,0.5084955683489476,11.319893323902296,0.003330363667334718,0.007988284384008152,0.006946432045878692,0.01515040629026937,0.11701454452768309,0.5402003245806402,0.06360972461982717,6.623427961649497e-08,False,241,1.0,0.9,0.6561,0.6513215599000001,0.19516894163008083,nan,nan,nan,nan,nan,nan,0.00636268544113595,nan,nan,0cb085e959a7b473fad015daa1dfb4d87bc17b5ebaf80d5005929b48f1f2de5a,artifacts/two_object_pickup_finetune_pilot_5_h300/two_object_pickup_time_decay_g0p9_tomato_sauce_init4_repeat0_success.json
