prompt_family,episode_id,chunk_index,num_seeds,original_margin_mean,flipped_margin_mean,margin_delta_mean,margin_delta_sd,same_sign_rate
color,2026_08_18_00_40_18_199635_L1_left_C0,0,10,0.016403624415397645,0.04061429351568222,0.024210669100284576,0.015645428961354207,1.0
color,2026_08_18_00_40_18_199635_L1_left_C0,1,10,0.019978874921798707,0.039040489494800566,0.019061614573001862,0.01846223006805979,1.0
color,2026_08_18_00_40_18_199635_L1_left_C0,2,10,0.01872280240058899,0.02152835577726364,0.002805553376674652,0.023702526711441577,0.9
color,2026_08_18_00_40_18_199635_L1_left_C0,3,10,0.029509037733078003,-0.01546141654253006,-0.044970454275608064,0.04548824666312945,0.0
color,2026_08_18_00_40_18_199635_L1_left_C0,4,10,-0.03334896415472031,-0.061991268396377565,-0.028642304241657257,0.0061089447544600325,1.0
color,2026_08_18_00_40_18_199635_L1_left_C0,5,10,-0.029275600612163544,-0.055348625779151915,-0.026073025166988374,0.00897404640384586,1.0
color,2026_08_18_00_40_18_199635_L1_left_C0,6,10,0.006257574260234833,-0.005434246361255645,-0.01169182062149048,0.0075448076218618135,0.5
color,2026_08_18_00_40_18_199635_L1_left_C0,7,10,-0.03291676789522171,-0.024377085268497467,0.008539682626724244,0.004045234902431911,1.0
color,2026_08_18_00_40_47_448240_L1_left_C1,0,10,0.04661799967288971,-0.011968228220939636,-0.05858622789382935,0.012694712362725978,0.2
color,2026_08_18_00_40_47_448240_L1_left_C1,1,10,0.03454722613096237,0.05366807579994202,0.019120849668979645,0.021445016973322593,1.0
color,2026_08_18_00_40_47_448240_L1_left_C1,2,10,0.039659200608730315,0.055756513774394986,0.01609731316566467,0.023745132396041764,0.9
color,2026_08_18_00_40_47_448240_L1_left_C1,3,10,0.029001677036285402,0.008909229934215546,-0.020092447102069855,0.02339689562410702,0.6
color,2026_08_18_00_40_47_448240_L1_left_C1,4,10,0.008808192610740662,0.013786055147647858,0.004977862536907196,0.0051041188218153705,0.9
color,2026_08_18_00_40_47_448240_L1_left_C1,5,10,0.004782253503799438,0.016449499130249023,0.011667245626449585,0.009443450742447452,0.8
color,2026_08_18_00_40_47_448240_L1_left_C1,6,10,-0.07433011531829833,-0.05651429146528244,0.0178158238530159,0.0035344990351691167,1.0
color,2026_08_18_00_40_47_448240_L1_left_C1,7,10,-0.01821833848953247,-0.031528550386428836,-0.013310211896896362,0.00725146040541907,1.0
color,2026_08_18_00_41_27_880068_L1_left_C2,0,10,0.015621447563171386,-0.012853245437145232,-0.02847469300031662,0.018626802955442855,0.2
color,2026_08_18_00_41_27_880068_L1_left_C2,1,10,0.039013639092445374,0.023363694548606873,-0.0156499445438385,0.012340125904941983,1.0
color,2026_08_18_00_41_27_880068_L1_left_C2,2,10,0.029711973667144776,0.06379063278436661,0.034078659117221834,0.016977575053997798,1.0
color,2026_08_18_00_41_27_880068_L1_left_C2,3,10,0.017190968990325926,0.037247602641582486,0.02005663365125656,0.016016420690216252,1.0
color,2026_08_18_00_41_27_880068_L1_left_C2,4,10,-0.0211285799741745,-0.016707059741020203,0.004421520233154297,0.016979711129074468,1.0
color,2026_08_18_00_41_27_880068_L1_left_C2,5,10,-0.0107950359582901,-0.0109516441822052,-0.0001566082239151001,0.007843481493431496,0.9
color,2026_08_18_00_41_27_880068_L1_left_C2,6,10,-0.03266337662935257,-0.014997926354408265,0.017665450274944306,0.003115575246435343,1.0
color,2026_08_18_00_41_27_880068_L1_left_C2,7,10,-0.04746160507202148,0.014143469929695129,0.061605075001716615,0.012521824183703689,0.0
color,2026_08_18_00_41_27_880068_L1_left_C2,8,10,-0.08996858298778534,-0.050988335907459256,0.03898024708032608,0.0038161319464390196,1.0
color,2026_08_18_00_41_27_880068_L1_left_C2,9,10,-0.008540061116218568,-0.0032201915979385375,0.00531986951828003,0.006455034422646215,0.6
color,2026_08_18_00_45_28_073578_L1_right_C0,0,10,0.00865766555070877,0.03159805834293365,0.022940392792224883,0.02532966885930117,0.8
color,2026_08_18_00_45_28_073578_L1_right_C0,1,10,0.00019015371799468994,0.07234062254428864,0.07215046882629395,0.012513420308051408,0.4
color,2026_08_18_00_45_28_073578_L1_right_C0,2,10,-0.022359079122543334,0.02283298075199127,0.045192059874534604,0.022395757846362805,0.1
color,2026_08_18_00_45_28_073578_L1_right_C0,3,10,-0.028856422007083892,-0.009528627991676331,0.019327794015407563,0.012534505653779025,0.9
color,2026_08_18_00_45_28_073578_L1_right_C0,4,10,-0.00883892849087715,0.02348373457789421,0.032322663068771365,0.005831906522925989,0.2
color,2026_08_18_00_45_28_073578_L1_right_C0,5,10,0.03523333221673965,0.0393972173333168,0.004163885116577148,0.0035382844432835956,1.0
color,2026_08_18_00_45_28_073578_L1_right_C0,6,10,0.041064660996198654,0.015008571743965148,-0.026056089252233506,0.009872019383064139,1.0
color,2026_08_18_00_45_28_073578_L1_right_C0,7,10,0.05205772668123245,0.06495132446289062,0.012893597781658172,0.010272767949815763,1.0
color,2026_08_18_00_45_56_961481_L1_right_C1,0,10,0.01980922222137451,-0.047602368891239165,-0.06741159111261368,0.022499232611178834,0.2
color,2026_08_18_00_45_56_961481_L1_right_C1,1,10,0.025102853775024414,0.011491131782531739,-0.013611721992492675,0.028349886339948796,0.8
color,2026_08_18_00_45_56_961481_L1_right_C1,2,10,-0.01256258636713028,-0.016993618011474608,-0.00443103164434433,0.018487392681679565,0.7
color,2026_08_18_00_45_56_961481_L1_right_C1,3,10,-0.0002051830291748047,0.022280414402484894,0.022485597431659697,0.01014552556703333,0.5
color,2026_08_18_00_45_56_961481_L1_right_C1,4,10,-0.0038202956318855287,0.047862178087234496,0.05168247371912003,0.009175647228668668,0.4
color,2026_08_18_00_45_56_961481_L1_right_C1,5,10,0.07510885298252105,0.07783360779285431,0.002724754810333252,0.016155274170702554,1.0
color,2026_08_18_00_45_56_961481_L1_right_C1,6,10,0.08999270349740982,0.07737399935722351,-0.01261870414018631,0.011861873521825713,1.0
color,2026_08_18_00_45_56_961481_L1_right_C1,7,10,0.053072258830070496,0.00586162656545639,-0.047210632264614104,0.005166134566986216,0.5
color,2026_08_18_00_46_25_193744_L1_right_C2,0,10,0.03407812714576721,-0.014711800217628478,-0.04878992736339569,0.0182469107817084,0.4
color,2026_08_18_00_46_25_193744_L1_right_C2,1,10,0.01233443021774292,0.010489457845687866,-0.0018449723720550537,0.020263511684843413,0.6
color,2026_08_18_00_46_25_193744_L1_right_C2,2,10,-0.012340821325778961,-0.02111974507570267,-0.008778923749923706,0.02095889282501313,0.8
color,2026_08_18_00_46_25_193744_L1_right_C2,3,10,-0.009799066185951232,-0.00785587728023529,0.0019431889057159423,0.021012115708927165,0.7
color,2026_08_18_00_46_25_193744_L1_right_C2,4,10,-0.0019028633832931519,0.0038074001669883726,0.0057102635502815245,0.008988913551786675,0.2
color,2026_08_18_00_46_25_193744_L1_right_C2,5,10,-0.020115238428115845,-0.0008719548583030701,0.019243283569812773,0.009019392754299362,0.6
color,2026_08_18_00_46_25_193744_L1_right_C2,6,10,0.014424234628677368,0.00749412477016449,-0.006930109858512878,0.004583763130036639,1.0
color,2026_08_18_00_46_25_193744_L1_right_C2,7,10,0.011153849959373473,0.0218545526266098,0.010700702667236328,0.007560844390385977,0.7
color,2026_08_18_00_46_25_193744_L1_right_C2,8,10,0.0827463299036026,0.05068694055080414,-0.032059389352798465,0.009820647172101635,1.0
color,2026_08_18_00_46_25_193744_L1_right_C2,9,10,0.012406659126281739,0.010280579328536987,-0.002126079797744751,0.0054496202667163015,0.9
color,2026_08_18_00_48_13_457980_L1_left_C0,0,10,-0.0033703863620758055,0.050136318802833556,0.053506705164909366,0.038444249777071816,0.7
color,2026_08_18_00_48_13_457980_L1_left_C0,1,10,0.049156291782855986,-0.044162890315055846,-0.09331918209791183,0.02595836107431524,0.0
color,2026_08_18_00_48_13_457980_L1_left_C0,2,10,-0.0009571582078933716,-0.036904406547546384,-0.035947248339653015,0.018358458950519126,0.5
color,2026_08_18_00_48_13_457980_L1_left_C0,3,10,0.02319677025079727,0.038470625132322314,0.01527385488152504,0.03083757948311023,1.0
color,2026_08_18_00_48_13_457980_L1_left_C0,4,10,0.04978536069393158,0.10633591562509537,0.05655055493116379,0.01814067044508814,1.0
color,2026_08_18_00_48_13_457980_L1_left_C0,5,10,0.02611152231693268,0.02979090213775635,0.0036793798208236694,0.003987200325477569,1.0
color,2026_08_18_00_48_13_457980_L1_left_C0,6,10,0.018917471170425415,0.024831797182559966,0.005914326012134552,0.004549221329716023,0.9
color,2026_08_18_00_48_13_457980_L1_left_C0,7,10,0.013481986522674561,0.02037972807884216,0.006897741556167602,0.006012943608297102,0.9
color,2026_08_18_00_49_05_482404_L1_left_C1,0,10,-0.014781540632247925,0.04748198091983795,0.06226352155208588,0.03039738998486762,0.2
color,2026_08_18_00_49_05_482404_L1_left_C1,1,10,0.004499265551567077,-0.07193948328495026,-0.07643874883651733,0.012679440148400185,0.3
color,2026_08_18_00_49_05_482404_L1_left_C1,2,10,-0.06770618706941604,-0.020997419953346252,0.04670876711606979,0.013134555585561196,1.0
color,2026_08_18_00_49_05_482404_L1_left_C1,3,10,-0.05299123376607895,0.01604495495557785,0.0690361887216568,0.0295786339551378,0.3
color,2026_08_18_00_49_05_482404_L1_left_C1,4,10,-0.03955389112234116,-0.01910797357559204,0.020445917546749116,0.010708540681862737,1.0
color,2026_08_18_00_49_05_482404_L1_left_C1,5,10,-0.02858964800834656,-0.03565879315137863,-0.007069145143032074,0.010173037649948464,1.0
color,2026_08_18_00_49_05_482404_L1_left_C1,6,10,0.0297785684466362,-0.028938591480255127,-0.058717159926891326,0.010234689752036197,0.0
color,2026_08_18_00_49_05_482404_L1_left_C1,7,10,0.022200745344161988,0.03802726864814758,0.015826523303985596,0.004158891757416468,1.0
color,2026_08_18_00_49_36_378126_L1_left_C2,0,10,0.00023587644100189208,0.06710923463106155,0.06687335819005966,0.028948092385688826,0.5
color,2026_08_18_00_49_36_378126_L1_left_C2,1,10,-0.023489652574062346,-0.016944992542266845,0.006544660031795502,0.009393624992070988,0.9
color,2026_08_18_00_49_36_378126_L1_left_C2,2,10,-0.028939555585384368,-0.026078297197818755,0.0028612583875656126,0.013794553246286301,1.0
color,2026_08_18_00_49_36_378126_L1_left_C2,3,10,0.015556058287620545,-0.011972767114639283,-0.027528825402259826,0.011495162099886068,0.4
color,2026_08_18_00_49_36_378126_L1_left_C2,4,10,0.007641127705574036,-0.02416273355484009,-0.031803861260414124,0.008593163956562995,0.1
color,2026_08_18_00_49_36_378126_L1_left_C2,5,10,0.006349822878837586,0.01067468672990799,0.004324863851070404,0.006609992164998609,0.9
color,2026_08_18_00_49_36_378126_L1_left_C2,6,10,-0.02587413340806961,-0.04750034064054489,-0.02162620723247528,0.00764140650301901,1.0
color,2026_08_18_00_49_36_378126_L1_left_C2,7,10,0.024654801189899444,-0.0006180867552757263,-0.02527288794517517,0.007375407862805537,0.5
color,2026_08_18_00_49_36_378126_L1_left_C2,8,10,0.0423803836107254,0.01074749231338501,-0.03163289129734039,0.003987931455505849,1.0
color,2026_08_18_00_49_36_378126_L1_left_C2,9,10,0.02074768841266632,0.03145236521959305,0.010704676806926727,0.012729091470787065,1.0
color,2026_08_18_00_50_22_202653_L1_right_C0,0,10,-0.035916644334793094,0.08460280001163482,0.12051944434642792,0.04221999836079855,0.0
color,2026_08_18_00_50_22_202653_L1_right_C0,1,10,0.026616251468658446,-0.04422381073236466,-0.0708400622010231,0.023007340123198182,0.0
color,2026_08_18_00_50_22_202653_L1_right_C0,2,10,0.07625384032726287,-0.006940874457359314,-0.08319471478462219,0.01758760391194344,0.2
color,2026_08_18_00_50_22_202653_L1_right_C0,3,10,0.07341805696487427,0.03822675347328186,-0.035191303491592406,0.005826743738922198,1.0
color,2026_08_18_00_50_22_202653_L1_right_C0,4,10,0.0175671711564064,0.007534435391426087,-0.010032735764980316,0.0015761768959384188,0.8
color,2026_08_18_00_50_22_202653_L1_right_C0,5,10,-0.059185393154621124,-0.0645627424120903,-0.005377349257469177,0.00309314704478985,1.0
color,2026_08_18_00_50_22_202653_L1_right_C0,6,10,-0.005968423187732696,-0.007632394134998321,-0.001663970947265625,0.00348334401270513,0.8
color,2026_08_18_00_50_22_202653_L1_right_C0,7,10,-0.023622706532478333,-0.016508397459983826,0.007114309072494507,0.005339568853918343,1.0
color,2026_08_18_00_50_52_802516_L1_right_C1,0,10,-0.018070104718208312,0.06492319405078888,0.08299329876899719,0.02572942121357298,0.1
color,2026_08_18_00_50_52_802516_L1_right_C1,1,10,0.05023917406797409,-0.015922512114048003,-0.06616168618202209,0.014665435974198353,0.2
color,2026_08_18_00_50_52_802516_L1_right_C1,2,10,0.029730211198329925,0.020398168265819548,-0.009332042932510377,0.006773965464001697,1.0
color,2026_08_18_00_50_52_802516_L1_right_C1,3,10,0.02578791230916977,-0.03380678743124008,-0.05959469974040985,0.007257503555576594,0.0
color,2026_08_18_00_50_52_802516_L1_right_C1,4,10,-0.02367946207523346,-0.0325839102268219,-0.00890444815158844,0.009019330249361593,1.0
color,2026_08_18_00_50_52_802516_L1_right_C1,5,10,-0.06511525213718414,-0.04159289747476578,0.023522354662418365,0.008907772933416333,1.0
color,2026_08_18_00_50_52_802516_L1_right_C1,6,10,-0.052242624759674075,-0.027056269347667694,0.025186355412006377,0.003501834660991833,1.0
color,2026_08_18_00_50_52_802516_L1_right_C1,7,10,-0.031240980327129363,-0.004352496564388275,0.02688848376274109,0.0034911087371071784,0.9
color,2026_08_18_00_51_25_610649_L1_right_C2,0,10,0.04313472807407379,0.03559967279434204,-0.0075350552797317505,0.018706138588540644,1.0
color,2026_08_18_00_51_25_610649_L1_right_C2,1,10,0.0034756138920783997,0.02074817419052124,0.01727256029844284,0.022415950824125744,0.6
color,2026_08_18_00_51_25_610649_L1_right_C2,2,10,0.020298559963703156,-0.017897985875606537,-0.03819654583930969,0.012547512759061982,0.0
color,2026_08_18_00_51_25_610649_L1_right_C2,3,10,0.010261954367160797,-0.022044682502746583,-0.03230663686990738,0.007117543399540422,0.2
color,2026_08_18_00_51_25_610649_L1_right_C2,4,10,0.0346219003200531,-0.003547076880931854,-0.03816897720098496,0.00867000146253972,0.2
color,2026_08_18_00_51_25_610649_L1_right_C2,5,10,-0.017596356570720673,-0.011951997876167297,0.005644358694553375,0.005448953792733819,1.0
color,2026_08_18_00_51_25_610649_L1_right_C2,6,10,-0.06464621275663376,-0.026635940372943877,0.03801027238368988,0.008542785367941052,1.0
color,2026_08_18_00_51_25_610649_L1_right_C2,7,10,-0.05860138833522797,-0.04332002401351929,0.01528136432170868,0.008027208858036153,1.0
color,2026_08_18_00_51_25_610649_L1_right_C2,8,10,-0.10205231010913848,-0.04630846381187439,0.0557438462972641,0.009613329342045509,1.0
color,2026_08_18_00_51_25_610649_L1_right_C2,9,10,-0.01710696816444397,-0.013850533962249756,0.003256434202194214,0.0035116664608903694,1.0
color,2026_08_18_00_52_54_907596_L3_right_C0,0,10,0.05562045872211456,0.04448005110025406,-0.011140407621860504,0.03428963323957415,1.0
color,2026_08_18_00_52_54_907596_L3_right_C0,1,10,0.019140861928462982,0.0014034271240234374,-0.017737434804439546,0.013185551041642079,0.6
color,2026_08_18_00_52_54_907596_L3_right_C0,2,10,0.017868825793266298,-0.06414881348609924,-0.08201763927936553,0.011533667977587885,0.0
color,2026_08_18_00_52_54_907596_L3_right_C0,3,10,0.027804604172706603,-0.0676316499710083,-0.0954362541437149,0.051924930144194865,0.1
color,2026_08_18_00_52_54_907596_L3_right_C0,4,10,0.03721439614892006,0.013432762026786805,-0.023781634122133254,0.003554688740815585,0.8
color,2026_08_18_00_52_54_907596_L3_right_C0,5,10,-0.01863557696342468,-0.014590546488761902,0.004045030474662781,0.0046328051125326605,0.9
color,2026_08_18_00_52_54_907596_L3_right_C0,6,10,-0.03548326566815376,-0.02462172657251358,0.010861539095640183,0.008803346194037694,1.0
color,2026_08_18_00_52_54_907596_L3_right_C0,7,10,-0.0183849036693573,-0.021106529235839843,-0.002721625566482544,0.004080889288031053,1.0
color,2026_08_18_00_53_23_339528_L3_right_C1,0,10,0.033307629823684695,0.09200379401445388,0.058696164190769194,0.040353887722213246,0.9
color,2026_08_18_00_53_23_339528_L3_right_C1,1,10,0.03163270652294159,-0.021523115038871766,-0.05315582156181335,0.016046771806639284,0.0
color,2026_08_18_00_53_23_339528_L3_right_C1,2,10,0.011141534894704819,-0.06468884050846099,-0.07583037540316581,0.007858292915609683,0.1
color,2026_08_18_00_53_23_339528_L3_right_C1,3,10,-0.01712893694639206,-0.03620789796113968,-0.019078961014747618,0.01553237216167909,1.0
color,2026_08_18_00_53_23_339528_L3_right_C1,4,10,-0.0016680732369422913,-0.032957492768764494,-0.0312894195318222,0.009637697345129185,0.8
color,2026_08_18_00_53_23_339528_L3_right_C1,5,10,-0.05865562707185745,-0.04518959596753121,0.013466031104326249,0.006633209617564385,1.0
color,2026_08_18_00_53_23_339528_L3_right_C1,6,10,-0.04837099462747574,-0.02734755873680115,0.02102343589067459,0.0017033689955616679,1.0
color,2026_08_18_00_53_23_339528_L3_right_C1,7,10,-0.04450332745909691,-0.01984494775533676,0.02465837970376015,0.008328352795575871,1.0
color,2026_08_18_00_53_23_339528_L3_right_C1,8,10,-0.017269282042980193,-0.02200769931077957,-0.004738417267799377,0.003158641142916234,1.0
color,2026_08_18_00_53_52_283658_L3_right_C2,0,10,0.01438053697347641,0.10942061245441437,0.09504007548093796,0.023335153871605917,0.8
color,2026_08_18_00_53_52_283658_L3_right_C2,1,10,0.0447416216135025,0.011466963589191437,-0.033274658024311066,0.01643191581003236,0.9
color,2026_08_18_00_53_52_283658_L3_right_C2,2,10,0.010896141827106475,-0.03534391671419144,-0.04624005854129791,0.011028124236675088,0.0
color,2026_08_18_00_53_52_283658_L3_right_C2,3,10,-0.01180892288684845,-0.04625162482261658,-0.03444270193576813,0.008728281314550012,1.0
color,2026_08_18_00_53_52_283658_L3_right_C2,4,10,-0.025076739490032196,-0.039817321300506595,-0.014740581810474395,0.009736776002991046,1.0
color,2026_08_18_00_53_52_283658_L3_right_C2,5,10,0.005362123250961304,0.010367958247661591,0.005005834996700287,0.006312331853264743,1.0
color,2026_08_18_00_53_52_283658_L3_right_C2,6,10,-0.07247457504272461,-0.020423966646194457,0.052050608396530154,0.0137605002853912,1.0
color,2026_08_18_00_53_52_283658_L3_right_C2,7,10,-0.021976330876350404,-0.028531357645988464,-0.006555026769638062,0.008223575150840623,1.0
color,2026_08_18_00_53_52_283658_L3_right_C2,8,10,-0.05356132686138153,-0.03923296481370926,0.014328362047672271,0.0042769969071828106,1.0
color,2026_08_18_00_53_52_283658_L3_right_C2,9,10,-0.013466475903987885,-0.011191900074481963,0.0022745758295059206,0.0032912487207699278,1.0
color,2026_08_18_00_54_32_747715_L3_left_C0,0,10,-0.00991266369819641,0.07327632009983062,0.08318898379802704,0.020935262472643445,0.4
color,2026_08_18_00_54_32_747715_L3_left_C0,1,10,-0.015963165462017058,-0.0065398022532463075,0.009423363208770751,0.011031095599665036,0.8
color,2026_08_18_00_54_32_747715_L3_left_C0,2,10,-0.02613436132669449,-0.05141824334859848,-0.025283882021903993,0.016162956394331622,1.0
color,2026_08_18_00_54_32_747715_L3_left_C0,3,10,0.005677820742130279,-0.06219367235898972,-0.06787149310111999,0.020870154878095303,0.1
color,2026_08_18_00_54_32_747715_L3_left_C0,4,10,0.03139723092317581,0.01959046721458435,-0.011806763708591461,0.014627719512781818,0.9
color,2026_08_18_00_54_32_747715_L3_left_C0,5,10,0.07642709016799927,0.06271795630455017,-0.013709133863449097,0.01581706581324603,1.0
color,2026_08_18_00_54_32_747715_L3_left_C0,6,10,-0.00041145682334899905,0.01503211110830307,0.01544356793165207,0.003944491575638681,0.4
color,2026_08_18_00_54_32_747715_L3_left_C0,7,10,0.0482974573969841,0.057308584451675415,0.009011127054691315,0.008600673143142569,1.0
color,2026_08_18_00_55_01_843645_L3_left_C1,0,10,0.03401387631893158,0.06211108565330505,0.028097209334373475,0.022628291873004948,1.0
color,2026_08_18_00_55_01_843645_L3_left_C1,1,10,-0.02283826917409897,-0.03676507622003555,-0.013926807045936584,0.020303211403478162,0.9
color,2026_08_18_00_55_01_843645_L3_left_C1,2,10,-0.03399805426597595,0.044641172885894774,0.07863922715187073,0.01556802761237646,0.0
color,2026_08_18_00_55_01_843645_L3_left_C1,3,10,-0.04919909089803696,0.04808052182197571,0.09727961272001266,0.01265741510939795,0.0
color,2026_08_18_00_55_01_843645_L3_left_C1,4,10,-0.031409038603305815,-0.002613161504268646,0.028795877099037172,0.009554718848979711,0.6
color,2026_08_18_00_55_01_843645_L3_left_C1,5,10,-0.025865459442138673,-0.03458556085824967,-0.008720101416110992,0.007894667306751276,1.0
color,2026_08_18_00_55_01_843645_L3_left_C1,6,10,0.052682739496231076,-0.06205577701330185,-0.11473851650953293,0.022030054464413813,0.0
color,2026_08_18_00_55_01_843645_L3_left_C1,7,10,0.05475012809038162,0.0488155260682106,-0.005934602022171021,0.007347165695987777,1.0
color,2026_08_18_00_55_01_843645_L3_left_C1,8,10,0.04818561300635338,0.06417441964149476,0.01598880663514137,0.013085241420107939,1.0
color,2026_08_18_00_55_32_860317_L3_left_C2,0,10,0.009259739518165588,0.07394009232521057,0.06468035280704498,0.02593520558517155,0.5
color,2026_08_18_00_55_32_860317_L3_left_C2,1,10,-0.040684188902378085,-0.027639782428741454,0.013044406473636628,0.01879986680781708,0.9
color,2026_08_18_00_55_32_860317_L3_left_C2,2,10,0.01961096078157425,0.04293432384729386,0.023323363065719603,0.005676311615998673,1.0
color,2026_08_18_00_55_32_860317_L3_left_C2,3,10,0.03898617178201676,0.03820766806602478,-0.0007785037159919739,0.017239668662277913,1.0
color,2026_08_18_00_55_32_860317_L3_left_C2,4,10,-0.06021069884300232,0.0045291662216186525,0.06473986506462097,0.02086784598565974,0.3
color,2026_08_18_00_55_32_860317_L3_left_C2,5,10,0.006322202086448669,0.008542138338088989,0.0022199362516403197,0.005739874524737452,0.9
color,2026_08_18_00_55_32_860317_L3_left_C2,6,10,-0.02098374366760254,-0.023815464228391647,-0.002831720560789108,0.004266686111452488,1.0
color,2026_08_18_00_55_32_860317_L3_left_C2,7,10,0.006221710145473481,-0.006443332135677338,-0.012665042281150818,0.008793059738532647,0.2
color,2026_08_18_00_55_32_860317_L3_left_C2,8,10,0.028303065896034242,-0.01653543710708618,-0.04483850300312042,0.0041955770647176234,0.0
color,2026_08_18_00_55_32_860317_L3_left_C2,9,10,0.07240388542413712,0.06529590785503388,-0.007107977569103241,0.009274908399386751,1.0
color,2026_08_18_00_55_32_860317_L3_left_C2,10,10,0.0012448355555534363,0.018032021820545197,0.01678718626499176,0.007026917502166686,0.9
color,2026_08_18_00_56_19_492037_L3_right_C0,0,10,-0.004279784858226776,-0.03601557165384293,-0.03173578679561615,0.03766449088009191,0.5
color,2026_08_18_00_56_19_492037_L3_right_C0,1,10,0.03575403541326523,0.1049903005361557,0.06923626512289047,0.030749046985602806,1.0
color,2026_08_18_00_56_19_492037_L3_right_C0,2,10,0.06374573260545731,0.16870277673006057,0.10495704412460327,0.02064179279492963,1.0
color,2026_08_18_00_56_19_492037_L3_right_C0,3,10,0.035915763676166536,0.15819087922573088,0.12227511554956436,0.020188651719546237,1.0
color,2026_08_18_00_56_19_492037_L3_right_C0,4,10,0.01471213549375534,0.023561452329158784,0.008849316835403442,0.009726833262342053,1.0
color,2026_08_18_00_56_19_492037_L3_right_C0,5,10,0.009162898361682891,0.02053418308496475,0.01137128472328186,0.006520565089640996,1.0
color,2026_08_18_00_56_19_492037_L3_right_C0,6,10,0.07072024047374725,0.04456679224967956,-0.026153448224067687,0.016764326547688183,1.0
color,2026_08_18_00_56_19_492037_L3_right_C0,7,10,0.05076584294438362,0.0008130364120006561,-0.049952806532382966,0.016681605376592166,0.5
color,2026_08_18_00_56_48_148319_L3_right_C1,0,10,0.01019536256790161,-0.058679884672164916,-0.06887524724006652,0.023972842024915772,0.3
color,2026_08_18_00_56_48_148319_L3_right_C1,1,10,-0.0013083070516586304,0.06916519552469254,0.07047350257635117,0.025280195664001658,0.6
color,2026_08_18_00_56_48_148319_L3_right_C1,2,10,-0.003881479799747467,0.054572440683841705,0.058453920483589175,0.013561197182239436,0.6
color,2026_08_18_00_56_48_148319_L3_right_C1,3,10,0.03368080705404282,0.10018153488636017,0.06650072783231735,0.01781931417977414,1.0
color,2026_08_18_00_56_48_148319_L3_right_C1,4,10,-0.007090148329734802,0.03493192344903946,0.04202207177877426,0.009732398678647183,0.1
color,2026_08_18_00_56_48_148319_L3_right_C1,5,10,0.06391200050711632,0.04293984472751618,-0.020972155779600144,0.006727342688285623,1.0
color,2026_08_18_00_56_48_148319_L3_right_C1,6,10,0.10023539215326309,0.060343696177005766,-0.03989169597625732,0.008640229943574869,1.0
color,2026_08_18_00_56_48_148319_L3_right_C1,7,10,0.06266940012574196,0.05769593939185143,-0.004973460733890533,0.00457137716239333,1.0
color,2026_08_18_00_56_48_148319_L3_right_C1,8,10,0.07231412231922149,0.054810069501399994,-0.017504052817821504,0.004885724105956202,1.0
color,2026_08_18_00_57_15_980084_L3_right_C2,0,10,0.04531486928462982,-0.03111591041088104,-0.07643077969551086,0.024180219500981228,0.0
color,2026_08_18_00_57_15_980084_L3_right_C2,1,10,-0.018756403028964995,0.02305852770805359,0.041814930737018585,0.0184546676678664,0.5
color,2026_08_18_00_57_15_980084_L3_right_C2,2,10,0.013412748277187348,0.01564333736896515,0.0022305890917778013,0.007009701670399872,0.8
color,2026_08_18_00_57_15_980084_L3_right_C2,3,10,0.03590868860483169,0.004627278447151184,-0.03128141015768051,0.009217816363058262,0.9
color,2026_08_18_00_57_15_980084_L3_right_C2,4,10,0.025634600222110747,0.025444108247756957,-0.0001904919743537903,0.006968776500559448,1.0
color,2026_08_18_00_57_15_980084_L3_right_C2,5,10,0.0058897525072097775,-0.005073149502277374,-0.010962902009487152,0.007131269095170024,0.0
color,2026_08_18_00_57_15_980084_L3_right_C2,6,10,0.031724704802036284,0.002540843188762665,-0.02918386161327362,0.0074575936463447436,0.5
color,2026_08_18_00_57_15_980084_L3_right_C2,7,10,0.035724619030952455,0.0264801099896431,-0.009244509041309357,0.009275694464431621,1.0
color,2026_08_18_00_57_15_980084_L3_right_C2,8,10,0.06392974257469178,0.04836598336696625,-0.015563759207725524,0.010159404715471282,1.0
color,2026_08_18_00_57_15_980084_L3_right_C2,9,10,0.0575502023100853,0.042251744866371156,-0.015298457443714141,0.00753974293047891,1.0
color,2026_08_18_00_57_54_988496_L3_left_C0,0,10,0.13649099916219712,-0.0032309770584106447,-0.13972197622060775,0.020438874770885206,0.5
color,2026_08_18_00_57_54_988496_L3_left_C0,1,10,0.0902138590812683,0.12093339785933495,0.030719538778066637,0.017605252706737597,1.0
color,2026_08_18_00_57_54_988496_L3_left_C0,2,10,0.046976175904273984,0.11722066551446915,0.07024448961019517,0.01664795711473286,1.0
color,2026_08_18_00_57_54_988496_L3_left_C0,3,10,0.04960538446903229,0.046440345048904416,-0.003165039420127869,0.014827787167917642,1.0
color,2026_08_18_00_57_54_988496_L3_left_C0,4,10,-0.002187328040599823,-0.004124501347541809,-0.001937173306941986,0.009104810174098778,0.4
color,2026_08_18_00_57_54_988496_L3_left_C0,5,10,-0.04283315688371658,-0.06511518657207489,-0.022282029688358306,0.0053630578075038226,1.0
color,2026_08_18_00_57_54_988496_L3_left_C0,6,10,0.004757442325353622,0.007208088040351867,0.002450645714998245,0.0026604540622020955,0.9
color,2026_08_18_00_57_54_988496_L3_left_C0,7,10,-0.037534001469612124,-0.0044086180627346035,0.03312538340687752,0.007510938618374512,0.6
color,2026_08_18_00_58_22_709133_L3_left_C1,0,10,0.0798582524061203,-0.04307859539985657,-0.12293684780597687,0.031975859845755863,0.1
color,2026_08_18_00_58_22_709133_L3_left_C1,1,10,0.05289977937936783,0.10480090230703354,0.05190112292766571,0.007402039623128085,1.0
color,2026_08_18_00_58_22_709133_L3_left_C1,2,10,0.08104487657546997,0.10705604404211044,0.02601116746664047,0.015491171095352141,1.0
color,2026_08_18_00_58_22_709133_L3_left_C1,3,10,0.05557977110147476,0.04490785449743271,-0.010671916604042053,0.0127124457916667,1.0
color,2026_08_18_00_58_22_709133_L3_left_C1,4,10,0.04486484006047249,0.026993508636951446,-0.017871331423521042,0.005705126138414489,1.0
color,2026_08_18_00_58_22_709133_L3_left_C1,5,10,0.0031860992312431335,0.04123195856809616,0.038045859336853026,0.007597285847609879,0.7
color,2026_08_18_00_58_22_709133_L3_left_C1,6,10,-0.06648760810494422,-0.03054227903485298,0.03594532907009125,0.01860351482671338,1.0
color,2026_08_18_00_58_22_709133_L3_left_C1,7,10,-0.06297053396701813,-0.022445228695869446,0.040525305271148684,0.010928757801487055,0.9
color,2026_08_18_00_58_22_709133_L3_left_C1,8,10,-0.012579244375228883,-0.010642391443252564,0.0019368529319763184,0.01090034499420966,0.8
color,2026_08_18_00_59_48_029579_L3_left_C2,0,10,0.04798586070537567,0.062082166969776156,0.014096306264400482,0.011082146186488106,1.0
color,2026_08_18_00_59_48_029579_L3_left_C2,1,10,0.07252532541751862,0.09824092388153076,0.025715598464012147,0.01207864629403565,1.0
color,2026_08_18_00_59_48_029579_L3_left_C2,2,10,0.05379125326871872,0.1316732570528984,0.07788200378417968,0.013939563033392702,1.0
color,2026_08_18_00_59_48_029579_L3_left_C2,3,10,0.009083279967308044,0.052325439453125,0.04324215948581696,0.018653945557801525,0.8
color,2026_08_18_00_59_48_029579_L3_left_C2,4,10,0.05372257828712464,0.017971499264240264,-0.035751079022884366,0.01127224229730948,0.9
color,2026_08_18_00_59_48_029579_L3_left_C2,5,10,0.011795160174369813,0.024381130933761597,0.012585970759391784,0.004908483306033324,1.0
color,2026_08_18_00_59_48_029579_L3_left_C2,6,10,-0.02226330041885376,0.009754639863967896,0.03201794028282166,0.010310580667515203,0.0
color,2026_08_18_00_59_48_029579_L3_left_C2,7,10,0.027349105477333067,0.04607284069061279,0.018723735213279726,0.005202001591185884,1.0
color,2026_08_18_00_59_48_029579_L3_left_C2,8,10,-0.03518483191728592,-0.021946094930171967,0.013238736987113952,0.009648571160531328,1.0
color,2026_08_18_00_59_48_029579_L3_left_C2,9,10,-0.03800345808267593,-0.019183874130249023,0.01881958395242691,0.010438198815599863,1.0
side,2026_08_18_00_40_18_199635_L1_left_C0,0,10,-0.0048692718148231505,-0.03696239143610001,-0.03209311962127685,0.011665567376024847,0.7
side,2026_08_18_00_40_18_199635_L1_left_C0,1,10,-0.04606623500585556,-0.05207522362470627,-0.006008988618850708,0.012099037630531414,1.0
side,2026_08_18_00_40_18_199635_L1_left_C0,2,10,-0.09067381173372269,-0.05022400170564652,0.04044981002807617,0.015028427338526244,1.0
side,2026_08_18_00_40_18_199635_L1_left_C0,3,10,-0.0976561225950718,-0.029851994663476943,0.06780412793159485,0.01346587486743675,1.0
side,2026_08_18_00_40_18_199635_L1_left_C0,4,10,-0.009227922558784485,-0.010650919377803802,-0.0014229968190193176,0.001619211894649939,1.0
side,2026_08_18_00_40_18_199635_L1_left_C0,5,10,-0.0018888950347900391,-0.009671451151371002,-0.007782556116580963,0.0021507683538089795,0.9
side,2026_08_18_00_40_18_199635_L1_left_C0,6,10,-0.0012614458799362182,0.0178607240319252,0.01912216991186142,0.0048529112070023845,0.0
side,2026_08_18_00_40_18_199635_L1_left_C0,7,10,-0.005911973118782043,-0.01010415107011795,-0.004192177951335907,0.001402115209813121,1.0
side,2026_08_18_00_40_47_448240_L1_left_C1,0,10,-0.04401295781135559,-0.026053571701049806,0.017959386110305786,0.01894186050322632,0.9
side,2026_08_18_00_40_47_448240_L1_left_C1,1,10,-0.06145372688770294,-0.07605601549148559,-0.014602288603782654,0.016254857872041565,1.0
side,2026_08_18_00_40_47_448240_L1_left_C1,2,10,-0.032858063280582425,-0.005871665477752685,0.026986397802829742,0.019888112455101362,0.6
side,2026_08_18_00_40_47_448240_L1_left_C1,3,10,0.0013422057032585143,0.05211586207151413,0.050773656368255614,0.014768153585944136,0.7
side,2026_08_18_00_40_47_448240_L1_left_C1,4,10,-0.0011766031384468079,0.005332031846046447,0.006508634984493255,0.0050991941331552755,0.8
side,2026_08_18_00_40_47_448240_L1_left_C1,5,10,-0.008606192469596863,0.0008163481950759887,0.009422540664672852,0.0036567985142160675,0.2
side,2026_08_18_00_40_47_448240_L1_left_C1,6,10,0.008829683065414429,0.029874531924724577,0.02104484885931015,0.007683401663575,1.0
side,2026_08_18_00_40_47_448240_L1_left_C1,7,10,-0.0010085627436637878,0.005624952912330628,0.0066335156559944155,0.001963865306923821,0.2
side,2026_08_18_00_41_27_880068_L1_left_C2,0,10,-0.03649469614028931,-0.04102775305509567,-0.004533056914806366,0.009765763965613083,1.0
side,2026_08_18_00_41_27_880068_L1_left_C2,1,10,-0.060634976625442503,-0.058342953026294705,0.0022920235991477967,0.010012190427370097,1.0
side,2026_08_18_00_41_27_880068_L1_left_C2,2,10,-0.03622038513422012,-0.01953383833169937,0.01668654680252075,0.01315665797701071,0.6
side,2026_08_18_00_41_27_880068_L1_left_C2,3,10,0.011778633296489715,0.011265967786312104,-0.0005126655101776123,0.011189576395885659,0.9
side,2026_08_18_00_41_27_880068_L1_left_C2,4,10,0.07557063400745392,0.018426044285297392,-0.057144589722156525,0.015971429064832062,1.0
side,2026_08_18_00_41_27_880068_L1_left_C2,5,10,0.031337276101112366,0.010504916310310364,-0.020832359790802002,0.0071226325463974996,1.0
side,2026_08_18_00_41_27_880068_L1_left_C2,6,10,0.002704659104347229,-0.0035448357462882995,-0.0062494948506355286,0.0027767056012303376,0.2
side,2026_08_18_00_41_27_880068_L1_left_C2,7,10,-0.0018826797604560852,-0.011550335586071015,-0.00966765582561493,0.00156618376839058,0.9
side,2026_08_18_00_41_27_880068_L1_left_C2,8,10,0.002254346013069153,0.005098524689674378,0.0028441786766052247,0.003565786293114173,0.8
side,2026_08_18_00_41_27_880068_L1_left_C2,9,10,0.0005574584007263184,0.0012414604425430298,0.0006840020418167114,0.0013869438743776992,0.7
side,2026_08_18_00_45_28_073578_L1_right_C0,0,10,-0.023102191090583802,-0.016218270361423492,0.0068839207291603085,0.01059278049334027,1.0
side,2026_08_18_00_45_28_073578_L1_right_C0,1,10,-0.042100222408771516,-0.05966100692749023,-0.01756078451871872,0.009127050006914921,1.0
side,2026_08_18_00_45_28_073578_L1_right_C0,2,10,-0.0354952223598957,-0.0011014491319656372,0.034393773227930066,0.01878620795028699,0.7
side,2026_08_18_00_45_28_073578_L1_right_C0,3,10,-0.005282838642597198,-0.00615416020154953,-0.0008713215589523316,0.013014717913651759,0.7
side,2026_08_18_00_45_28_073578_L1_right_C0,4,10,0.0028373390436172486,0.015699240565299987,0.012861901521682739,0.014420696228631581,0.5
side,2026_08_18_00_45_28_073578_L1_right_C0,5,10,2.244710922241211e-05,0.0014188706874847413,0.001396423578262329,0.00630914646817037,0.7
side,2026_08_18_00_45_28_073578_L1_right_C0,6,10,-0.0023846589028835297,-0.0024069279432296755,-2.226904034614563e-05,0.000611024405820879,1.0
side,2026_08_18_00_45_28_073578_L1_right_C0,7,10,-0.011100149154663086,-0.004542556405067444,0.006557592749595642,0.0031940500882497043,1.0
side,2026_08_18_00_45_56_961481_L1_right_C1,0,10,0.010834670066833496,-0.003434416651725769,-0.014269086718559264,0.03293340004154066,0.6
side,2026_08_18_00_45_56_961481_L1_right_C1,1,10,-0.05348789691925049,0.031170961260795594,0.08465885818004608,0.01366451138757468,0.0
side,2026_08_18_00_45_56_961481_L1_right_C1,2,10,-0.039012014865875244,0.0007486388087272644,0.039760653674602506,0.01621964006757208,0.4
side,2026_08_18_00_45_56_961481_L1_right_C1,3,10,0.018799225986003875,0.021392691135406493,0.0025934651494026184,0.010989814381577973,1.0
side,2026_08_18_00_45_56_961481_L1_right_C1,4,10,-0.005466343462467193,0.0300478920340538,0.035514235496520996,0.011399304911258413,0.4
side,2026_08_18_00_45_56_961481_L1_right_C1,5,10,-0.041085469722747806,0.0002095922827720642,0.04129506200551987,0.0070172302615495565,0.3
side,2026_08_18_00_45_56_961481_L1_right_C1,6,10,-0.015534839034080506,-0.006000028550624847,0.009534810483455659,0.006626039970299934,1.0
side,2026_08_18_00_45_56_961481_L1_right_C1,7,10,-0.001566411554813385,-4.7519803047180176e-05,0.001518891751766205,0.0009722034700425466,0.5
side,2026_08_18_00_46_25_193744_L1_right_C2,0,10,0.010207387804985046,-0.0011075407266616822,-0.011314928531646729,0.026842624662121606,0.6
side,2026_08_18_00_46_25_193744_L1_right_C2,1,10,-0.007660050690174103,0.02869705855846405,0.03635710924863815,0.024840437875940796,0.3
side,2026_08_18_00_46_25_193744_L1_right_C2,2,10,-0.04988021999597549,0.013024784624576569,0.06290500462055207,0.019044852582029183,0.0
side,2026_08_18_00_46_25_193744_L1_right_C2,3,10,-0.0150223046541214,0.00830497145652771,0.02332727611064911,0.015414945529230378,0.1
side,2026_08_18_00_46_25_193744_L1_right_C2,4,10,-0.021881046891212463,0.021550928056240082,0.043431974947452545,0.013647719161951215,0.0
side,2026_08_18_00_46_25_193744_L1_right_C2,5,10,-0.012073284387588501,-0.010024698078632354,0.002048586308956146,0.004538460050389225,1.0
side,2026_08_18_00_46_25_193744_L1_right_C2,6,10,-0.037062150239944455,0.0030474811792373657,0.04010963141918182,0.005579439192378195,0.0
side,2026_08_18_00_46_25_193744_L1_right_C2,7,10,-0.0028706997632980346,-0.0015941843390464782,0.0012765154242515564,0.0062499249556989475,0.9
side,2026_08_18_00_46_25_193744_L1_right_C2,8,10,-0.0239195317029953,-0.008875998854637145,0.015043532848358155,0.0030423986928966233,1.0
side,2026_08_18_00_46_25_193744_L1_right_C2,9,10,0.0007274836301803589,-0.0049032062292098996,-0.005630689859390259,0.0012808187435078009,0.1
side,2026_08_18_00_48_13_457980_L1_left_C0,0,10,-0.08260716646909713,-0.018695166707038878,0.06391199976205826,0.018328895780932115,0.7
side,2026_08_18_00_48_13_457980_L1_left_C0,1,10,-0.09281722605228424,-0.03711901605129242,0.05569821000099182,0.016507602215595833,1.0
side,2026_08_18_00_48_13_457980_L1_left_C0,2,10,-0.07500699311494827,-0.008801542222499847,0.06620545089244842,0.009763504736740428,0.9
side,2026_08_18_00_48_13_457980_L1_left_C0,3,10,-0.05456286147236824,-0.0023919202387332915,0.05217094123363495,0.012523041485929557,0.9
side,2026_08_18_00_48_13_457980_L1_left_C0,4,10,-0.0024126231670379638,0.0031075321137905123,0.005520155280828476,0.002415724634880482,0.2
side,2026_08_18_00_48_13_457980_L1_left_C0,5,10,0.002379341423511505,-0.007434332370758056,-0.009813673794269562,0.0036884576889688226,0.1
side,2026_08_18_00_48_13_457980_L1_left_C0,6,10,-0.003984968364238739,-0.00233146995306015,0.0016534984111785888,0.0010635378165014437,0.8
side,2026_08_18_00_48_13_457980_L1_left_C0,7,10,-0.008068779110908508,-0.010069659352302552,-0.002000880241394043,0.0018626721960832626,1.0
side,2026_08_18_00_49_05_482404_L1_left_C1,0,10,-0.06095172464847565,-0.026918211579322816,0.03403351306915283,0.025291687869741866,0.9
side,2026_08_18_00_49_05_482404_L1_left_C1,1,10,-0.10230880081653596,-0.10788742750883103,-0.005578626692295074,0.02204012182298173,1.0
side,2026_08_18_00_49_05_482404_L1_left_C1,2,10,-0.03468542248010635,-0.05301667302846909,-0.01833125054836273,0.016670634052871433,1.0
side,2026_08_18_00_49_05_482404_L1_left_C1,3,10,-0.01560870260000229,0.02781210094690323,0.043420803546905515,0.023160524264919533,0.2
side,2026_08_18_00_49_05_482404_L1_left_C1,4,10,-0.01290852129459381,-0.014373306930065156,-0.001464785635471344,0.003668517094426454,1.0
side,2026_08_18_00_49_05_482404_L1_left_C1,5,10,-0.0006915941834449768,-0.005461983382701874,-0.004770389199256897,0.004681819658074783,0.6
side,2026_08_18_00_49_05_482404_L1_left_C1,6,10,0.01522107869386673,0.008834615349769592,-0.006386463344097137,0.002619490970674937,0.9
side,2026_08_18_00_49_05_482404_L1_left_C1,7,10,-0.0008555829524993896,0.011200246214866639,0.012055829167366028,0.0013777028504071498,0.2
side,2026_08_18_00_49_36_378126_L1_left_C2,0,10,-0.07209948003292084,-0.027218735218048094,0.04488074481487274,0.014699398168309188,1.0
side,2026_08_18_00_49_36_378126_L1_left_C2,1,10,-0.08208161890506745,-0.07947779446840286,0.0026038244366645815,0.009679009025934358,1.0
side,2026_08_18_00_49_36_378126_L1_left_C2,2,10,-0.061368390917778015,-0.059914018213748935,0.0014543727040290833,0.008373629963558225,1.0
side,2026_08_18_00_49_36_378126_L1_left_C2,3,10,-0.013657934963703156,-0.019111010432243346,-0.005453075468540192,0.013189821937332962,0.9
side,2026_08_18_00_49_36_378126_L1_left_C2,4,10,0.01063932329416275,-0.007040373980998993,-0.017679697275161742,0.010447422188350125,0.2
side,2026_08_18_00_49_36_378126_L1_left_C2,5,10,0.027293750643730165,0.00563780814409256,-0.021655942499637603,0.0033883646087081317,0.9
side,2026_08_18_00_49_36_378126_L1_left_C2,6,10,0.0048891156911849976,-0.004714563488960266,-0.009603679180145264,0.0038157619253955753,0.0
side,2026_08_18_00_49_36_378126_L1_left_C2,7,10,-0.0032907679677009584,-0.014977866411209106,-0.011687098443508149,0.0016024036163458431,0.9
side,2026_08_18_00_49_36_378126_L1_left_C2,8,10,0.00960867404937744,-0.002593812346458435,-0.012202486395835876,0.001755662654196362,0.3
side,2026_08_18_00_49_36_378126_L1_left_C2,9,10,-0.005983120203018189,-0.007748158276081085,-0.0017650380730628967,0.001263999046880962,1.0
side,2026_08_18_00_50_22_202653_L1_right_C0,0,10,0.03781601637601852,-0.008647403120994568,-0.04646341949701309,0.03441695782352986,0.4
side,2026_08_18_00_50_22_202653_L1_right_C0,1,10,-0.049257928133010866,-0.04245637059211731,0.0068015575408935545,0.014032848007021594,1.0
side,2026_08_18_00_50_22_202653_L1_right_C0,2,10,-0.06723510473966599,0.013132385909557343,0.08036749064922333,0.015716596886115722,0.0
side,2026_08_18_00_50_22_202653_L1_right_C0,3,10,-0.013264396786689758,-0.00028806328773498533,0.012976333498954773,0.006095783196675569,0.7
side,2026_08_18_00_50_22_202653_L1_right_C0,4,10,0.001998080313205719,-0.0004526674747467041,-0.002450747787952423,0.003569035499180264,0.5
side,2026_08_18_00_50_22_202653_L1_right_C0,5,10,-0.002747264504432678,-0.01482401043176651,-0.012076745927333831,0.0036490804717137777,1.0
side,2026_08_18_00_50_22_202653_L1_right_C0,6,10,-0.009589222073554993,-0.002197358012199402,0.0073918640613555905,0.0018446726116174196,1.0
side,2026_08_18_00_50_22_202653_L1_right_C0,7,10,-0.01849396377801895,-0.025316274166107176,-0.006822310388088226,0.002630731239855417,1.0
side,2026_08_18_00_50_52_802516_L1_right_C1,0,10,0.009445559978485108,0.01647579073905945,0.007030230760574341,0.0236370815228217,0.7
side,2026_08_18_00_50_52_802516_L1_right_C1,1,10,-0.0393446683883667,-0.0018937647342681884,0.03745090365409851,0.011529353870388575,0.5
side,2026_08_18_00_50_52_802516_L1_right_C1,2,10,-0.050069591403007506,0.0051507771015167235,0.055220368504524234,0.010002839858620612,0.0
side,2026_08_18_00_50_52_802516_L1_right_C1,3,10,-0.0366294726729393,0.018727648258209228,0.05535712093114853,0.00791290581952228,0.0
side,2026_08_18_00_50_52_802516_L1_right_C1,4,10,-0.02779202163219452,0.017733921110630036,0.04552594274282455,0.006686073008917034,0.0
side,2026_08_18_00_50_52_802516_L1_right_C1,5,10,-0.03885674476623535,-0.010703259706497192,0.028153485059738158,0.005244948383883767,1.0
side,2026_08_18_00_50_52_802516_L1_right_C1,6,10,-0.005909080803394318,-0.0021306023001670836,0.003778478503227234,0.001590672682562019,1.0
side,2026_08_18_00_50_52_802516_L1_right_C1,7,10,-0.004587353765964508,-0.006499721109867096,-0.001912367343902588,0.0009351876074902071,1.0
side,2026_08_18_00_51_25_610649_L1_right_C2,0,10,-0.026480807363986968,-0.005898129940032959,0.02058267742395401,0.01865844323634608,0.9
side,2026_08_18_00_51_25_610649_L1_right_C2,1,10,-0.03426525890827179,-0.005657589435577393,0.028607669472694396,0.014177582241077135,0.8
side,2026_08_18_00_51_25_610649_L1_right_C2,2,10,-0.06483404934406281,0.014654414355754852,0.07948846369981766,0.017434554250797953,0.0
side,2026_08_18_00_51_25_610649_L1_right_C2,3,10,-0.044726905226707456,0.02781641185283661,0.07254331707954406,0.015652642438803394,0.0
side,2026_08_18_00_51_25_610649_L1_right_C2,4,10,-0.019067953526973724,0.024413810670375825,0.043481764197349546,0.012821592633989524,0.0
side,2026_08_18_00_51_25_610649_L1_right_C2,5,10,-0.03473084568977356,-0.008383524417877198,0.026347321271896363,0.0053500641892559354,1.0
side,2026_08_18_00_51_25_610649_L1_right_C2,6,10,-0.056027156114578244,-0.01564733386039734,0.04037982225418091,0.00807489984123059,1.0
side,2026_08_18_00_51_25_610649_L1_right_C2,7,10,-0.021960732340812684,-0.011260822415351868,0.010699909925460816,0.004294862339527136,1.0
side,2026_08_18_00_51_25_610649_L1_right_C2,8,10,-0.04872330129146576,-0.016795775294303893,0.031927525997161865,0.004943638964465858,1.0
side,2026_08_18_00_51_25_610649_L1_right_C2,9,10,0.010290250182151794,-0.005440172553062439,-0.015730422735214234,0.004959617546797196,0.0
side,2026_08_18_00_52_54_907596_L3_right_C0,0,10,-0.02023901343345642,-0.027320674061775206,-0.007081660628318787,0.01103178566420585,1.0
side,2026_08_18_00_52_54_907596_L3_right_C0,1,10,-0.05914738923311234,-0.033952292054891586,0.02519509717822075,0.011942168330075225,1.0
side,2026_08_18_00_52_54_907596_L3_right_C0,2,10,-0.0645234763622284,-0.014163137972354889,0.050360338389873506,0.011664777764732813,1.0
side,2026_08_18_00_52_54_907596_L3_right_C0,3,10,-0.03657725229859352,0.00518902838230133,0.04176628068089485,0.0089248934604295,0.3
side,2026_08_18_00_52_54_907596_L3_right_C0,4,10,-0.00992034450173378,-0.0005621887743473053,0.009358155727386474,0.005089295391341954,0.7
side,2026_08_18_00_52_54_907596_L3_right_C0,5,10,-0.01236109882593155,-0.01874033808708191,-0.00637923926115036,0.003587778015629502,1.0
side,2026_08_18_00_52_54_907596_L3_right_C0,6,10,-0.01629948168992996,-0.008077366650104523,0.00822211503982544,0.002070594723790458,1.0
side,2026_08_18_00_52_54_907596_L3_right_C0,7,10,-0.010827726125717163,-0.02613733559846878,-0.015309609472751617,0.001809100733946713,1.0
side,2026_08_18_00_53_23_339528_L3_right_C1,0,10,0.03843429833650589,-0.012687754631042481,-0.05112205296754837,0.03803448248445674,0.2
side,2026_08_18_00_53_23_339528_L3_right_C1,1,10,-0.028914181888103484,-0.009362868964672089,0.019551312923431395,0.02124494656087818,0.9
side,2026_08_18_00_53_23_339528_L3_right_C1,2,10,-0.035319584608078006,0.03578343242406845,0.07110301703214646,0.01765065157742155,0.0
side,2026_08_18_00_53_23_339528_L3_right_C1,3,10,-0.0466312363743782,0.02268311530351639,0.0693143516778946,0.01928304731405749,0.0
side,2026_08_18_00_53_23_339528_L3_right_C1,4,10,-0.02244788110256195,0.018972998857498168,0.04142087996006012,0.014216823479726314,0.0
side,2026_08_18_00_53_23_339528_L3_right_C1,5,10,-0.03152998834848404,-0.002096828818321228,0.02943315953016281,0.0032816175021933305,0.9
side,2026_08_18_00_53_23_339528_L3_right_C1,6,10,-0.014503864943981171,-0.005235597491264343,0.009268267452716828,0.0009740862990589562,1.0
side,2026_08_18_00_53_23_339528_L3_right_C1,7,10,-0.014051815867424012,-0.005461392551660537,0.008590423315763474,0.0015955591259080323,1.0
side,2026_08_18_00_53_23_339528_L3_right_C1,8,10,0.0038712531328201293,-0.007852116227149963,-0.011723369359970093,0.002150333146784685,0.2
side,2026_08_18_00_53_52_283658_L3_right_C2,0,10,0.02121032476425171,-0.027280890941619874,-0.04849121570587158,0.034666569344615684,0.2
side,2026_08_18_00_53_52_283658_L3_right_C2,1,10,-0.03253571689128876,-0.00027780234813690186,0.032257914543151855,0.021775029022439635,0.4
side,2026_08_18_00_53_52_283658_L3_right_C2,2,10,-0.031728807091712954,0.02106441780924797,0.052793224900960924,0.019183616950051635,0.0
side,2026_08_18_00_53_52_283658_L3_right_C2,3,10,-0.015477725863456726,0.020897133648395537,0.036374859511852264,0.017320207504958017,0.1
side,2026_08_18_00_53_52_283658_L3_right_C2,4,10,-0.019632743299007417,0.024980370700359345,0.04461311399936676,0.010755795550311132,0.0
side,2026_08_18_00_53_52_283658_L3_right_C2,5,10,-0.02262219488620758,-0.009247238934040069,0.01337495595216751,0.0032648263314043417,1.0
side,2026_08_18_00_53_52_283658_L3_right_C2,6,10,-0.04641327708959579,-0.028215305507183076,0.01819797158241272,0.003327888534076123,1.0
side,2026_08_18_00_53_52_283658_L3_right_C2,7,10,-0.014508965611457824,-0.008831249177455902,0.005677716434001922,0.0035753484458637885,1.0
side,2026_08_18_00_53_52_283658_L3_right_C2,8,10,-0.024569010734558104,0.0006168186664581299,0.025185829401016234,0.00302892676800967,0.4
side,2026_08_18_00_53_52_283658_L3_right_C2,9,10,0.005943302810192108,-0.006771762669086456,-0.012715065479278564,0.0026174030939058674,0.0
side,2026_08_18_00_54_32_747715_L3_left_C0,0,10,-0.08273056745529175,-0.007962831854820251,0.0747677356004715,0.02253829194904385,1.0
side,2026_08_18_00_54_32_747715_L3_left_C0,1,10,-0.08674988150596619,-0.019668221473693848,0.06708166003227234,0.009053996269551294,1.0
side,2026_08_18_00_54_32_747715_L3_left_C0,2,10,-0.07475516349077224,-0.05501075685024261,0.019744406640529632,0.012147624147854233,1.0
side,2026_08_18_00_54_32_747715_L3_left_C0,3,10,-0.06162497699260712,-0.0479091539978981,0.013715822994709016,0.0070587183078288035,1.0
side,2026_08_18_00_54_32_747715_L3_left_C0,4,10,-0.047953343391418456,-0.01641888916492462,0.031534454226493834,0.0065257258454076185,1.0
side,2026_08_18_00_54_32_747715_L3_left_C0,5,10,-0.02372712194919586,-0.015401826798915863,0.008325295150279998,0.0034394616164871114,1.0
side,2026_08_18_00_54_32_747715_L3_left_C0,6,10,-0.0023025192320346834,-0.004065069556236267,-0.0017625503242015839,0.0011080319740641852,1.0
side,2026_08_18_00_54_32_747715_L3_left_C0,7,10,-0.004511331021785736,-0.010854394733905792,-0.006343063712120056,0.0034647160286676052,1.0
side,2026_08_18_00_55_01_843645_L3_left_C1,0,10,-0.04621890485286713,-0.010924112796783448,0.03529479205608368,0.023600774403361408,0.8
side,2026_08_18_00_55_01_843645_L3_left_C1,1,10,-0.06266937106847763,-0.04609130024909973,0.0165780708193779,0.024328075441737772,1.0
side,2026_08_18_00_55_01_843645_L3_left_C1,2,10,-0.03409717530012131,-0.03825278431177139,-0.004155609011650086,0.016494350627098465,0.9
side,2026_08_18_00_55_01_843645_L3_left_C1,3,10,-0.004553146660327911,-0.01413165032863617,-0.009578503668308258,0.005441858843548342,0.7
side,2026_08_18_00_55_01_843645_L3_left_C1,4,10,0.006075337529182434,-0.010441075265407562,-0.016516412794589996,0.0025568987673830882,0.2
side,2026_08_18_00_55_01_843645_L3_left_C1,5,10,-0.005107499659061432,-0.023557087779045104,-0.01844958811998367,0.009282515274579585,1.0
side,2026_08_18_00_55_01_843645_L3_left_C1,6,10,0.011413593590259553,-0.019407819211483,-0.030821412801742554,0.0025188352886821885,0.1
side,2026_08_18_00_55_01_843645_L3_left_C1,7,10,0.012343309819698334,0.017220278084278107,0.004876968264579773,0.0010107629394453287,1.0
side,2026_08_18_00_55_01_843645_L3_left_C1,8,10,-0.002760319411754608,0.0013022497296333313,0.00406256914138794,0.001439293994439376,0.1
side,2026_08_18_00_55_32_860317_L3_left_C2,0,10,-0.037850259244441985,-0.01465093195438385,0.023199327290058136,0.033891299842543424,0.9
side,2026_08_18_00_55_32_860317_L3_left_C2,1,10,-0.06655358970165252,-0.05616593062877655,0.010387659072875977,0.018992540135337927,1.0
side,2026_08_18_00_55_32_860317_L3_left_C2,2,10,-0.045687082409858706,-0.019341234862804414,0.02634584754705429,0.01011792270595292,1.0
side,2026_08_18_00_55_32_860317_L3_left_C2,3,10,-0.016147235035896303,-0.011639022827148437,0.004508212208747864,0.004340666186341038,1.0
side,2026_08_18_00_55_32_860317_L3_left_C2,4,10,0.034185458719730374,0.0029584214091300963,-0.03122703731060028,0.017871092141869608,0.7
side,2026_08_18_00_55_32_860317_L3_left_C2,5,10,0.01633506268262863,0.0013270273804664612,-0.01500803530216217,0.005427220219581241,0.9
side,2026_08_18_00_55_32_860317_L3_left_C2,6,10,0.007891303300857544,0.0031525641679763794,-0.004738739132881165,0.00229347738330517,0.9
side,2026_08_18_00_55_32_860317_L3_left_C2,7,10,0.0005411177873611451,-0.002872098982334137,-0.003413216769695282,0.0014863289168698178,0.7
side,2026_08_18_00_55_32_860317_L3_left_C2,8,10,-0.007279449701309204,-0.009682640433311462,-0.002403190732002258,0.0020917440970935524,1.0
side,2026_08_18_00_55_32_860317_L3_left_C2,9,10,-0.0011482805013656617,0.00012034475803375244,0.001268625259399414,0.0010150488623586371,0.8
side,2026_08_18_00_55_32_860317_L3_left_C2,10,10,-0.003572992980480194,-0.007886886596679688,-0.004313893616199493,0.0008582424942790247,1.0
side,2026_08_18_00_56_19_492037_L3_right_C0,0,10,-0.000696304440498352,-0.011094489693641662,-0.010398185253143311,0.01893206446343386,0.5
side,2026_08_18_00_56_19_492037_L3_right_C0,1,10,-0.04278904348611832,-0.033508609235286715,0.009280434250831604,0.021363306646462254,0.8
side,2026_08_18_00_56_19_492037_L3_right_C0,2,10,-0.0058401435613632206,-0.021438294649124147,-0.015598151087760925,0.0167981688102122,0.6
side,2026_08_18_00_56_19_492037_L3_right_C0,3,10,0.00912841409444809,0.04847483932971954,0.03934642523527145,0.006873548380160404,0.8
side,2026_08_18_00_56_19_492037_L3_right_C0,4,10,-0.007941769063472747,0.005471445620059967,0.013413214683532714,0.008799784424141206,0.2
side,2026_08_18_00_56_19_492037_L3_right_C0,5,10,0.009981459379196167,-0.0035364046692848206,-0.013517864048480988,0.0045850406046298925,0.5
side,2026_08_18_00_56_19_492037_L3_right_C0,6,10,-0.001661701500415802,-0.00020584613084793091,0.0014558553695678711,0.0008783230547968365,0.7
side,2026_08_18_00_56_19_492037_L3_right_C0,7,10,0.0011609308421611786,-0.006187078356742859,-0.007348009198904037,0.0033365592267239775,0.4
side,2026_08_18_00_56_48_148319_L3_right_C1,0,10,0.02074093520641327,-0.013248693943023682,-0.03398962914943695,0.0265350852315544,0.3
side,2026_08_18_00_56_48_148319_L3_right_C1,1,10,-0.018290242552757262,-0.002081957459449768,0.016208285093307497,0.01493024605265769,0.7
side,2026_08_18_00_56_48_148319_L3_right_C1,2,10,-0.020172196626663207,0.020491103827953338,0.040663300454616545,0.020803650852365952,0.1
side,2026_08_18_00_56_48_148319_L3_right_C1,3,10,-0.0606193482875824,0.031016890704631806,0.09163623899221421,0.01519130208410561,0.0
side,2026_08_18_00_56_48_148319_L3_right_C1,4,10,-0.01640580892562866,0.005327589809894562,0.021733398735523223,0.007983384218589852,0.1
side,2026_08_18_00_56_48_148319_L3_right_C1,5,10,-0.02353387773036957,-0.00754903182387352,0.01598484590649605,0.0030660529999542905,1.0
side,2026_08_18_00_56_48_148319_L3_right_C1,6,10,-0.017940577864646912,-0.004646474123001098,0.013294103741645812,0.0029438883988490232,1.0
side,2026_08_18_00_56_48_148319_L3_right_C1,7,10,-0.013084463030099868,-0.0046911977231502535,0.008393265306949615,0.002048988378513722,1.0
side,2026_08_18_00_56_48_148319_L3_right_C1,8,10,0.0010741621255874634,-0.010898275673389435,-0.011972437798976897,0.0022967525177631756,0.0
side,2026_08_18_00_57_15_980084_L3_right_C2,0,10,-0.060471728444099426,-0.03215703666210175,0.02831469178199768,0.018474107734016674,1.0
side,2026_08_18_00_57_15_980084_L3_right_C2,1,10,-0.0012019366025924683,0.025393325090408325,0.026595261693000794,0.0290227981398728,0.4
side,2026_08_18_00_57_15_980084_L3_right_C2,2,10,-0.01907754987478256,0.013151061534881592,0.032228611409664154,0.010867179920576387,0.0
side,2026_08_18_00_57_15_980084_L3_right_C2,3,10,-0.02706493139266968,0.014650073647499085,0.041715005040168764,0.00994111368304933,0.0
side,2026_08_18_00_57_15_980084_L3_right_C2,4,10,-0.024340046942234038,0.021263083815574645,0.04560313075780868,0.006326408437915317,0.0
side,2026_08_18_00_57_15_980084_L3_right_C2,5,10,-0.014737017452716827,-0.004588209092617035,0.010148808360099792,0.0023649565695741098,1.0
side,2026_08_18_00_57_15_980084_L3_right_C2,6,10,-0.02399563044309616,-0.007090041041374206,0.016905589401721953,0.00411413941954841,1.0
side,2026_08_18_00_57_15_980084_L3_right_C2,7,10,-0.014288689196109771,0.010044603049755097,0.02433329224586487,0.004103774132451876,0.0
side,2026_08_18_00_57_15_980084_L3_right_C2,8,10,-0.015390297770500183,-0.0007106706500053406,0.014679627120494842,0.004466806508209148,0.5
side,2026_08_18_00_57_15_980084_L3_right_C2,9,10,-0.0060986757278442385,-0.008050937950611115,-0.0019522622227668763,0.0013370864906362611,1.0
side,2026_08_18_00_57_54_988496_L3_left_C0,0,10,-0.12504599690437318,-0.02753044068813324,0.09751555621623993,0.018341854676594743,1.0
side,2026_08_18_00_57_54_988496_L3_left_C0,1,10,-0.10414910688996315,-0.04171453863382339,0.06243456825613976,0.008894781795279784,1.0
side,2026_08_18_00_57_54_988496_L3_left_C0,2,10,-0.05797531083226204,-0.03897179514169693,0.01900351569056511,0.01354970346806823,1.0
side,2026_08_18_00_57_54_988496_L3_left_C0,3,10,-0.08419263660907746,-0.04715822786092758,0.03703440874814987,0.011359148119761483,1.0
side,2026_08_18_00_57_54_988496_L3_left_C0,4,10,-0.03805684447288513,-0.015436027944087983,0.02262081652879715,0.0027440593643318473,1.0
side,2026_08_18_00_57_54_988496_L3_left_C0,5,10,-0.010274781286716462,-0.009110353887081146,0.0011644273996353149,0.0033462503810759016,1.0
side,2026_08_18_00_57_54_988496_L3_left_C0,6,10,-0.0022082000970840452,0.0066724404692649845,0.008880640566349029,0.0033193478193980185,0.0
side,2026_08_18_00_57_54_988496_L3_left_C0,7,10,-0.004184345155954361,-0.01016581729054451,-0.005981472134590149,0.002894107830173229,0.8
side,2026_08_18_00_58_22_709133_L3_left_C1,0,10,-0.06569421291351318,-0.020300540328025817,0.04539367258548736,0.02386795525452544,0.9
side,2026_08_18_00_58_22_709133_L3_left_C1,1,10,-0.08961862623691559,-0.08414045572280884,0.00547817051410675,0.008624254156067148,1.0
side,2026_08_18_00_58_22_709133_L3_left_C1,2,10,-0.04164651185274124,-0.04576104134321213,-0.004114529490470887,0.021378956832207592,1.0
side,2026_08_18_00_58_22_709133_L3_left_C1,3,10,0.0005044952034950256,0.012759992480278015,0.01225549727678299,0.012183425667549425,0.7
side,2026_08_18_00_58_22_709133_L3_left_C1,4,10,0.012426696717739105,-0.005144192278385163,-0.017570888996124266,0.0067519503814330315,0.2
side,2026_08_18_00_58_22_709133_L3_left_C1,5,10,0.0001896202564239502,-0.0022760361433029177,-0.0024656563997268676,0.0028381365634309744,0.5
side,2026_08_18_00_58_22_709133_L3_left_C1,6,10,0.02217831090092659,0.018517965078353883,-0.003660345822572708,0.003681727634238861,1.0
side,2026_08_18_00_58_22_709133_L3_left_C1,7,10,0.015311211347579956,0.011944828927516938,-0.003366382420063019,0.004077109787375316,1.0
side,2026_08_18_00_58_22_709133_L3_left_C1,8,10,-0.0016811341047286987,0.0028376221656799317,0.00451875627040863,0.0023469400878847113,0.3
side,2026_08_18_00_59_48_029579_L3_left_C2,0,10,-0.034665089845657346,-0.03695669770240784,-0.0022916078567504885,0.012471139037502152,1.0
side,2026_08_18_00_59_48_029579_L3_left_C2,1,10,-0.08591552525758743,-0.09068048596382142,-0.004764960706233978,0.007126019342895105,1.0
side,2026_08_18_00_59_48_029579_L3_left_C2,2,10,-0.06955704540014267,-0.030124950408935546,0.039432094991207124,0.00901969184986386,1.0
side,2026_08_18_00_59_48_029579_L3_left_C2,3,10,-0.020724233984947205,0.01028137356042862,0.031005607545375825,0.0107179408537593,0.0
side,2026_08_18_00_59_48_029579_L3_left_C2,4,10,0.05081653594970703,0.004128073155879974,-0.04668846279382706,0.028964409287202106,0.8
side,2026_08_18_00_59_48_029579_L3_left_C2,5,10,0.014537332952022553,0.002715003490447998,-0.011822329461574554,0.003338857649232464,1.0
side,2026_08_18_00_59_48_029579_L3_left_C2,6,10,0.006266395747661591,-0.0011397033929824829,-0.007406099140644074,0.004201229409551694,0.4
side,2026_08_18_00_59_48_029579_L3_left_C2,7,10,-0.009017780423164368,-0.010872842371463775,-0.001855061948299408,0.0011325734737249113,1.0
side,2026_08_18_00_59_48_029579_L3_left_C2,8,10,-0.0004479601979255676,0.008256728947162627,0.008704689145088196,0.0019717369900789186,0.5
side,2026_08_18_00_59_48_029579_L3_left_C2,9,10,-0.0014657080173492432,0.0026387885212898255,0.004104496538639068,0.000896304744499376,0.0
