episode_id,layout_id,trajectory_condition,target_color,target_side_base,blue_block_side_base,red_block_side_base,prompt_family,decision,target_label,original_score,flipped_score,score_delta_flip_minus_original,original_prediction,flipped_prediction,prediction_changed,original_correct,flipped_correct,accuracy_change,original_seed_correct_rate,flipped_seed_correct_rate,seed_accuracy_change
2026_08_18_00_40_18_199635_L1_left_C0,L1,C0,blue,left,left,right,color,10pct,blue,0.011892627701163293,0.029445362798869612,0.01755273509770632,red,red,0,0,0,0,0.0,0.0,0.0
2026_08_18_00_40_18_199635_L1_left_C0,L1,C0,blue,left,left,right,color,20pct,blue,0.025394118130207068,0.05818251378834248,0.03278839565813541,red,red,0,0,0,0,0.0,0.0,0.0
2026_08_18_00_40_18_199635_L1_left_C0,L1,C0,blue,left,left,right,color,30pct,blue,0.03965898975729942,0.08342224527150392,0.0437632555142045,red,red,0,0,0,0,0.0,0.0,0.0
2026_08_18_00_40_18_199635_L1_left_C0,L1,C0,blue,left,left,right,color,40pct,blue,0.05323302149772645,0.09903030321002007,0.04579728171229362,red,red,0,0,0,0,0.0,0.0,0.0
2026_08_18_00_40_18_199635_L1_left_C0,L1,C0,blue,left,left,right,color,100pct,blue,-0.004669418931007384,-0.06142950356006622,-0.056760084629058835,blue,blue,0,1,1,0,0.5,1.0,0.5
2026_08_18_00_40_18_199635_L1_left_C0,L1,C0,blue,left,left,right,color,flat,blue,-0.000583677366375923,-0.007678687945008277,-0.007095010578632354,blue,blue,0,1,1,0,0.5,1.0,0.5
2026_08_18_00_40_18_199635_L1_left_C0,L1,C0,blue,left,left,right,color,linear,blue,0.008037190139293672,0.005577897156278294,-0.0024592929830153775,red,red,0,0,0,0,0.1,0.1,0.0
2026_08_18_00_40_18_199635_L1_left_C0,L1,C0,blue,left,left,right,color,exponential,blue,0.011486562420213738,0.01577596146165613,0.004289399041442394,red,red,0,0,0,0,0.0,0.0,0.0
2026_08_18_00_40_47_448240_L1_left_C1,L1,C1,blue,left,left,right,color,10pct,blue,0.03729439973831177,-0.009574582576751709,-0.04686898231506348,red,blue,1,0,1,1,0.0,0.8,0.8
2026_08_18_00_40_47_448240_L1_left_C1,L1,C1,blue,left,left,right,color,20pct,blue,0.06734633535146714,0.020232617259025584,-0.04711371809244155,red,red,0,0,0,0,0.0,0.2,0.2
2026_08_18_00_40_47_448240_L1_left_C1,L1,C1,blue,left,left,right,color,30pct,blue,0.0970289060473442,0.06400245308876037,-0.03302645295858382,red,red,0,0,0,0,0.0,0.0,0.0
2026_08_18_00_40_47_448240_L1_left_C1,L1,C1,blue,left,left,right,color,40pct,blue,0.12662476181983948,0.09923820734024048,-0.027386554479598993,red,red,0,0,0,0,0.0,0.0,0.0
2026_08_18_00_40_47_448240_L1_left_C1,L1,C1,blue,left,left,right,color,100pct,blue,0.07086809575557709,0.048558303713798504,-0.02230979204177859,red,red,0,0,0,0,0.0,0.2,0.2
2026_08_18_00_40_47_448240_L1_left_C1,L1,C1,blue,left,left,right,color,flat,blue,0.008858511969447137,0.006069787964224813,-0.0027887240052223237,red,red,0,0,0,0,0.0,0.2,0.2
2026_08_18_00_40_47_448240_L1_left_C1,L1,C1,blue,left,left,right,color,linear,blue,0.0244566425267193,0.017193097828163043,-0.007263544698556258,red,red,0,0,0,0,0.0,0.0,0.0
2026_08_18_00_40_47_448240_L1_left_C1,L1,C1,blue,left,left,right,color,exponential,blue,0.03029513233878368,0.016950189337708994,-0.013344943001074687,red,red,0,0,0,0,0.0,0.0,0.0
2026_08_18_00_41_27_880068_L1_left_C2,L1,C2,blue,left,left,right,color,10pct,blue,0.015230911374092103,-0.012531914301216602,-0.027762825675308703,red,blue,1,0,1,1,0.0,0.8,0.8
2026_08_18_00_41_27_880068_L1_left_C2,L1,C2,blue,left,left,right,color,20pct,blue,0.052684404700994496,0.0093422643840313,-0.04334214031696319,red,red,0,0,0,0,0.0,0.2,0.2
2026_08_18_00_41_27_880068_L1_left_C2,L1,C2,blue,left,left,right,color,30pct,blue,0.08211866229772567,0.06951678443700074,-0.012601877860724933,red,red,0,0,0,0,0.0,0.0,0.0
2026_08_18_00_41_27_880068_L1_left_C2,L1,C2,blue,left,left,right,color,40pct,blue,0.09981893241405489,0.10782392427325249,0.008004991859197605,red,red,0,0,0,0,0.0,0.0,0.0
2026_08_18_00_41_27_880068_L1_left_C2,L1,C2,blue,left,left,right,color,100pct,blue,-0.10901921242475508,0.02882699668407441,0.1378462091088295,blue,red,1,1,0,-1,1.0,0.4,-0.6
2026_08_18_00_41_27_880068_L1_left_C2,L1,C2,blue,left,left,right,color,flat,blue,-0.010901921242475509,0.002882699668407441,0.01378462091088295,blue,red,1,1,0,-1,1.0,0.4,-0.6
2026_08_18_00_41_27_880068_L1_left_C2,L1,C2,blue,left,left,right,color,linear,blue,0.0040565016594800085,0.010455278889699417,0.006398777230219408,red,red,0,0,0,0,0.1,0.0,-0.1
2026_08_18_00_41_27_880068_L1_left_C2,L1,C2,blue,left,left,right,color,exponential,blue,0.010664892693765445,0.01133132287975628,0.0006664301859908347,red,red,0,0,0,0,0.0,0.0,0.0
2026_08_18_00_45_28_073578_L1_right_C0,L1,C0,red,right,left,right,color,10pct,red,0.006276807524263859,0.0229085922986269,0.016631784774363043,red,red,0,1,1,0,0.8,1.0,0.19999999999999996
2026_08_18_00_45_28_073578_L1_right_C0,L1,C0,red,right,left,right,color,20pct,red,0.00874323472380638,0.06415133848786354,0.055408103764057165,red,red,0,1,1,0,0.8,1.0,0.19999999999999996
2026_08_18_00_45_28_073578_L1_right_C0,L1,C0,red,right,left,right,color,30pct,red,0.004934980422258378,0.10793445251882075,0.10299947209656238,red,red,0,1,1,0,0.7,1.0,0.30000000000000004
2026_08_18_00_45_28_073578_L1_right_C0,L1,C0,red,right,left,right,color,40pct,red,-0.011275351941585547,0.12448836356401444,0.13576371550559999,blue,red,1,0,1,1,0.2,1.0,0.8
2026_08_18_00_45_28_073578_L1_right_C0,L1,C0,red,right,left,right,color,100pct,red,0.07714910954236984,0.260083881765604,0.18293477222323415,red,red,0,1,1,0,1.0,1.0,0.0
2026_08_18_00_45_28_073578_L1_right_C0,L1,C0,red,right,left,right,color,flat,red,0.00964363869279623,0.0325104852207005,0.02286684652790427,red,red,0,1,1,0,1.0,1.0,0.0
2026_08_18_00_45_28_073578_L1_right_C0,L1,C0,red,right,left,right,color,linear,red,-9.202369385295417e-05,0.032100517426927884,0.032192541120780835,blue,red,1,0,1,1,0.5,1.0,0.5
2026_08_18_00_45_28_073578_L1_right_C0,L1,C0,red,right,left,right,color,exponential,red,0.00012787788769808074,0.03507422437700702,0.03494634648930894,red,red,0,1,1,0,0.5,1.0,0.5
2026_08_18_00_45_56_961481_L1_right_C1,L1,C1,red,right,left,right,color,10pct,red,0.01584737777709961,-0.038081895112991336,-0.053929272890090946,red,blue,1,1,0,-1,0.8,0.0,-0.8
2026_08_18_00_45_56_961481_L1_right_C1,L1,C1,red,right,left,right,color,20pct,red,0.03487093448638916,-0.04070768982172012,-0.07557862430810927,red,blue,1,1,0,-1,1.0,0.0,-1.0
2026_08_18_00_45_56_961481_L1_right_C1,L1,C1,red,right,left,right,color,30pct,red,0.039887041449546815,-0.042908684313297266,-0.08279572576284408,red,blue,1,1,0,-1,1.0,0.0,-1.0
2026_08_18_00_45_56_961481_L1_right_C1,L1,C1,red,right,left,right,color,40pct,red,0.032308453023433686,-0.04864877223968505,-0.08095722526311874,red,blue,1,1,0,-1,1.0,0.0,-1.0
2026_08_18_00_45_56_961481_L1_right_C1,L1,C1,red,right,left,right,color,100pct,red,0.24649782627820968,0.17810697108507156,-0.06839085519313812,red,red,0,1,1,0,1.0,1.0,0.0
2026_08_18_00_45_56_961481_L1_right_C1,L1,C1,red,right,left,right,color,flat,red,0.03081222828477621,0.022263371385633945,-0.008548856899142265,red,red,0,1,1,0,1.0,1.0,0.0
2026_08_18_00_45_56_961481_L1_right_C1,L1,C1,red,right,left,right,color,linear,red,0.019469315641456177,0.008183847119410835,-0.011285468522045343,red,red,0,1,1,0,1.0,0.8,-0.19999999999999996
2026_08_18_00_45_56_961481_L1_right_C1,L1,C1,red,right,left,right,color,exponential,red,0.018119000094432437,-0.003061582013110614,-0.02118058210754305,red,blue,1,1,0,-1,1.0,0.5,-0.5
2026_08_18_00_46_25_193744_L1_right_C2,L1,C2,red,right,left,right,color,10pct,red,0.03322617396712303,-0.014344005212187767,-0.0475701791793108,red,blue,1,1,0,-1,0.8,0.2,-0.6000000000000001
2026_08_18_00_46_25_193744_L1_right_C2,L1,C2,red,right,left,right,color,20pct,red,0.045795835852622986,-0.0047468152642250044,-0.05054265111684799,red,blue,1,1,0,-1,1.0,0.4,-0.6
2026_08_18_00_46_25_193744_L1_right_C2,L1,C2,red,right,left,right,color,30pct,red,0.034997297637164596,-0.023758106566965573,-0.05875540420413017,red,blue,1,1,0,-1,0.8,0.3,-0.5
2026_08_18_00_46_25_193744_L1_right_C2,L1,C2,red,right,left,right,color,40pct,red,0.025252576470375057,-0.032412376999855046,-0.0576649534702301,red,blue,1,1,0,-1,0.8,0.2,-0.6000000000000001
2026_08_18_00_46_25_193744_L1_right_C2,L1,C2,red,right,left,right,color,100pct,red,0.12298564165830612,0.060053677856922144,-0.06293196380138398,red,red,0,1,1,0,1.0,1.0,0.0
2026_08_18_00_46_25_193744_L1_right_C2,L1,C2,red,right,left,right,color,flat,red,0.012298564165830613,0.006005367785692215,-0.006293196380138398,red,red,0,1,1,0,1.0,1.0,0.0
2026_08_18_00_46_25_193744_L1_right_C2,L1,C2,red,right,left,right,color,linear,red,0.008027918989008124,-0.0009269588914784529,-0.008954877880486576,red,blue,1,1,0,-1,0.9,0.3,-0.6000000000000001
2026_08_18_00_46_25_193744_L1_right_C2,L1,C2,red,right,left,right,color,exponential,red,0.010770818837059914,-0.00315569198863967,-0.013926510825699585,red,blue,1,1,0,-1,0.9,0.3,-0.6000000000000001
2026_08_18_00_48_13_457980_L1_left_C0,L1,C0,red,left,right,left,color,10pct,red,-0.0024435301125049595,0.03634883113205433,0.03879236124455929,blue,red,1,0,1,1,0.6,0.9,0.30000000000000004
2026_08_18_00_48_13_457980_L1_left_C0,L1,C0,red,left,right,left,color,20pct,red,0.01874994494020939,0.030263018161058423,0.011513073220849032,red,red,0,1,1,0,0.8,0.8,0.0
2026_08_18_00_48_13_457980_L1_left_C0,L1,C0,red,left,right,left,color,30pct,red,0.04561840273439884,-0.00048484265804290584,-0.04610324539244175,red,blue,1,1,0,-1,0.8,0.5,-0.30000000000000004
2026_08_18_00_48_13_457980_L1_left_C0,L1,C0,red,left,right,left,color,40pct,red,0.04492446303367615,-0.027240537405014045,-0.0721650004386902,red,blue,1,1,0,-1,0.8,0.3,-0.5
2026_08_18_00_48_13_457980_L1_left_C0,L1,C0,red,left,right,left,color,100pct,red,0.17632185816764834,0.18887799009680747,0.012556131929159137,red,red,0,1,1,0,1.0,1.0,0.0
2026_08_18_00_48_13_457980_L1_left_C0,L1,C0,red,left,right,left,color,flat,red,0.022040232270956042,0.023609748762100934,0.001569516491144892,red,red,0,1,1,0,1.0,1.0,0.0
2026_08_18_00_48_13_457980_L1_left_C0,L1,C0,red,left,right,left,color,linear,red,0.02100457756055726,0.017989908220867316,-0.003014669339689944,red,red,0,1,1,0,1.0,1.0,0.0
2026_08_18_00_48_13_457980_L1_left_C0,L1,C0,red,left,right,left,color,exponential,red,0.018289948717099262,0.015543078238543173,-0.002746870478556089,red,red,0,1,1,0,1.0,0.9,-0.09999999999999998
2026_08_18_00_49_05_482404_L1_left_C1,L1,C1,red,left,right,left,color,10pct,red,-0.01182523250579834,0.03798558473587036,0.0498108172416687,blue,red,1,0,1,1,0.2,1.0,0.8
2026_08_18_00_49_05_482404_L1_left_C1,L1,C1,red,left,right,left,color,20pct,red,-0.012081981301307679,0.004318290948867785,0.016400272250175464,blue,red,1,0,1,1,0.3,0.5,0.2
2026_08_18_00_49_05_482404_L1_left_C1,L1,C1,red,left,right,left,color,30pct,red,-0.03736474990844726,-0.032856470346450804,0.004508279561996453,blue,blue,0,0,0,0,0.1,0.1,0.0
2026_08_18_00_49_05_482404_L1_left_C1,L1,C1,red,left,right,left,color,40pct,red,-0.08858670890331269,-0.042245931327342987,0.0463407775759697,blue,blue,0,0,0,0,0.0,0.1,0.1
2026_08_18_00_49_05_482404_L1_left_C1,L1,C1,red,left,right,left,color,100pct,red,-0.14714392125606537,-0.07508805692195893,0.07205586433410645,blue,blue,0,0,0,0,0.0,0.1,0.1
2026_08_18_00_49_05_482404_L1_left_C1,L1,C1,red,left,right,left,color,flat,red,-0.018392990157008172,-0.009386007115244866,0.009006983041763306,blue,blue,0,0,0,0,0.0,0.1,0.1
2026_08_18_00_49_05_482404_L1_left_C1,L1,C1,red,left,right,left,color,linear,red,-0.025560482881135414,-0.010353846351305644,0.01520663652982977,blue,blue,0,0,0,0,0.0,0.0,0.0
2026_08_18_00_49_05_482404_L1_left_C1,L1,C1,red,left,right,left,color,exponential,red,-0.022818914332244193,-0.005495280223195078,0.017323634109049114,blue,blue,0,0,0,0,0.1,0.3,0.19999999999999998
2026_08_18_00_49_36_378126_L1_left_C2,L1,C2,red,left,right,left,color,10pct,red,0.0002299795299768448,0.06543150376528502,0.06520152423530817,red,red,0,1,1,0,0.5,1.0,0.5
2026_08_18_00_49_36_378126_L1_left_C2,L1,C2,red,left,right,left,color,20pct,red,-0.022079293504357344,0.05101149171590805,0.0730907852202654,blue,red,1,0,1,1,0.2,1.0,0.8
2026_08_18_00_49_36_378126_L1_left_C2,L1,C2,red,left,right,left,color,30pct,red,-0.05002286504954099,0.026041817180812363,0.07606468223035336,blue,red,1,0,1,1,0.0,0.9,0.9
2026_08_18_00_49_36_378126_L1_left_C2,L1,C2,red,left,right,left,color,40pct,red,-0.03819287925958633,0.013310454487800593,0.05150333374738692,blue,red,1,0,1,1,0.1,0.5,0.4
2026_08_18_00_49_36_378126_L1_left_C2,L1,C2,red,left,right,left,color,100pct,red,0.039262416958808895,-0.007293438911437994,-0.04655585587024689,red,blue,1,1,0,-1,0.9,0.5,-0.4
2026_08_18_00_49_36_378126_L1_left_C2,L1,C2,red,left,right,left,color,flat,red,0.00392624169588089,-0.0007293438911437994,-0.0046555855870246896,red,blue,1,1,0,-1,0.9,0.5,-0.4
2026_08_18_00_49_36_378126_L1_left_C2,L1,C2,red,left,right,left,color,linear,red,-0.003238180713220076,-7.926499301737158e-05,0.0031589157202027043,blue,blue,0,0,0,0,0.1,0.5,0.4
2026_08_18_00_49_36_378126_L1_left_C2,L1,C2,red,left,right,left,color,exponential,red,-0.0051890025933946414,0.0069940836922746715,0.012183086285669314,blue,red,1,0,1,1,0.1,0.8,0.7000000000000001
2026_08_18_00_50_22_202653_L1_right_C0,L1,C0,blue,right,right,left,color,10pct,blue,-0.026039567142724998,0.061337030008435246,0.08737659715116025,blue,red,1,1,0,-1,1.0,0.0,-1.0
2026_08_18_00_50_22_202653_L1_right_C0,L1,C0,blue,right,right,left,color,20pct,blue,-0.023939331173896787,0.06470208518207073,0.0886414163559675,blue,red,1,1,0,-1,1.0,0.0,-1.0
2026_08_18_00_50_22_202653_L1_right_C0,L1,C0,blue,right,right,left,color,30pct,blue,0.004044029191136353,0.03916433624923229,0.035120307058095934,red,red,0,0,0,0,0.4,0.2,-0.2
2026_08_18_00_50_22_202653_L1_right_C0,L1,C0,blue,right,right,left,color,40pct,blue,0.05932806342840196,0.03413220226764678,-0.02519586116075518,red,red,0,0,0,0,0.0,0.3,0.3
2026_08_18_00_50_22_202653_L1_right_C0,L1,C0,blue,right,right,left,color,100pct,blue,0.06916215270757675,-0.009504230320453645,-0.07866638302803039,red,blue,1,0,1,1,0.0,0.7,0.7
2026_08_18_00_50_22_202653_L1_right_C0,L1,C0,blue,right,right,left,color,flat,blue,0.008645269088447094,-0.0011880287900567056,-0.009833297878503799,red,blue,1,0,1,1,0.0,0.7,0.7
2026_08_18_00_50_22_202653_L1_right_C0,L1,C0,blue,right,right,left,color,linear,blue,0.01613185790677865,0.008928349283006455,-0.007203508623772196,red,red,0,0,0,0,0.0,0.2,0.2
2026_08_18_00_50_22_202653_L1_right_C0,L1,C0,blue,right,right,left,color,exponential,blue,0.01143101031163835,0.017481499776049975,0.006050489464411625,red,red,0,0,0,0,0.0,0.1,0.1
2026_08_18_00_50_52_802516_L1_right_C1,L1,C1,blue,right,right,left,color,10pct,blue,-0.01445608377456665,0.0519385552406311,0.06639463901519775,blue,red,1,1,0,-1,0.9,0.0,-0.9
2026_08_18_00_50_52_802516_L1_right_C1,L1,C1,blue,right,right,left,color,20pct,blue,0.01207339972257615,0.05536968678236007,0.04329628705978392,red,red,0,0,0,0,0.3,0.0,-0.3
2026_08_18_00_50_52_802516_L1_right_C1,L1,C1,blue,right,right,left,color,30pct,blue,0.04406115382909775,0.05715994924306869,0.013098795413970944,red,red,0,0,0,0,0.0,0.0,0.0
2026_08_18_00_50_52_802516_L1_right_C1,L1,C1,blue,right,right,left,color,40pct,blue,0.06705686300992966,0.0626374927163124,-0.004419370293617261,red,red,0,0,0,0,0.0,0.0,0.0
2026_08_18_00_50_52_802516_L1_right_C1,L1,C1,blue,right,right,left,color,100pct,blue,-0.08459112644195556,-0.0699935108423233,0.014597615599632255,blue,blue,0,1,1,0,1.0,1.0,0.0
2026_08_18_00_50_52_802516_L1_right_C1,L1,C1,blue,right,right,left,color,flat,blue,-0.010573890805244445,-0.008749188855290413,0.0018247019499540319,blue,blue,0,1,1,0,1.0,1.0,0.0
2026_08_18_00_50_52_802516_L1_right_C1,L1,C1,blue,right,right,left,color,linear,blue,0.002462343747417132,0.001325101984871757,-0.0011372417625453751,red,red,0,0,0,0,0.3,0.5,0.2
2026_08_18_00_50_52_802516_L1_right_C1,L1,C1,blue,right,right,left,color,exponential,blue,0.005211435588400089,0.011789462735060846,0.0065780271466607575,red,red,0,0,0,0,0.3,0.0,-0.3
2026_08_18_00_51_25_610649_L1_right_C2,L1,C2,blue,right,right,left,color,10pct,blue,0.04205635987222195,0.034709680974483494,-0.007346678897738455,red,red,0,0,0,0,0.0,0.0,0.0
2026_08_18_00_51_25_610649_L1_right_C2,L1,C2,blue,right,right,left,color,20pct,blue,0.04643656127154827,0.05531043827533723,0.008873877003788957,red,red,0,0,0,0,0.0,0.0,0.0
2026_08_18_00_51_25_610649_L1_right_C2,L1,C2,blue,right,right,left,color,30pct,blue,0.06538650993257761,0.03979221004992724,-0.02559429988265037,red,red,0,0,0,0,0.0,0.0,0.0
2026_08_18_00_51_25_610649_L1_right_C2,L1,C2,blue,right,right,left,color,40pct,blue,0.07614466086030007,0.018609646856784814,-0.05753501400351525,red,red,0,0,0,0,0.0,0.0,0.0
2026_08_18_00_51_25_610649_L1_right_C2,L1,C2,blue,right,right,left,color,100pct,blue,-0.1482104793190956,-0.1292088583111763,0.0190016210079193,blue,blue,0,1,1,0,1.0,1.0,0.0
2026_08_18_00_51_25_610649_L1_right_C2,L1,C2,blue,right,right,left,color,flat,blue,-0.014821047931909559,-0.01292088583111763,0.001900162100791929,blue,blue,0,1,1,0,1.0,1.0,0.0
2026_08_18_00_51_25_610649_L1_right_C2,L1,C2,blue,right,right,left,color,linear,blue,0.0029272541945630838,-0.0032505475391041132,-0.0061778017336671966,red,blue,1,0,1,1,0.3,0.9,0.6000000000000001
2026_08_18_00_51_25_610649_L1_right_C2,L1,C2,blue,right,right,left,color,exponential,blue,0.010706916650694035,0.003712347424217315,-0.00699456922647672,red,red,0,0,0,0,0.0,0.1,0.1
2026_08_18_00_52_54_907596_L3_right_C0,L3,C0,blue,right,right,left,color,10pct,blue,0.04206297190859914,0.03363803864456713,-0.008424933264032007,red,red,0,0,0,0,0.0,0.0,0.0
2026_08_18_00_52_54_907596_L3_right_C0,L3,C0,blue,right,right,left,color,20pct,blue,0.06543015046045184,0.04519930750131607,-0.020230842959135763,red,red,0,0,0,0,0.0,0.0,0.0
2026_08_18_00_52_54_907596_L3_right_C0,L3,C0,blue,right,right,left,color,30pct,blue,0.07956356758251786,0.028643484599888334,-0.050920082982629525,red,red,0,0,0,0,0.0,0.0,0.0
2026_08_18_00_52_54_907596_L3_right_C0,L3,C0,blue,right,right,left,color,40pct,blue,0.09332526154816151,-0.019956126511096958,-0.11328138805925847,red,blue,1,0,1,1,0.0,0.7,0.7
2026_08_18_00_52_54_907596_L3_right_C0,L3,C0,blue,right,right,left,color,100pct,blue,0.08514540046453475,-0.13278302550315854,-0.2179284259676933,red,blue,1,0,1,1,0.0,1.0,1.0
2026_08_18_00_52_54_907596_L3_right_C0,L3,C0,blue,right,right,left,color,flat,blue,0.010643175058066844,-0.016597878187894818,-0.027241053245961662,red,blue,1,0,1,1,0.0,1.0,1.0
2026_08_18_00_52_54_907596_L3_right_C0,L3,C0,blue,right,right,left,color,linear,blue,0.023021808266639708,-0.011604925162262384,-0.034626733428902094,red,blue,1,0,1,1,0.0,0.9,0.9
2026_08_18_00_52_54_907596_L3_right_C0,L3,C0,blue,right,right,left,color,exponential,blue,0.028505365088965104,-0.003349620556538296,-0.0318549856455034,red,blue,1,0,1,1,0.0,0.8,0.8
2026_08_18_00_53_23_339528_L3_right_C1,L3,C1,blue,right,right,left,color,10pct,blue,0.027478794604539877,0.07590313006192445,0.048424335457384574,red,red,0,0,0,0,0.1,0.0,-0.1
2026_08_18_00_53_23_339528_L3_right_C1,L3,C1,blue,right,right,left,color,20pct,blue,0.05386888906359673,0.07801376923918724,0.024144880175590508,red,red,0,0,0,0,0.0,0.0,0.0
2026_08_18_00_53_23_339528_L3_right_C1,L3,C1,blue,right,right,left,color,30pct,blue,0.07023256542161108,0.03975347973406316,-0.030479085687547917,red,red,0,0,0,0,0.0,0.0,0.0
2026_08_18_00_53_23_339528_L3_right_C1,L3,C1,blue,right,right,left,color,40pct,blue,0.07094319015741349,-0.005070530921220779,-0.07601372107863427,red,blue,1,0,1,1,0.0,0.8,0.8
2026_08_18_00_53_23_339528_L3_right_C1,L3,C1,blue,right,right,left,color,100pct,blue,-0.11151437014341353,-0.17776335403323174,-0.0662489838898182,blue,blue,0,1,1,0,1.0,1.0,0.0
2026_08_18_00_53_23_339528_L3_right_C1,L3,C1,blue,right,right,left,color,flat,blue,-0.012390485571490393,-0.019751483781470194,-0.0073609982099798014,blue,blue,0,1,1,0,1.0,1.0,0.0
2026_08_18_00_53_23_339528_L3_right_C1,L3,C1,blue,right,right,left,color,linear,blue,0.000748792174789639,-0.011189025872283513,-0.011937818047073152,red,blue,1,0,1,1,0.5,1.0,0.5
2026_08_18_00_53_23_339528_L3_right_C1,L3,C1,blue,right,right,left,color,exponential,blue,0.009490255315607718,0.0016920576328446452,-0.007798197682763073,red,red,0,0,0,0,0.1,0.3,0.19999999999999998
2026_08_18_00_53_52_283658_L3_right_C2,L3,C2,blue,right,right,left,color,10pct,blue,0.014290658617392184,0.10873673362657428,0.09444607500918209,red,red,0,0,0,0,0.2,0.0,-0.2
2026_08_18_00_53_52_283658_L3_right_C2,L3,C2,blue,right,right,left,color,20pct,blue,0.05856288831681013,0.12074423899874091,0.062181350681930786,red,red,0,0,0,0,0.0,0.0,0.0
2026_08_18_00_53_52_283658_L3_right_C2,L3,C2,blue,right,right,left,color,30pct,blue,0.06981399775482713,0.08620635776780547,0.016392360012978335,red,red,0,0,0,0,0.0,0.0,0.0
2026_08_18_00_53_52_283658_L3_right_C2,L3,C2,blue,right,right,left,color,40pct,blue,0.058504600599408145,0.04044832512736322,-0.018056275472044928,red,red,0,0,0,0,0.0,0.0,0.0
2026_08_18_00_53_52_283658_L3_right_C2,L3,C2,blue,right,right,left,color,100pct,blue,-0.1229839473962784,-0.08953751772642135,0.033446429669857045,blue,blue,0,1,1,0,1.0,1.0,0.0
2026_08_18_00_53_52_283658_L3_right_C2,L3,C2,blue,right,right,left,color,flat,blue,-0.012298394739627839,-0.008953751772642135,0.0033446429669857034,blue,blue,0,1,1,0,1.0,1.0,0.0
2026_08_18_00_53_52_283658_L3_right_C2,L3,C2,blue,right,right,left,color,linear,blue,-0.0008923564444888719,0.002670621519738978,0.00356297796422785,blue,red,1,1,0,-1,0.6,0.0,-0.6
2026_08_18_00_53_52_283658_L3_right_C2,L3,C2,blue,right,right,left,color,exponential,blue,0.005977057112804564,0.0160529441127098,0.010075886999905234,red,red,0,0,0,0,0.2,0.0,-0.2
2026_08_18_00_54_32_747715_L3_left_C0,L3,C0,red,left,right,left,color,10pct,red,-0.0074344977736473085,0.05495724007487297,0.062391737848520284,blue,red,1,0,1,1,0.4,1.0,0.6
2026_08_18_00_54_32_747715_L3_left_C0,L3,C0,red,left,right,left,color,20pct,red,-0.01789424642920494,0.07000641897320746,0.0879006654024124,blue,red,1,0,1,1,0.3,1.0,0.7
2026_08_18_00_54_32_747715_L3_left_C0,L3,C0,red,left,right,left,color,30pct,red,-0.03240941949188709,0.0538819570094347,0.08629137650132179,blue,red,1,0,1,1,0.1,1.0,0.9
2026_08_18_00_54_32_747715_L3_left_C0,L3,C0,red,left,right,left,color,40pct,red,-0.052010190486907956,0.015318274497985833,0.06732846498489378,blue,red,1,0,1,1,0.1,0.8,0.7000000000000001
2026_08_18_00_54_32_747715_L3_left_C0,L3,C0,red,left,right,left,color,100pct,red,0.10937795192003251,0.10777372121810912,-0.0016042307019233926,red,red,0,1,1,0,1.0,1.0,0.0
2026_08_18_00_54_32_747715_L3_left_C0,L3,C0,red,left,right,left,color,flat,red,0.013672243990004064,0.01347171515226364,-0.00020052883774042407,red,red,0,1,1,0,1.0,1.0,0.0
2026_08_18_00_54_32_747715_L3_left_C0,L3,C0,red,left,right,left,color,linear,red,0.0023023390521605823,0.007634518543879191,0.005332179491718608,red,red,0,1,1,0,0.5,1.0,0.5
2026_08_18_00_54_32_747715_L3_left_C0,L3,C0,red,left,right,left,color,exponential,red,-0.003029067917533121,0.014489124600272315,0.017518192517805436,blue,red,1,0,1,1,0.4,1.0,0.6
2026_08_18_00_55_01_843645_L3_left_C1,L3,C1,red,left,right,left,color,10pct,red,0.028061447963118553,0.05124164566397667,0.023180197700858114,red,red,0,1,1,0,1.0,1.0,0.0
2026_08_18_00_55_01_843645_L3_left_C1,L3,C1,red,left,right,left,color,20pct,red,0.01916900135576725,0.038213786110281936,0.019044784754514685,red,red,0,1,1,0,0.8,1.0,0.19999999999999996
2026_08_18_00_55_01_843645_L3_left_C1,L3,C1,red,left,right,left,color,30pct,red,-0.004973468631505957,0.04655056655406951,0.05152403518557547,blue,red,1,0,1,1,0.5,1.0,0.5
2026_08_18_00_55_01_843645_L3_left_C1,L3,C1,red,left,right,left,color,40pct,red,-0.037582174390554425,0.084411338865757,0.12199351325631141,blue,red,1,0,1,1,0.1,1.0,0.9
2026_08_18_00_55_01_843645_L3_left_C1,L3,C1,red,left,right,left,color,100pct,red,0.026322444528341295,0.13180315047502517,0.10548070594668388,red,red,0,1,1,0,0.6,1.0,0.4
2026_08_18_00_55_01_843645_L3_left_C1,L3,C1,red,left,right,left,color,flat,red,0.0029247160587045884,0.014644794497225019,0.01172007843852043,red,red,0,1,1,0,0.6,1.0,0.4
2026_08_18_00_55_01_843645_L3_left_C1,L3,C1,red,left,right,left,color,linear,red,-0.007878558552927439,0.015335124267472165,0.023213682820399602,blue,red,1,0,1,1,0.2,1.0,0.8
2026_08_18_00_55_01_843645_L3_left_C1,L3,C1,red,left,right,left,color,exponential,red,-0.0045590938429056335,0.020867094538303908,0.025426188381209542,blue,red,1,0,1,1,0.3,1.0,0.7
2026_08_18_00_55_32_860317_L3_left_C2,L3,C2,red,left,right,left,color,10pct,red,0.00544559680856764,0.07134886272251605,0.0659032659139484,red,red,0,1,1,0,0.5,1.0,0.5
2026_08_18_00_55_32_860317_L3_left_C2,L3,C2,red,left,right,left,color,20pct,red,-0.02774739423766732,0.05435049561783672,0.08209788985550404,blue,red,1,0,1,1,0.2,1.0,0.8
2026_08_18_00_55_32_860317_L3_left_C2,L3,C2,red,left,right,left,color,30pct,red,-0.0008486277889460415,0.09998054038733244,0.10082916817627847,blue,red,1,0,1,1,0.4,1.0,0.6
2026_08_18_00_55_32_860317_L3_left_C2,L3,C2,red,left,right,left,color,40pct,red,0.00459367111325262,0.12914073914289476,0.12454706802964213,red,red,0,1,1,0,0.5,1.0,0.5
2026_08_18_00_55_32_860317_L3_left_C2,L3,C2,red,left,right,left,color,100pct,red,0.06047393977642059,0.17704730257391932,0.11657336279749872,red,red,0,1,1,0,1.0,1.0,0.0
2026_08_18_00_55_32_860317_L3_left_C2,L3,C2,red,left,right,left,color,flat,red,0.005497630888765508,0.016095209324901757,0.010597578436136249,red,red,0,1,1,0,1.0,1.0,0.0
2026_08_18_00_55_32_860317_L3_left_C2,L3,C2,red,left,right,left,color,linear,red,-0.0007455831224268137,0.019183898796186306,0.01992948191861312,blue,red,1,0,1,1,0.5,1.0,0.5
2026_08_18_00_55_32_860317_L3_left_C2,L3,C2,red,left,right,left,color,exponential,red,-0.001362082562573189,0.024537102182919972,0.025899184745493162,blue,red,1,0,1,1,0.3,1.0,0.7
2026_08_18_00_56_19_492037_L3_right_C0,L3,C0,red,right,left,right,color,10pct,red,-0.003209838643670082,-0.027011678740382197,-0.023801840096712115,blue,blue,0,0,0,0,0.5,0.0,-0.5
2026_08_18_00_56_19_492037_L3_right_C0,L3,C0,red,right,left,right,color,20pct,red,0.013597232848405843,0.01647957861423493,0.0028823457658290856,red,red,0,1,1,0,0.8,0.7,-0.10000000000000009
2026_08_18_00_56_19_492037_L3_right_C0,L3,C0,red,right,left,right,color,30pct,red,0.04741068370640278,0.11115042306482789,0.06373973935842511,red,red,0,1,1,0,0.9,1.0,0.09999999999999998
2026_08_18_00_56_19_492037_L3_right_C0,L3,C0,red,right,left,right,color,40pct,red,0.09521998316049576,0.23767750561237333,0.14245752245187757,red,red,0,1,1,0,1.0,1.0,0.0
2026_08_18_00_56_19_492037_L3_right_C0,L3,C0,red,right,left,right,color,100pct,red,0.2764968641102314,0.48534384891390797,0.20884698480367658,red,red,0,1,1,0,1.0,1.0,0.0
2026_08_18_00_56_19_492037_L3_right_C0,L3,C0,red,right,left,right,color,flat,red,0.034562108013778924,0.060667981114238496,0.026105873100459573,red,red,0,1,1,0,1.0,1.0,0.0
2026_08_18_00_56_19_492037_L3_right_C0,L3,C0,red,right,left,right,color,linear,red,0.029351020666460195,0.06932704351428481,0.039976022847824616,red,red,0,1,1,0,1.0,1.0,0.0
2026_08_18_00_56_19_492037_L3_right_C0,L3,C0,red,right,left,right,color,exponential,red,0.02563136441874991,0.05935309426568793,0.033721729846938026,red,red,0,1,1,0,1.0,1.0,0.0
2026_08_18_00_56_48_148319_L3_right_C1,L3,C1,red,right,left,right,color,10pct,red,0.008411174118518829,-0.04841090485453606,-0.056822078973054885,red,blue,1,1,0,-1,0.7,0.0,-0.7
2026_08_18_00_56_48_148319_L3_right_C1,L3,C1,red,right,left,right,color,20pct,red,0.009344962984323501,-0.013722507581114762,-0.023067470565438265,red,blue,1,1,0,-1,0.5,0.3,-0.2
2026_08_18_00_56_48_148319_L3_right_C1,L3,C1,red,right,left,right,color,30pct,red,0.007043352611362934,0.03640722017735243,0.029363867565989493,red,red,0,1,1,0,0.5,0.9,0.4
2026_08_18_00_56_48_148319_L3_right_C1,L3,C1,red,right,left,right,color,40pct,red,0.015109817832708362,0.0951122120022774,0.08000239416956904,red,red,0,1,1,0,0.7,1.0,0.30000000000000004
2026_08_18_00_56_48_148319_L3_right_C1,L3,C1,red,right,left,right,color,100pct,red,0.33072714954614635,0.41596075966954227,0.08523361012339592,red,red,0,1,1,0,1.0,1.0,0.0
2026_08_18_00_56_48_148319_L3_right_C1,L3,C1,red,right,left,right,color,flat,red,0.036747461060682926,0.04621786218550469,0.009470401124821767,red,red,0,1,1,0,1.0,1.0,0.0
2026_08_18_00_56_48_148319_L3_right_C1,L3,C1,red,right,left,right,color,linear,red,0.021661392218536805,0.03791002064943314,0.016248628430896337,red,red,0,1,1,0,1.0,1.0,0.0
2026_08_18_00_56_48_148319_L3_right_C1,L3,C1,red,right,left,right,color,exponential,red,0.016266038912173944,0.027039971250500765,0.010773932338326821,red,red,0,1,1,0,1.0,1.0,0.0
2026_08_18_00_57_15_980084_L3_right_C2,L3,C2,red,right,left,right,color,10pct,red,0.045031651351600886,-0.030921435970813035,-0.07595308732241392,red,blue,1,1,0,-1,1.0,0.0,-1.0
2026_08_18_00_57_15_980084_L3_right_C2,L3,C2,red,right,left,right,color,20pct,red,0.026792921293526888,-0.008345614299178121,-0.03513853559270501,red,blue,1,1,0,-1,0.7,0.5,-0.19999999999999996
2026_08_18_00_57_15_980084_L3_right_C2,L3,C2,red,right,left,right,color,30pct,red,0.03971972550265491,0.007292642090469604,-0.0324270834121853,red,red,0,1,1,0,0.8,0.6,-0.20000000000000007
2026_08_18_00_57_15_980084_L3_right_C2,L3,C2,red,right,left,right,color,40pct,red,0.07498218592256307,0.012097551152110104,-0.06288463477045297,red,red,0,1,1,0,1.0,0.7,-0.30000000000000004
2026_08_18_00_57_15_980084_L3_right_C2,L3,C2,red,right,left,right,color,100pct,red,0.2963335245847702,0.15222287327051165,-0.14411065131425854,red,red,0,1,1,0,1.0,1.0,0.0
2026_08_18_00_57_15_980084_L3_right_C2,L3,C2,red,right,left,right,color,flat,red,0.02963335245847702,0.015222287327051165,-0.014411065131425854,red,red,0,1,1,0,1.0,1.0,0.0
2026_08_18_00_57_15_980084_L3_right_C2,L3,C2,red,right,left,right,color,linear,red,0.02264986544847488,0.007450756538997998,-0.015199108909476882,red,red,0,1,1,0,1.0,0.9,-0.09999999999999998
2026_08_18_00_57_15_980084_L3_right_C2,L3,C2,red,right,left,right,color,exponential,red,0.022285033234044547,0.00377893472107565,-0.018506098512968895,red,red,0,1,1,0,1.0,0.8,-0.19999999999999996
2026_08_18_00_57_54_988496_L3_left_C0,L3,C0,blue,left,left,right,color,10pct,blue,0.10236824937164785,-0.0024232327938079837,-0.10479148216545583,red,blue,1,0,1,1,0.0,0.5,0.5
2026_08_18_00_57_54_988496_L3_left_C0,L3,C0,blue,left,left,right,color,20pct,blue,0.18159792870283128,0.057235721871256834,-0.12436220683157445,red,red,0,0,0,0,0.0,0.0,0.0
2026_08_18_00_57_54_988496_L3_left_C0,L3,C0,blue,left,left,right,color,30pct,blue,0.2384489022195339,0.14700758717954157,-0.09144131503999234,red,red,0,0,0,0,0.0,0.0,0.0
2026_08_18_00_57_54_988496_L3_left_C0,L3,C0,blue,left,left,right,color,40pct,blue,0.2736810341477394,0.23492308631539344,-0.038757947832345985,red,red,0,0,0,0,0.0,0.0,0.0
2026_08_18_00_57_54_988496_L3_left_C0,L3,C0,blue,left,left,right,color,100pct,blue,0.2454893745481968,0.21492321342229842,-0.030566161125898383,red,red,0,0,0,0,0.0,0.0,0.0
2026_08_18_00_57_54_988496_L3_left_C0,L3,C0,blue,left,left,right,color,flat,blue,0.0306861718185246,0.026865401677787303,-0.003820770140737298,red,red,0,0,0,0,0.0,0.0,0.0
2026_08_18_00_57_54_988496_L3_left_C0,L3,C0,blue,left,left,right,color,linear,blue,0.05800114125013351,0.043177102216415936,-0.014824039033717575,red,red,0,0,0,0,0.0,0.0,0.0
2026_08_18_00_57_54_988496_L3_left_C0,L3,C0,blue,left,left,right,color,exponential,blue,0.07487389460380404,0.04602981078678372,-0.028844083817020326,red,red,0,0,0,0,0.0,0.0,0.0
2026_08_18_00_58_22_709133_L3_left_C1,L3,C1,blue,left,left,right,color,10pct,blue,0.06588305823504924,-0.03553984120488167,-0.10142289943993091,red,blue,1,0,1,1,0.0,0.9,0.9
2026_08_18_00_58_22_709133_L3_left_C1,L3,C1,blue,left,left,right,color,20pct,blue,0.11424310900270938,0.025041991099715243,-0.08920111790299415,red,red,0,0,0,0,0.0,0.3,0.3
2026_08_18_00_58_22_709133_L3_left_C1,L3,C1,blue,left,left,right,color,30pct,blue,0.17125434815883633,0.11257392782717941,-0.05868042033165692,red,red,0,0,0,0,0.0,0.0,0.0
2026_08_18_00_58_22_709133_L3_left_C1,L3,C1,blue,left,left,right,color,40pct,blue,0.2304768396914005,0.18225070729851722,-0.048226132392883286,red,red,0,0,0,0,0.0,0.0,0.0
2026_08_18_00_58_22_709133_L3_left_C1,L3,C1,blue,left,left,right,color,100pct,blue,0.17539623230695717,0.2182817734777927,0.04288554117083554,red,red,0,0,0,0,0.0,0.0,0.0
2026_08_18_00_58_22_709133_L3_left_C1,L3,C1,blue,left,left,right,color,flat,blue,0.019488470256328574,0.02425353038642141,0.004765060130092837,red,red,0,0,0,0,0.0,0.0,0.0
2026_08_18_00_58_22_709133_L3_left_C1,L3,C1,blue,left,left,right,color,linear,blue,0.043151127331786686,0.03605055525898933,-0.007100572072797358,red,red,0,0,0,0,0.0,0.0,0.0
2026_08_18_00_58_22_709133_L3_left_C1,L3,C1,blue,left,left,right,color,exponential,blue,0.05258465268022996,0.03321904171440152,-0.019365610965828436,red,red,0,0,0,0,0.0,0.0,0.0
2026_08_18_00_59_48_029579_L3_left_C2,L3,C2,blue,left,left,right,color,10pct,blue,0.04768594907596707,0.06169415342621505,0.01400820435024798,red,red,0,0,0,0,0.0,0.0,0.0
2026_08_18_00_59_48_029579_L3_left_C2,L3,C2,blue,left,left,right,color,20pct,blue,0.11960461955517532,0.15909507930278777,0.03949045974761245,red,red,0,0,0,0,0.0,0.0,0.0
2026_08_18_00_59_48_029579_L3_left_C2,L3,C2,blue,left,left,right,color,30pct,blue,0.17329385339282455,0.28952747433446346,0.11623362094163892,red,red,0,0,0,0,0.0,0.0,0.0
2026_08_18_00_59_48_029579_L3_left_C2,L3,C2,blue,left,left,right,color,40pct,blue,0.18315863735973836,0.3430136513710022,0.15985501401126384,red,red,0,0,0,0,0.0,0.0,0.0
2026_08_18_00_59_48_029579_L3_left_C2,L3,C2,blue,left,left,right,color,100pct,blue,0.18080097287893293,0.40137192904949187,0.22057095617055894,red,red,0,0,0,0,0.0,0.0,0.0
2026_08_18_00_59_48_029579_L3_left_C2,L3,C2,blue,left,left,right,color,flat,blue,0.018080097287893292,0.04013719290494919,0.022057095617055895,red,red,0,0,0,0,0.0,0.0,0.0
2026_08_18_00_59_48_029579_L3_left_C2,L3,C2,blue,left,left,right,color,linear,blue,0.03440785063938661,0.05942817790941759,0.02502032727003098,red,red,0,0,0,0,0.0,0.0,0.0
2026_08_18_00_59_48_029579_L3_left_C2,L3,C2,blue,left,left,right,color,exponential,blue,0.040277101674786445,0.06634271585535388,0.026065614180567437,red,red,0,0,0,0,0.0,0.0,0.0
2026_08_18_00_40_18_199635_L1_left_C0,L1,C0,blue,left,left,right,side,10pct,left,-0.0035302220657467843,-0.026797733791172507,-0.023267511725425724,left,left,0,1,1,0,0.6,0.9,0.30000000000000004
2026_08_18_00_40_18_199635_L1_left_C0,L1,C0,blue,left,left,right,side,20pct,left,-0.02559907756745816,-0.06039624206721783,-0.03479716449975967,left,left,0,1,1,0,0.7,0.9,0.20000000000000007
2026_08_18_00_40_18_199635_L1_left_C0,L1,C0,blue,left,left,right,side,30pct,left,-0.06680342387408017,-0.09782681535929441,-0.03102339148521424,left,left,0,1,1,0,1.0,1.0,0.0
2026_08_18_00_40_18_199635_L1_left_C0,L1,C0,blue,left,left,right,side,40pct,left,-0.13254193738102915,-0.13423921659588817,-0.0016972792148590155,left,left,0,1,1,0,1.0,1.0,0.0
2026_08_18_00_40_18_199635_L1_left_C0,L1,C0,blue,left,left,right,side,100pct,left,-0.25755567774176596,-0.18167940899729726,0.0758762687444687,left,left,0,1,1,0,1.0,1.0,0.0
2026_08_18_00_40_18_199635_L1_left_C0,L1,C0,blue,left,left,right,side,flat,left,-0.032194459717720746,-0.022709926124662157,0.009484533593058588,left,left,0,1,1,0,1.0,1.0,0.0
2026_08_18_00_40_18_199635_L1_left_C0,L1,C0,blue,left,left,right,side,linear,left,-0.04013207064320643,-0.0321341781773501,0.007997892465856332,left,left,0,1,1,0,1.0,1.0,0.0
2026_08_18_00_40_18_199635_L1_left_C0,L1,C0,blue,left,left,right,side,exponential,left,-0.03750884594709192,-0.035831230698471425,0.0016776152486204926,left,left,0,1,1,0,1.0,1.0,0.0
2026_08_18_00_40_47_448240_L1_left_C1,L1,C1,blue,left,left,right,side,10pct,left,-0.035210366249084475,-0.020842857360839847,0.014367508888244628,left,left,0,1,1,0,1.0,0.9,-0.09999999999999998
2026_08_18_00_40_47_448240_L1_left_C1,L1,C1,blue,left,left,right,side,20pct,left,-0.08088519394397736,-0.07168718099594118,0.009198012948036183,left,left,0,1,1,0,1.0,1.0,0.0
2026_08_18_00_40_47_448240_L1_left_C1,L1,C1,blue,left,left,right,side,30pct,left,-0.1186099100112915,-0.10445825338363648,0.01415165662765501,left,left,0,1,1,0,1.0,1.0,0.0
2026_08_18_00_40_47_448240_L1_left_C1,L1,C1,blue,left,left,right,side,40pct,left,-0.13805630683898926,-0.09755808025598525,0.040498226583004004,left,left,0,1,1,0,1.0,1.0,0.0
2026_08_18_00_40_47_448240_L1_left_C1,L1,C1,blue,left,left,right,side,100pct,left,-0.13894421756267547,-0.014217525720596317,0.12472669184207916,left,left,0,1,1,0,1.0,0.6,-0.4
2026_08_18_00_40_47_448240_L1_left_C1,L1,C1,blue,left,left,right,side,flat,left,-0.017368027195334434,-0.0017771907150745396,0.015590836480259895,left,left,0,1,1,0,1.0,0.6,-0.4
2026_08_18_00_40_47_448240_L1_left_C1,L1,C1,blue,left,left,right,side,linear,left,-0.027405313567982776,-0.011842227106293044,0.015563086461689732,left,left,0,1,1,0,1.0,1.0,0.0
2026_08_18_00_40_47_448240_L1_left_C1,L1,C1,blue,left,left,right,side,exponential,left,-0.03358731420739049,-0.01951830036072711,0.014069013846663377,left,left,0,1,1,0,1.0,1.0,0.0
2026_08_18_00_41_27_880068_L1_left_C2,L1,C2,blue,left,left,right,side,10pct,left,-0.035582328736782076,-0.04000205922871828,-0.004419730491936204,left,left,0,1,1,0,1.0,1.0,0.0
2026_08_18_00_41_27_880068_L1_left_C2,L1,C2,blue,left,left,right,side,20pct,left,-0.0940979239344597,-0.09645355843007565,-0.0023556344956159464,left,left,0,1,1,0,1.0,1.0,0.0
2026_08_18_00_41_27_880068_L1_left_C2,L1,C2,blue,left,left,right,side,30pct,left,-0.13063352901488542,-0.11743950653821228,0.013194022476673145,left,left,0,1,1,0,1.0,1.0,0.0
2026_08_18_00_41_27_880068_L1_left_C2,L1,C2,blue,left,left,right,side,40pct,left,-0.12274928793311118,-0.10876517340540885,0.013984114527702332,left,left,0,1,1,0,1.0,1.0,0.0
2026_08_18_00_41_27_880068_L1_left_C2,L1,C2,blue,left,left,right,side,100pct,left,-0.011029730737209318,-0.0874628022313118,-0.07643307149410247,left,left,0,1,1,0,0.5,1.0,0.5
2026_08_18_00_41_27_880068_L1_left_C2,L1,C2,blue,left,left,right,side,flat,left,-0.0011029730737209319,-0.008746280223131179,-0.0076433071494102466,left,left,0,1,1,0,0.5,1.0,0.5
2026_08_18_00_41_27_880068_L1_left_C2,L1,C2,blue,left,left,right,side,linear,left,-0.009047772125764329,-0.016128800592639228,-0.0070810284668748995,left,left,0,1,1,0,1.0,1.0,0.0
2026_08_18_00_41_27_880068_L1_left_C2,L1,C2,blue,left,left,right,side,exponential,left,-0.018081731330699128,-0.022898325137549184,-0.0048165938068500565,left,left,0,1,1,0,1.0,1.0,0.0
2026_08_18_00_45_28_073578_L1_right_C0,L1,C0,red,right,left,right,side,10pct,right,-0.01674908854067326,-0.011758246012032033,0.004990842528641225,left,left,0,0,0,0,0.0,0.0,0.0
2026_08_18_00_45_28_073578_L1_right_C0,L1,C0,red,right,left,right,side,20pct,right,-0.04204729117453099,-0.0430657234787941,-0.0010184323042631144,left,left,0,0,0,0,0.0,0.0,0.0
2026_08_18_00_45_28_073578_L1_right_C0,L1,C0,red,right,left,right,side,30pct,right,-0.07141407741233707,-0.0760720308870077,-0.004657953474670629,left,left,0,0,0,0,0.0,0.0,0.0
2026_08_18_00_45_28_073578_L1_right_C0,L1,C0,red,right,left,right,side,40pct,right,-0.09714811362326146,-0.07687058150768279,0.020277532115578673,left,left,0,0,0,0,0.0,0.0,0.0
2026_08_18_00_45_28_073578_L1_right_C0,L1,C0,red,right,left,right,side,100pct,right,-0.11660549640655518,-0.07296625971794128,0.0436392366886139,left,left,0,0,0,0,0.0,0.0,0.0
2026_08_18_00_45_28_073578_L1_right_C0,L1,C0,red,right,left,right,side,flat,right,-0.014575687050819398,-0.00912078246474266,0.0054549045860767375,left,left,0,0,0,0,0.0,0.0,0.0
2026_08_18_00_45_28_073578_L1_right_C0,L1,C0,red,right,left,right,side,linear,right,-0.020093260622686807,-0.01464043180975649,0.005452828812930317,left,left,0,0,0,0,0.0,0.0,0.0
2026_08_18_00_45_28_073578_L1_right_C0,L1,C0,red,right,left,right,side,exponential,right,-0.023345357554027234,-0.01862781320997443,0.004717544344052804,left,left,0,0,0,0,0.0,0.0,0.0
2026_08_18_00_45_56_961481_L1_right_C1,L1,C1,red,right,left,right,side,10pct,right,0.008667736053466797,-0.002747533321380615,-0.011415269374847412,right,left,1,1,0,-1,0.6,0.2,-0.39999999999999997
2026_08_18_00_45_56_961481_L1_right_C1,L1,C1,red,right,left,right,side,20pct,right,-0.0212580680847168,0.015268160104751589,0.03652622818946839,left,right,1,0,1,1,0.3,0.7,0.39999999999999997
2026_08_18_00_45_56_961481_L1_right_C1,L1,C1,red,right,left,right,side,30pct,right,-0.05825803279876708,0.02803600013256073,0.08629403293132781,left,right,1,0,1,1,0.1,0.9,0.8
2026_08_18_00_45_56_961481_L1_right_C1,L1,C1,red,right,left,right,side,40pct,right,-0.07790539652109145,0.03276372164487839,0.11066911816596983,left,right,1,0,1,1,0.0,0.9,0.9
2026_08_18_00_45_56_961481_L1_right_C1,L1,C1,red,right,left,right,side,100pct,right,-0.12651907950639724,0.07408781051635743,0.20060689002275467,left,right,1,0,1,1,0.0,1.0,1.0
2026_08_18_00_45_56_961481_L1_right_C1,L1,C1,red,right,left,right,side,flat,right,-0.015814884938299655,0.009260976314544679,0.025075861252844334,left,right,1,0,1,1,0.0,1.0,1.0
2026_08_18_00_45_56_961481_L1_right_C1,L1,C1,red,right,left,right,side,linear,right,-0.016821437494622334,0.011415262561705379,0.028236700056327713,left,right,1,0,1,1,0.0,1.0,1.0
2026_08_18_00_45_56_961481_L1_right_C1,L1,C1,red,right,left,right,side,exponential,right,-0.015639582198370878,0.010329898723096016,0.025969480921466892,left,right,1,0,1,1,0.2,1.0,0.8
2026_08_18_00_46_25_193744_L1_right_C2,L1,C2,red,right,left,right,side,10pct,right,0.00995220310986042,-0.0010798522084951403,-0.011032055318355561,right,left,1,1,0,-1,0.6,0.4,-0.19999999999999996
2026_08_18_00_46_25_193744_L1_right_C2,L1,C2,red,right,left,right,side,20pct,right,0.002930339649319647,0.02615466490387917,0.023224325254559523,right,right,0,1,1,0,0.5,0.9,0.4
2026_08_18_00_46_25_193744_L1_right_C2,L1,C2,red,right,left,right,side,30pct,right,-0.04359186638146637,0.039637443609535694,0.08322930999100206,left,right,1,0,1,1,0.2,1.0,0.8
2026_08_18_00_46_25_193744_L1_right_C2,L1,C2,red,right,left,right,side,40pct,right,-0.060852957069873814,0.048088776767253885,0.1089417338371277,left,right,1,0,1,1,0.1,1.0,0.9
2026_08_18_00_46_25_193744_L1_right_C2,L1,C2,red,right,left,right,side,100pct,right,-0.15943441689014434,0.048119595646858214,0.20755401253700256,left,right,1,0,1,1,0.0,1.0,1.0
2026_08_18_00_46_25_193744_L1_right_C2,L1,C2,red,right,left,right,side,flat,right,-0.015943441689014435,0.004811959564685822,0.020755401253700255,left,right,1,0,1,1,0.0,1.0,1.0
2026_08_18_00_46_25_193744_L1_right_C2,L1,C2,red,right,left,right,side,linear,right,-0.015757990073073994,0.008608462593772195,0.02436645266684619,left,right,1,0,1,1,0.0,1.0,1.0
2026_08_18_00_46_25_193744_L1_right_C2,L1,C2,red,right,left,right,side,exponential,right,-0.012774264389524713,0.00930239363957791,0.022076658029102622,left,right,1,0,1,1,0.1,1.0,0.9
2026_08_18_00_48_13_457980_L1_left_C0,L1,C0,red,left,right,left,side,10pct,left,-0.05989019569009543,-0.01355399586260319,0.04633619982749224,left,left,0,1,1,0,1.0,0.7,-0.30000000000000004
2026_08_18_00_48_13_457980_L1_left_C0,L1,C0,red,left,right,left,side,20pct,left,-0.12437491819262506,-0.035398723930120474,0.08897619426250458,left,left,0,1,1,0,1.0,1.0,0.0
2026_08_18_00_48_13_457980_L1_left_C0,L1,C0,red,left,right,left,side,30pct,left,-0.1885506163164973,-0.057354452647268774,0.13119616366922854,left,left,0,1,1,0,1.0,1.0,0.0
2026_08_18_00_48_13_457980_L1_left_C0,L1,C0,red,left,right,left,side,40pct,left,-0.2429306863248348,-0.06373557075858116,0.17919511556625364,left,left,0,1,1,0,1.0,1.0,0.0
2026_08_18_00_48_13_457980_L1_left_C0,L1,C0,red,left,right,left,side,100pct,left,-0.31708127632737154,-0.08373557478189468,0.23334570154547685,left,left,0,1,1,0,1.0,1.0,0.0
2026_08_18_00_48_13_457980_L1_left_C0,L1,C0,red,left,right,left,side,flat,left,-0.03963515954092144,-0.010466946847736835,0.029168212693184606,left,left,0,1,1,0,1.0,1.0,0.0
2026_08_18_00_48_13_457980_L1_left_C0,L1,C0,red,left,right,left,side,linear,left,-0.05699959345575836,-0.013854688012765513,0.04314490544299285,left,left,0,1,1,0,1.0,1.0,0.0
2026_08_18_00_48_13_457980_L1_left_C0,L1,C0,red,left,right,left,side,exponential,left,-0.06605674672676652,-0.01663993702483725,0.04941680970192927,left,left,0,1,1,0,1.0,1.0,0.0
2026_08_18_00_49_05_482404_L1_left_C1,L1,C1,red,left,right,left,side,10pct,left,-0.04876137971878052,-0.021534569263458255,0.027226810455322267,left,left,0,1,1,0,1.0,0.9,-0.09999999999999998
2026_08_18_00_49_05_482404_L1_left_C1,L1,C1,red,left,right,left,side,20pct,left,-0.12233700513839724,-0.09165066808462144,0.030686337053775797,left,left,0,1,1,0,1.0,1.0,0.0
2026_08_18_00_49_05_482404_L1_left_C1,L1,C1,red,left,right,left,side,30pct,left,-0.17713469445705413,-0.15601230829954146,0.021122386157512663,left,left,0,1,1,0,1.0,1.0,0.0
2026_08_18_00_49_05_482404_L1_left_C1,L1,C1,red,left,right,left,side,40pct,left,-0.2010676884651184,-0.18225989192724226,0.018807796537876148,left,left,0,1,1,0,1.0,1.0,0.0
2026_08_18_00_49_05_482404_L1_left_C1,L1,C1,red,left,right,left,side,100pct,left,-0.21278927028179165,-0.1598106399178505,0.052978630363941154,left,left,0,1,1,0,1.0,1.0,0.0
2026_08_18_00_49_05_482404_L1_left_C1,L1,C1,red,left,right,left,side,flat,left,-0.026598658785223956,-0.019976329989731312,0.006622328795492644,left,left,0,1,1,0,1.0,1.0,0.0
2026_08_18_00_49_05_482404_L1_left_C1,L1,C1,red,left,right,left,side,linear,left,-0.042057048446602296,-0.033183525544073854,0.008873522902528443,left,left,0,1,1,0,1.0,1.0,0.0
2026_08_18_00_49_05_482404_L1_left_C1,L1,C1,red,left,right,left,side,exponential,left,-0.05073438024668361,-0.03928884429918678,0.011445535947496824,left,left,0,1,1,0,1.0,1.0,0.0
2026_08_18_00_49_36_378126_L1_left_C2,L1,C2,red,left,right,left,side,10pct,left,-0.07029699303209783,-0.026538266837596892,0.043758726194500934,left,left,0,1,1,0,1.0,1.0,0.0
2026_08_18_00_49_36_378126_L1_left_C2,L1,C2,red,left,right,left,side,20pct,left,-0.15007701799273493,-0.10272263996303083,0.0473543780297041,left,left,0,1,1,0,1.0,1.0,0.0
2026_08_18_00_49_36_378126_L1_left_C2,L1,C2,red,left,right,left,side,30pct,left,-0.21094686053693293,-0.16211699653416872,0.048829864002764206,left,left,0,1,1,0,1.0,1.0,0.0
2026_08_18_00_49_36_378126_L1_left_C2,L1,C2,red,left,right,left,side,40pct,left,-0.22784163132309915,-0.1838104572892189,0.04403117403388024,left,left,0,1,1,0,1.0,1.0,0.0
2026_08_18_00_49_36_378126_L1_left_C2,L1,C2,red,left,right,left,side,100pct,left,-0.18605044931173326,-0.21715852469205857,-0.031108075380325312,left,left,0,1,1,0,1.0,1.0,0.0
2026_08_18_00_49_36_378126_L1_left_C2,L1,C2,red,left,right,left,side,flat,left,-0.018605044931173327,-0.021715852469205855,-0.0031108075380325284,left,left,0,1,1,0,1.0,1.0,0.0
2026_08_18_00_49_36_378126_L1_left_C2,L1,C2,red,left,right,left,side,linear,left,-0.03314652659676292,-0.03075195564465089,0.0023945709521120302,left,left,0,1,1,0,1.0,1.0,0.0
2026_08_18_00_49_36_378126_L1_left_C2,L1,C2,red,left,right,left,side,exponential,left,-0.04417930774729493,-0.03572656503282671,0.00845274271446822,left,left,0,1,1,0,1.0,1.0,0.0
2026_08_18_00_50_22_202653_L1_right_C0,L1,C0,blue,right,right,left,side,10pct,right,0.02741661187261343,-0.0062693672627210624,-0.03368597913533449,right,left,1,1,0,-1,0.9,0.3,-0.6000000000000001
2026_08_18_00_50_22_202653_L1_right_C0,L1,C0,blue,right,right,left,side,20pct,right,0.01564994871616363,-0.027752769887447362,-0.04340271860361099,right,left,1,1,0,-1,0.7,0.3,-0.39999999999999997
2026_08_18_00_50_22_202653_L1_right_C0,L1,C0,blue,right,right,left,side,30pct,right,-0.023208055086433886,-0.04880560617893934,-0.02559755109250545,left,left,0,0,0,0,0.5,0.1,-0.4
2026_08_18_00_50_22_202653_L1_right_C0,L1,C0,blue,right,right,left,side,40pct,right,-0.07195350602269174,-0.03928462639451026,0.03266887962818148,left,left,0,0,0,0,0.1,0.3,0.19999999999999998
2026_08_18_00_50_22_202653_L1_right_C0,L1,C0,blue,right,right,left,side,100pct,right,-0.12077378332614896,-0.08104976117610932,0.039724022150039645,left,left,0,0,0,0,0.0,0.0,0.0
2026_08_18_00_50_22_202653_L1_right_C0,L1,C0,blue,right,right,left,side,flat,right,-0.01509672291576862,-0.010131220147013665,0.004965502768754956,left,left,0,0,0,0,0.0,0.0,0.0
2026_08_18_00_50_22_202653_L1_right_C0,L1,C0,blue,right,right,left,side,linear,right,-0.015275884957777128,-0.010139264207747245,0.005136620750029883,left,left,0,0,0,0,0.1,0.1,0.0
2026_08_18_00_50_22_202653_L1_right_C0,L1,C0,blue,right,right,left,side,exponential,right,-0.0113308318322678,-0.011899193836894587,-0.0005683620046267879,left,left,0,0,0,0,0.3,0.2,-0.09999999999999998
2026_08_18_00_50_52_802516_L1_right_C1,L1,C1,blue,right,right,left,side,10pct,right,0.007556447982788087,0.01318063259124756,0.005624184608459474,right,right,0,1,1,0,0.6,0.7,0.09999999999999998
2026_08_18_00_50_52_802516_L1_right_C1,L1,C1,blue,right,right,left,side,20pct,right,-0.014161241054534916,0.015339531898498536,0.029500772953033452,left,right,1,0,1,1,0.3,0.7,0.39999999999999997
2026_08_18_00_50_52_802516_L1_right_C1,L1,C1,blue,right,right,left,side,30pct,right,-0.04992694497108459,0.01664233684539795,0.06656928181648254,left,right,1,0,1,1,0.0,0.6,0.6
2026_08_18_00_50_52_802516_L1_right_C1,L1,C1,blue,right,right,left,side,40pct,right,-0.08729459434747697,0.023478332757949832,0.1107729271054268,left,right,1,0,1,1,0.0,0.7,0.7
2026_08_18_00_50_52_802516_L1_right_C1,L1,C1,blue,right,right,left,side,100pct,right,-0.19374337345361706,0.03686078935861588,0.23060416281223295,left,right,1,0,1,1,0.0,0.9,0.9
2026_08_18_00_50_52_802516_L1_right_C1,L1,C1,blue,right,right,left,side,flat,right,-0.024217921681702132,0.004607598669826985,0.02882552035152912,left,right,1,0,1,1,0.0,0.9,0.9
2026_08_18_00_50_52_802516_L1_right_C1,L1,C1,blue,right,right,left,side,linear,right,-0.02576547074649069,0.007532162674599223,0.03329763342108991,left,right,1,0,1,1,0.0,0.9,0.9
2026_08_18_00_50_52_802516_L1_right_C1,L1,C1,blue,right,right,left,side,exponential,right,-0.021803851613833688,0.008328559613973587,0.030132411227807274,left,right,1,0,1,1,0.0,0.7,0.7
2026_08_18_00_51_25_610649_L1_right_C2,L1,C2,blue,right,right,left,side,10pct,right,-0.025818787179887295,-0.005750676691532135,0.020068110488355162,left,left,0,0,0,0,0.0,0.1,0.1
2026_08_18_00_51_25_610649_L1_right_C2,L1,C2,blue,right,right,left,side,20pct,right,-0.05903280332684518,-0.011272839903831482,0.047759963423013696,left,left,0,0,0,0,0.0,0.0,0.0
2026_08_18_00_51_25_610649_L1_right_C2,L1,C2,blue,right,right,left,side,30pct,right,-0.12071756191551683,0.0019996139034628834,0.12271717581897972,left,right,1,0,1,1,0.0,0.6,0.6
2026_08_18_00_51_25_610649_L1_right_C2,L1,C2,blue,right,right,left,side,40pct,right,-0.16583433032035827,0.02813346564769746,0.19396779596805575,left,right,1,0,1,1,0.0,1.0,1.0
2026_08_18_00_51_25_610649_L1_right_C2,L1,C2,blue,right,right,left,side,100pct,right,-0.34052675962448115,-0.002198711037635799,0.33832804858684534,left,left,0,0,0,0,0.0,0.6,0.6
2026_08_18_00_51_25_610649_L1_right_C2,L1,C2,blue,right,right,left,side,flat,right,-0.03405267596244811,-0.00021987110376357988,0.033832804858684534,left,left,0,0,0,0,0.0,0.6,0.6
2026_08_18_00_51_25_610649_L1_right_C2,L1,C2,blue,right,right,left,side,linear,right,-0.03763936833901839,0.0031129510836167777,0.040752319422635165,left,right,1,0,1,1,0.0,0.9,0.9
2026_08_18_00_51_25_610649_L1_right_C2,L1,C2,blue,right,right,left,side,exponential,right,-0.03676912146311706,0.0024249595918918935,0.039194081055008954,left,right,1,0,1,1,0.0,0.9,0.9
2026_08_18_00_52_54_907596_L3_right_C0,L3,C0,blue,right,right,left,side,10pct,right,-0.015305753909051418,-0.0206612597592175,-0.005355505850166082,left,left,0,0,0,0,0.0,0.0,0.0
2026_08_18_00_52_54_907596_L3_right_C0,L3,C0,blue,right,right,left,side,20pct,right,-0.05055205041542649,-0.04472122373990715,0.005830826675519346,left,left,0,0,0,0,0.0,0.0,0.0
2026_08_18_00_52_54_907596_L3_right_C0,L3,C0,blue,right,right,left,side,30pct,right,-0.09672708693891763,-0.06507930944673716,0.031647777492180465,left,left,0,0,0,0,0.0,0.0,0.0
2026_08_18_00_52_54_907596_L3_right_C0,L3,C0,blue,right,right,left,side,40pct,right,-0.144824310336262,-0.07530637837946415,0.06951793195679785,left,left,0,0,0,0,0.0,0.0,0.0
2026_08_18_00_52_54_907596_L3_right_C0,L3,C0,blue,right,right,left,side,100pct,right,-0.22989578247070314,-0.12376430481672288,0.10613147765398026,left,left,0,0,0,0,0.0,0.0,0.0
2026_08_18_00_52_54_907596_L3_right_C0,L3,C0,blue,right,right,left,side,flat,right,-0.028736972808837892,-0.01547053810209036,0.013266434706747533,left,left,0,0,0,0,0.0,0.0,0.0
2026_08_18_00_52_54_907596_L3_right_C0,L3,C0,blue,right,right,left,side,linear,right,-0.03517117543766897,-0.017111860029399392,0.018059315408269577,left,left,0,0,0,0,0.0,0.0,0.0
2026_08_18_00_52_54_907596_L3_right_C0,L3,C0,blue,right,right,left,side,exponential,right,-0.03615293560949649,-0.020208228425978077,0.015944707183518415,left,left,0,0,0,0,0.0,0.0,0.0
2026_08_18_00_53_23_339528_L3_right_C1,L3,C1,blue,right,right,left,side,10pct,right,0.03170829612761736,-0.010467397570610049,-0.04217569369822741,right,left,1,1,0,-1,1.0,0.2,-0.8
2026_08_18_00_53_23_339528_L3_right_C1,L3,C1,blue,right,right,left,side,20pct,right,0.019640080109238626,-0.01877361945807934,-0.038413699567317966,right,left,1,1,0,-1,0.6,0.1,-0.5
2026_08_18_00_53_23_339528_L3_right_C1,L3,C1,blue,right,right,left,side,30pct,right,-0.007256686240434639,-0.005053493194282062,0.0022031930461525774,left,left,0,0,0,0,0.4,0.5,0.09999999999999998
2026_08_18_00_53_23_339528_L3_right_C1,L3,C1,blue,right,right,left,side,40pct,right,-0.03978883907198906,0.0205377434194088,0.06032658249139786,left,right,1,0,1,1,0.2,0.9,0.7
2026_08_18_00_53_23_339528_L3_right_C1,L3,C1,blue,right,right,left,side,100pct,right,-0.15109300166368486,0.03474298790097236,0.18583598956465722,left,right,1,0,1,1,0.0,1.0,1.0
2026_08_18_00_53_23_339528_L3_right_C1,L3,C1,blue,right,right,left,side,flat,right,-0.016788111295964983,0.0038603319889969293,0.02064844328496191,left,right,1,0,1,1,0.0,1.0,1.0
2026_08_18_00_53_23_339528_L3_right_C1,L3,C1,blue,right,right,left,side,linear,right,-0.015967391398217942,0.005544132457839118,0.02151152385605706,left,right,1,0,1,1,0.0,1.0,1.0
2026_08_18_00_53_23_339528_L3_right_C1,L3,C1,blue,right,right,left,side,exponential,right,-0.009695721108200418,0.003025385474591846,0.012721106582792265,left,right,1,0,1,1,0.2,0.6,0.39999999999999997
2026_08_18_00_53_52_283658_L3_right_C2,L3,C2,blue,right,right,left,side,10pct,right,0.021077760234475135,-0.02711038537323475,-0.048188145607709884,right,left,1,1,0,-1,0.8,0.0,-0.8
2026_08_18_00_53_52_283658_L3_right_C2,L3,C2,blue,right,right,left,side,20pct,right,-0.010918695665895938,-0.027555220760405064,-0.016636525094509125,left,left,0,0,0,0,0.6,0.0,-0.6
2026_08_18_00_53_52_283658_L3_right_C2,L3,C2,blue,right,right,left,side,30pct,right,-0.04245928408578038,-0.0068892333144322075,0.03557005077134817,left,left,0,0,0,0,0.1,0.3,0.19999999999999998
2026_08_18_00_53_52_283658_L3_right_C2,L3,C2,blue,right,right,left,side,40pct,right,-0.058144981935620316,0.013880429826676841,0.07202541176229715,left,right,1,0,1,1,0.1,0.7,0.6
2026_08_18_00_53_52_283658_L3_right_C2,L3,C2,blue,right,right,left,side,100pct,right,-0.1803348138928413,-0.013065508753061294,0.16726930513978003,left,left,0,0,0,0,0.0,0.3,0.3
2026_08_18_00_53_52_283658_L3_right_C2,L3,C2,blue,right,right,left,side,flat,right,-0.01803348138928413,-0.0013065508753061293,0.016726930513978,left,left,0,0,0,0,0.0,0.3,0.3
2026_08_18_00_53_52_283658_L3_right_C2,L3,C2,blue,right,right,left,side,linear,right,-0.01720318000424992,-3.201668912714231e-05,0.017171163315122775,left,left,0,0,0,0,0.0,0.7,0.7
2026_08_18_00_53_52_283658_L3_right_C2,L3,C2,blue,right,right,left,side,exponential,right,-0.013321088128371308,-0.0022132147478784708,0.011107873380492838,left,left,0,0,0,0,0.1,0.3,0.19999999999999998
2026_08_18_00_54_32_747715_L3_left_C0,L3,C0,red,left,right,left,side,10pct,left,-0.062047925591468815,-0.005972123891115189,0.056075801700353624,left,left,0,1,1,0,1.0,1.0,0.0
2026_08_18_00_54_32_747715_L3_left_C0,L3,C0,red,left,right,left,side,20pct,left,-0.12610550820827485,-0.017796942591667177,0.10830856561660768,left,left,0,1,1,0,1.0,1.0,0.0
2026_08_18_00_54_32_747715_L3_left_C0,L3,C0,red,left,right,left,side,30pct,left,-0.188169239833951,-0.04138374254107475,0.14678549729287627,left,left,0,1,1,0,1.0,1.0,0.0
2026_08_18_00_54_32_747715_L3_left_C0,L3,C0,red,left,right,left,side,40pct,left,-0.24423561245203018,-0.08264181017875671,0.16159380227327347,left,left,0,1,1,0,1.0,1.0,0.0
2026_08_18_00_54_32_747715_L3_left_C0,L3,C0,red,left,right,left,side,100pct,left,-0.384354905039072,-0.17729114443063734,0.20706376060843465,left,left,0,1,1,0,1.0,1.0,0.0
2026_08_18_00_54_32_747715_L3_left_C0,L3,C0,red,left,right,left,side,flat,left,-0.048044363129884,-0.022161393053829668,0.02588297007605433,left,left,0,1,1,0,1.0,1.0,0.0
2026_08_18_00_54_32_747715_L3_left_C0,L3,C0,red,left,right,left,side,linear,left,-0.06382946347196898,-0.0250515579763386,0.038777905495630385,left,left,0,1,1,0,1.0,1.0,0.0
2026_08_18_00_54_32_747715_L3_left_C0,L3,C0,red,left,right,left,side,exponential,left,-0.06995889426831213,-0.02312221016544879,0.04683668410286334,left,left,0,1,1,0,1.0,1.0,0.0
2026_08_18_00_55_01_843645_L3_left_C1,L3,C1,red,left,right,left,side,10pct,left,-0.03813059650361539,-0.009012393057346345,0.029118203446269045,left,left,0,1,1,0,0.9,0.7,-0.20000000000000007
2026_08_18_00_55_01_843645_L3_left_C1,L3,C1,red,left,right,left,side,20pct,left,-0.08695399604737758,-0.04088345795869827,0.04607053808867931,left,left,0,1,1,0,1.0,1.0,0.0
2026_08_18_00_55_01_843645_L3_left_C1,L3,C1,red,left,right,left,side,30pct,left,-0.12508443418890236,-0.07518548559397459,0.04989894859492777,left,left,0,1,1,0,1.0,1.0,0.0
2026_08_18_00_55_01_843645_L3_left_C1,L3,C1,red,left,right,left,side,40pct,left,-0.14435139521956442,-0.09950769245624543,0.04484370276331899,left,left,0,1,1,0,1.0,1.0,0.0
2026_08_18_00_55_01_843645_L3_left_C1,L3,C1,red,left,right,left,side,100pct,left,-0.12557417601346968,-0.14428330212831494,-0.018709126114845265,left,left,0,1,1,0,1.0,1.0,0.0
2026_08_18_00_55_01_843645_L3_left_C1,L3,C1,red,left,right,left,side,flat,left,-0.013952686223718853,-0.016031478014257215,-0.002078791790538362,left,left,0,1,1,0,1.0,1.0,0.0
2026_08_18_00_55_01_843645_L3_left_C1,L3,C1,red,left,right,left,side,linear,left,-0.024826898872852325,-0.021967137522167626,0.002859761350684699,left,left,0,1,1,0,1.0,1.0,0.0
2026_08_18_00_55_01_843645_L3_left_C1,L3,C1,red,left,right,left,side,exponential,left,-0.03195556564734337,-0.022927818390781875,0.009027747256561497,left,left,0,1,1,0,1.0,1.0,0.0
2026_08_18_00_55_32_860317_L3_left_C2,L3,C2,red,left,right,left,side,10pct,left,-0.04408965827897191,-0.019916487950831657,0.024173170328140255,left,left,0,1,1,0,0.8,1.0,0.19999999999999996
2026_08_18_00_55_32_860317_L3_left_C2,L3,C2,red,left,right,left,side,20pct,left,-0.112970176897943,-0.07444334411993624,0.03852683277800677,left,left,0,1,1,0,1.0,1.0,0.0
2026_08_18_00_55_32_860317_L3_left_C2,L3,C2,red,left,right,left,side,30pct,left,-0.15463234120979902,-0.09343157261610031,0.061200768593698704,left,left,0,1,1,0,1.0,1.0,0.0
2026_08_18_00_55_32_860317_L3_left_C2,L3,C2,red,left,right,left,side,40pct,left,-0.1534186193719506,-0.10068771224468946,0.052730907127261126,left,left,0,1,1,0,1.0,1.0,0.0
2026_08_18_00_55_32_860317_L3_left_C2,L3,C2,red,left,right,left,side,100pct,left,-0.11928594708442686,-0.11468038856983184,0.004605558514595015,left,left,0,1,1,0,1.0,1.0,0.0
2026_08_18_00_55_32_860317_L3_left_C2,L3,C2,red,left,right,left,side,flat,left,-0.01084417700767517,-0.010425489869984712,0.0004186871376904572,left,left,0,1,1,0,1.0,1.0,0.0
2026_08_18_00_55_32_860317_L3_left_C2,L3,C2,red,left,right,left,side,linear,left,-0.019258010590618307,-0.015056839901389495,0.004201170689228812,left,left,0,1,1,0,1.0,1.0,0.0
2026_08_18_00_55_32_860317_L3_left_C2,L3,C2,red,left,right,left,side,exponential,left,-0.02662738140178683,-0.01854711339319581,0.008080268008591022,left,left,0,1,1,0,1.0,1.0,0.0
2026_08_18_00_56_19_492037_L3_right_C0,L3,C0,red,right,left,right,side,10pct,right,-0.0005222283303737641,-0.008320867270231248,-0.007798638939857484,left,left,0,0,0,0,0.5,0.0,-0.5
2026_08_18_00_56_19_492037_L3_right_C0,L3,C0,red,right,left,right,side,20pct,right,-0.022090826183557514,-0.02784879431128502,-0.005757968127727508,left,left,0,0,0,0,0.1,0.0,-0.1
2026_08_18_00_56_19_492037_L3_right_C0,L3,C0,red,right,left,right,side,30pct,right,-0.04494538381695748,-0.049962672591209414,-0.005017288774251935,left,left,0,0,0,0,0.1,0.0,-0.1
2026_08_18_00_56_19_492037_L3_right_C0,L3,C0,red,right,left,right,side,40pct,right,-0.04932549148797989,-0.06604139357805253,-0.016715902090072635,left,left,0,0,0,0,0.2,0.0,-0.2
2026_08_18_00_56_19_492037_L3_right_C0,L3,C0,red,right,left,right,side,100pct,right,-0.03865815773606301,-0.02202443778514863,0.016633719950914377,left,left,0,0,0,0,0.2,0.1,-0.1
2026_08_18_00_56_19_492037_L3_right_C0,L3,C0,red,right,left,right,side,flat,right,-0.004832269717007876,-0.002753054723143579,0.002079214993864297,left,left,0,0,0,0,0.2,0.1,-0.1
2026_08_18_00_56_19_492037_L3_right_C0,L3,C0,red,right,left,right,side,linear,right,-0.008291047252714635,-0.005691498766342801,0.0025995484863718336,left,left,0,0,0,0,0.2,0.0,-0.2
2026_08_18_00_56_19_492037_L3_right_C0,L3,C0,red,right,left,right,side,exponential,right,-0.00994930082982825,-0.009315118802880116,0.0006341820269481352,left,left,0,0,0,0,0.1,0.0,-0.1
2026_08_18_00_56_48_148319_L3_right_C1,L3,C1,red,right,left,right,side,10pct,right,0.01711127154529095,-0.010930172502994539,-0.028041444048285485,right,left,1,1,0,-1,0.8,0.1,-0.7000000000000001
2026_08_18_00_56_48_148319_L3_right_C1,L3,C1,red,right,left,right,side,20pct,right,0.00885227754712105,-0.014601966291666033,-0.02345424383878708,right,left,1,1,0,-1,0.6,0.1,-0.5
2026_08_18_00_56_48_148319_L3_right_C1,L3,C1,red,right,left,right,side,30pct,right,-0.00713110074400901,-0.00559737708419562,0.0015337236598133904,left,left,0,0,0,0,0.4,0.5,0.09999999999999998
2026_08_18_00_56_48_148319_L3_right_C1,L3,C1,red,right,left,right,side,40pct,right,-0.03590730845928192,0.014465519636869432,0.050372828096151345,left,right,1,0,1,1,0.2,0.8,0.6000000000000001
2026_08_18_00_56_48_148319_L3_right_C1,L3,C1,red,right,left,right,side,100pct,right,-0.14823141768574713,0.013719953596591944,0.16195137128233908,left,right,1,0,1,1,0.0,0.7,0.7
2026_08_18_00_56_48_148319_L3_right_C1,L3,C1,red,right,left,right,side,flat,right,-0.01647015752063857,0.001524439288510216,0.017994596809148784,left,right,1,0,1,1,0.0,0.7,0.7
2026_08_18_00_56_48_148319_L3_right_C1,L3,C1,red,right,left,right,side,linear,right,-0.015992356505658896,0.003463708758354188,0.019456065264013084,left,right,1,0,1,1,0.0,0.7,0.7
2026_08_18_00_56_48_148319_L3_right_C1,L3,C1,red,right,left,right,side,exponential,right,-0.011161283584622657,0.0015894529358316245,0.01275073652045428,left,right,1,0,1,1,0.1,0.7,0.6
2026_08_18_00_57_15_980084_L3_right_C2,L3,C2,red,right,left,right,side,10pct,right,-0.060093780141323806,-0.031956055182963614,0.028137724958360193,left,left,0,0,0,0,0.0,0.0,0.0
2026_08_18_00_57_15_980084_L3_right_C2,L3,C2,red,right,left,right,side,20pct,right,-0.06165864083915949,-0.007081128135323529,0.05457751270383596,left,left,0,0,0,0,0.0,0.2,0.2
2026_08_18_00_57_15_980084_L3_right_C2,L3,C2,red,right,left,right,side,30pct,right,-0.08039351086132228,0.006140767559409139,0.08653427842073141,left,right,1,0,1,1,0.0,0.6,0.6
2026_08_18_00_57_15_980084_L3_right_C2,L3,C2,red,right,left,right,side,40pct,right,-0.10713952302932739,0.02067117176949978,0.12781069479882717,left,right,1,0,1,1,0.0,1.0,1.0
2026_08_18_00_57_15_980084_L3_right_C2,L3,C2,red,right,left,right,side,100pct,right,-0.20666650384664534,0.031905251741409305,0.23857175558805466,left,right,1,0,1,1,0.0,1.0,1.0
2026_08_18_00_57_15_980084_L3_right_C2,L3,C2,red,right,left,right,side,flat,right,-0.020666650384664535,0.0031905251741409305,0.023857175558805465,left,right,1,0,1,1,0.0,1.0,1.0
2026_08_18_00_57_15_980084_L3_right_C2,L3,C2,red,right,left,right,side,linear,right,-0.02460114294832403,0.00384849800304933,0.02844964095137336,left,right,1,0,1,1,0.0,1.0,1.0
2026_08_18_00_57_15_980084_L3_right_C2,L3,C2,red,right,left,right,side,exponential,right,-0.02754280204555109,0.0012715048720580435,0.028814306917609132,left,right,1,0,1,1,0.0,0.5,0.5
2026_08_18_00_57_54_988496_L3_left_C0,L3,C0,blue,left,left,right,side,10pct,left,-0.0937844976782799,-0.020647830516099933,0.07313666716217997,left,left,0,1,1,0,1.0,1.0,0.0
2026_08_18_00_57_54_988496_L3_left_C0,L3,C0,blue,left,left,right,side,20pct,left,-0.17712055034935476,-0.04838771000504495,0.12873284034430982,left,left,0,1,1,0,1.0,1.0,0.0
2026_08_18_00_57_54_988496_L3_left_C0,L3,C0,blue,left,left,right,side,30pct,left,-0.24368893150240184,-0.07898792810738087,0.16470100339502097,left,left,0,1,1,0,1.0,1.0,0.0
2026_08_18_00_57_54_988496_L3_left_C0,L3,C0,blue,left,left,right,side,40pct,left,-0.28717041462659837,-0.10821677446365358,0.1789536401629448,left,left,0,1,1,0,1.0,1.0,0.0
2026_08_18_00_57_54_988496_L3_left_C0,L3,C0,blue,left,left,right,side,100pct,left,-0.4260872222483158,-0.1834147609770298,0.242672461271286,left,left,0,1,1,0,1.0,1.0,0.0
2026_08_18_00_57_54_988496_L3_left_C0,L3,C0,blue,left,left,right,side,flat,left,-0.053260902781039475,-0.022926845122128725,0.03033405765891075,left,left,0,1,1,0,1.0,1.0,0.0
2026_08_18_00_57_54_988496_L3_left_C0,L3,C0,blue,left,left,right,side,linear,left,-0.07471886773904164,-0.029660092107951643,0.045058775631089995,left,left,0,1,1,0,1.0,1.0,0.0
2026_08_18_00_57_54_988496_L3_left_C0,L3,C0,blue,left,left,right,side,exponential,left,-0.08620611029522944,-0.03119623942427011,0.055009870870959335,left,left,0,1,1,0,1.0,1.0,0.0
2026_08_18_00_58_22_709133_L3_left_C1,L3,C1,blue,left,left,right,side,10pct,left,-0.05419772565364838,-0.0167479457706213,0.037449779883027084,left,left,0,1,1,0,1.0,0.9,-0.09999999999999998
2026_08_18_00_58_22_709133_L3_left_C1,L3,C1,blue,left,left,right,side,20pct,left,-0.12394631996750831,-0.07499183654785158,0.04895448341965673,left,left,0,1,1,0,1.0,1.0,0.0
2026_08_18_00_58_22_709133_L3_left_C1,L3,C1,blue,left,left,right,side,30pct,left,-0.17509493228048084,-0.12617749068886042,0.048917441591620425,left,left,0,1,1,0,1.0,1.0,0.0
2026_08_18_00_58_22_709133_L3_left_C1,L3,C1,blue,left,left,right,side,40pct,left,-0.1968080024421215,-0.1463740396499634,0.05043396279215809,left,left,0,1,1,0,1.0,1.0,0.0
2026_08_18_00_58_22_709133_L3_left_C1,L3,C1,blue,left,left,right,side,100pct,left,-0.14803015068173409,-0.11156185716390613,0.03646829351782796,left,left,0,1,1,0,1.0,1.0,0.0
2026_08_18_00_58_22_709133_L3_left_C1,L3,C1,blue,left,left,right,side,flat,left,-0.016447794520192675,-0.012395761907100681,0.004052032613091994,left,left,0,1,1,0,1.0,1.0,0.0
2026_08_18_00_58_22_709133_L3_left_C1,L3,C1,blue,left,left,right,side,linear,left,-0.031962830043501325,-0.023380883865886264,0.008581946177615062,left,left,0,1,1,0,1.0,1.0,0.0
2026_08_18_00_58_22_709133_L3_left_C1,L3,C1,blue,left,left,right,side,exponential,left,-0.042786510954284686,-0.029030963656259255,0.01375554729802543,left,left,0,1,1,0,1.0,1.0,0.0
2026_08_18_00_59_48_029579_L3_left_C2,L3,C2,blue,left,left,right,side,10pct,left,-0.034448433034121984,-0.03672571834176779,-0.0022772853076458086,left,left,0,1,1,0,1.0,1.0,0.0
2026_08_18_00_59_48_029579_L3_left_C2,L3,C2,blue,left,left,right,side,20pct,left,-0.11950667103752494,-0.1265036775916815,-0.006997006554156554,left,left,0,1,1,0,1.0,1.0,0.0
2026_08_18_00_59_48_029579_L3_left_C2,L3,C2,blue,left,left,right,side,30pct,left,-0.18883346590213473,-0.15719729125499726,0.03163617464713747,left,left,0,1,1,0,1.0,1.0,0.0
2026_08_18_00_59_48_029579_L3_left_C2,L3,C2,blue,left,left,right,side,40pct,left,-0.21034378863871098,-0.14773779485374688,0.06260599378496409,left,left,0,1,1,0,1.0,1.0,0.0
2026_08_18_00_59_48_029579_L3_left_C2,L3,C2,blue,left,left,right,side,100pct,left,-0.15017307847738265,-0.14175471216440197,0.00841836631298068,left,left,0,1,1,0,1.0,1.0,0.0
2026_08_18_00_59_48_029579_L3_left_C2,L3,C2,blue,left,left,right,side,flat,left,-0.015017307847738266,-0.014175471216440198,0.000841836631298068,left,left,0,1,1,0,1.0,1.0,0.0
2026_08_18_00_59_48_029579_L3_left_C2,L3,C2,blue,left,left,right,side,linear,left,-0.026330547874624077,-0.024261872307820762,0.002068675566803315,left,left,0,1,1,0,1.0,1.0,0.0
2026_08_18_00_59_48_029579_L3_left_C2,L3,C2,blue,left,left,right,side,exponential,left,-0.03452364287904057,-0.031430776917803604,0.0030928659612369652,left,left,0,1,1,0,1.0,1.0,0.0
