episode_id,geometry_id,layout_id,target_identity,target_side,legibility_level,simulator_seed,chunk_index,progress_end,truth_margin,margin_seed_sd,ci95_low,ci95_high,mean_sign_agreement,true_seed_fraction
G1_layout-A_target-milk_level-A1_seed-0000,G1,A,milk,left,A1,0,1,0.1,-0.024966432201126168,0.007827437136117218,-0.030565843412637215,-0.01936702098961512,1.0,0.0
G1_layout-A_target-milk_level-A1_seed-0000,G1,A,milk,left,A1,0,2,0.2,-0.04193824137031631,0.008932231429256839,-0.048327974809121294,-0.03554850793151133,1.0,0.0
G1_layout-A_target-milk_level-A1_seed-0000,G1,A,milk,left,A1,0,3,0.3,0.04598771753515471,0.015476410775692846,0.034916560206850474,0.057058874863458946,1.0,1.0
G1_layout-A_target-milk_level-A1_seed-0000,G1,A,milk,left,A1,0,4,0.4,0.042396384450146235,0.01639297991619856,0.030669553057365434,0.054123215842927036,1.0,1.0
G1_layout-A_target-milk_level-A1_seed-0000,G1,A,milk,left,A1,0,5,0.5,0.0032159887323155445,0.007495734258724937,-0.0021461365351167295,0.008578113999747818,0.7,0.7
G1_layout-A_target-milk_level-A1_seed-0000,G1,A,milk,left,A1,0,6,0.6,-0.051630135890784246,0.004383760819857126,-0.05476608946747015,-0.04849418231409834,1.0,0.0
G1_layout-A_target-milk_level-A1_seed-0000,G1,A,milk,left,A1,0,7,0.7,-0.03958359591812978,0.0036517347739115306,-0.04219588960748516,-0.0369713022287744,1.0,0.0
G1_layout-A_target-milk_level-A1_seed-0000,G1,A,milk,left,A1,0,8,0.8,-0.030957865908963787,0.007503161826786606,-0.036325304538503675,-0.0255904272794239,1.0,0.0
G1_layout-A_target-milk_level-A1_seed-0000,G1,A,milk,left,A1,0,9,0.9,0.0031399109063593444,0.0054842937885071575,-0.0007833165297182077,0.007063138342436897,0.7,0.7
G1_layout-A_target-milk_level-A1_seed-0000,G1,A,milk,left,A1,0,10,1.0,0.0037161631502078407,0.006123734831876835,-0.0006644928522165994,0.00809681915263228,0.8,0.8
G1_layout-A_target-milk_level-L0_seed-0000,G1,A,milk,left,L0,0,1,0.1,-0.02509205480435569,0.007339618750494772,-0.030342501764843634,-0.019841607843867744,1.0,0.0
G1_layout-A_target-milk_level-L0_seed-0000,G1,A,milk,left,L0,0,2,0.2,-0.02228316273447209,0.004974731897247514,-0.025841871552608576,-0.018724453916335603,1.0,0.0
G1_layout-A_target-milk_level-L0_seed-0000,G1,A,milk,left,L0,0,3,0.3,0.02182813177820451,0.01479018740503795,0.011247869077148845,0.03240839447926017,1.0,1.0
G1_layout-A_target-milk_level-L0_seed-0000,G1,A,milk,left,L0,0,4,0.4,0.02713342045228224,0.016303865181559553,0.015470337900350774,0.03879650300421371,1.0,1.0
G1_layout-A_target-milk_level-L0_seed-0000,G1,A,milk,left,L0,0,5,0.5,-0.01715332334461584,0.006282751257072027,-0.02164773284496924,-0.012658913844262442,1.0,0.0
G1_layout-A_target-milk_level-L0_seed-0000,G1,A,milk,left,L0,0,6,0.6,-0.05428186652145698,0.004659972530398482,-0.05761541005279349,-0.05094832299012047,1.0,0.0
G1_layout-A_target-milk_level-L0_seed-0000,G1,A,milk,left,L0,0,7,0.7,-0.051437064578047,0.003004963225056681,-0.05358668577333229,-0.049287443382761705,1.0,0.0
G1_layout-A_target-milk_level-L0_seed-0000,G1,A,milk,left,L0,0,8,0.8,-0.022452731352882883,0.006477365746144609,-0.027086359671999745,-0.01781910303376602,1.0,0.0
G1_layout-A_target-milk_level-L0_seed-0000,G1,A,milk,left,L0,0,9,0.9,0.0062309011769730496,0.005272566251013175,0.0024591344970297238,0.010002667856916374,0.8,0.8
G1_layout-A_target-milk_level-L0_seed-0000,G1,A,milk,left,L0,0,10,1.0,0.0058003517730082724,0.006401002408501558,0.0012213504948386852,0.01037935305117786,0.9,0.9
G1_layout-A_target-milk_level-L1_seed-0000,G1,A,milk,left,L1,0,1,0.1,-0.029271362576753106,0.007297037457354752,-0.03449134871512743,-0.024051376438378787,1.0,0.0
G1_layout-A_target-milk_level-L1_seed-0000,G1,A,milk,left,L1,0,2,0.2,0.0013560967464402913,0.0033132794489014288,-0.001014080588800587,0.0037262740816811695,0.8,0.8
G1_layout-A_target-milk_level-L1_seed-0000,G1,A,milk,left,L1,0,3,0.3,0.009332880983991204,0.014277014699142276,-0.0008802800779372649,0.019546042045919674,0.7,0.7
G1_layout-A_target-milk_level-L1_seed-0000,G1,A,milk,left,L1,0,4,0.4,0.03773197935608373,0.01474461676916655,0.027184315924108957,0.048279642788058505,1.0,1.0
G1_layout-A_target-milk_level-L1_seed-0000,G1,A,milk,left,L1,0,5,0.5,0.000985016983824688,0.006880247097919684,-0.003936815292578392,0.005906849260227769,0.6,0.6
G1_layout-A_target-milk_level-L1_seed-0000,G1,A,milk,left,L1,0,6,0.6,-0.06563303153111834,0.005706946759340185,-0.06971553530752012,-0.06155052775471656,1.0,0.0
G1_layout-A_target-milk_level-L1_seed-0000,G1,A,milk,left,L1,0,7,0.7,-0.050131752976276166,0.0025309862934879833,-0.051942311500284624,-0.04832119445226771,1.0,0.0
G1_layout-A_target-milk_level-L1_seed-0000,G1,A,milk,left,L1,0,8,0.8,-0.02042819100000503,0.005635854073435395,-0.024459838132579556,-0.016396543867430502,1.0,0.0
G1_layout-A_target-milk_level-L1_seed-0000,G1,A,milk,left,L1,0,9,0.9,0.0028538579993433897,0.007155735066108264,-0.0022650464976200872,0.007972762496306867,0.7,0.7
G1_layout-A_target-milk_level-L1_seed-0000,G1,A,milk,left,L1,0,10,1.0,0.009513652165129833,0.007069057897026095,0.004456752779660803,0.014570551550598863,0.9,0.9
G1_layout-A_target-milk_level-L2_seed-0000,G1,A,milk,left,L2,0,1,0.1,-0.033435600214826854,0.0076313495463493,-0.03889473881481881,-0.027976461614834896,1.0,0.0
G1_layout-A_target-milk_level-L2_seed-0000,G1,A,milk,left,L2,0,2,0.2,-0.006315578005221334,0.004334583671944185,-0.009416352369530905,-0.003214803640911764,1.0,0.0
G1_layout-A_target-milk_level-L2_seed-0000,G1,A,milk,left,L2,0,3,0.3,0.06070501374933075,0.014452926307841604,0.0503660131032757,0.07104401439538581,1.0,1.0
G1_layout-A_target-milk_level-L2_seed-0000,G1,A,milk,left,L2,0,4,0.4,0.06133839735653061,0.014491150017278647,0.05097205311595728,0.07170474159710395,1.0,1.0
G1_layout-A_target-milk_level-L2_seed-0000,G1,A,milk,left,L2,0,5,0.5,0.021423075661561368,0.005571125249485916,0.017437732740215605,0.02540841858290713,1.0,1.0
G1_layout-A_target-milk_level-L2_seed-0000,G1,A,milk,left,L2,0,6,0.6,-0.06079786691995983,0.006971984988065006,-0.06578532452961916,-0.05581040931030049,1.0,0.0
G1_layout-A_target-milk_level-L2_seed-0000,G1,A,milk,left,L2,0,7,0.7,-0.04402466023025499,0.003435815910563135,-0.04648249486958094,-0.04156682559092904,1.0,0.0
G1_layout-A_target-milk_level-L2_seed-0000,G1,A,milk,left,L2,0,8,0.8,-0.021271814071620564,0.006708758549483838,-0.026070970830602145,-0.016472657312638982,1.0,0.0
G1_layout-A_target-milk_level-L2_seed-0000,G1,A,milk,left,L2,0,9,0.9,-0.004712482644805246,0.006721688017787919,-0.00952088858822891,9.592329861841768e-05,0.8,0.2
G1_layout-A_target-milk_level-L2_seed-0000,G1,A,milk,left,L2,0,10,1.0,0.010898451376084157,0.0070366869732544695,0.005864708754488382,0.015932193997679932,0.9,0.9
G1_layout-A_target-milk_level-L3_seed-0000,G1,A,milk,left,L3,0,1,0.1,-0.0358677168179176,0.007471413720266261,-0.041212444220206104,-0.030522989415629097,1.0,0.0
G1_layout-A_target-milk_level-L3_seed-0000,G1,A,milk,left,L3,0,2,0.2,-0.005283266926410274,0.005542319186362062,-0.009248003231566052,-0.0013185306212544958,0.9,0.1
G1_layout-A_target-milk_level-L3_seed-0000,G1,A,milk,left,L3,0,3,0.3,0.08754452981355701,0.016831742187099038,0.07550382680020043,0.09958523282691359,1.0,1.0
G1_layout-A_target-milk_level-L3_seed-0000,G1,A,milk,left,L3,0,4,0.4,0.04430080380423444,0.015889144729515574,0.03293439439172724,0.055667213216741646,1.0,1.0
G1_layout-A_target-milk_level-L3_seed-0000,G1,A,milk,left,L3,0,5,0.5,0.05198127035879637,0.005297447644496797,0.04819170460219392,0.05577083611539882,1.0,1.0
G1_layout-A_target-milk_level-L3_seed-0000,G1,A,milk,left,L3,0,6,0.6,-0.035494673395494114,0.00756205209011662,-0.0409042395816026,-0.030085107209385627,1.0,0.0
G1_layout-A_target-milk_level-L3_seed-0000,G1,A,milk,left,L3,0,7,0.7,-0.048649469447788085,0.003254010003907324,-0.05097724797623834,-0.046321690919337834,1.0,0.0
G1_layout-A_target-milk_level-L3_seed-0000,G1,A,milk,left,L3,0,8,0.8,-0.028135594616250138,0.006442529215889658,-0.03274430238286845,-0.023526886849631827,1.0,0.0
G1_layout-A_target-milk_level-L3_seed-0000,G1,A,milk,left,L3,0,9,0.9,0.007658746755896059,0.007506367980594131,0.0022890145820882984,0.01302847892970382,0.7,0.7
G1_layout-A_target-milk_level-L3_seed-0000,G1,A,milk,left,L3,0,10,1.0,0.013550316293905726,0.007075650006804988,0.008488701197181332,0.01861193139063012,0.9,0.9
G1_layout-A_target-orange_juice_level-A1_seed-0000,G1,A,orange_juice,right,A1,0,1,0.1,0.025357083201419894,0.00731943523163541,0.02012107466053514,0.030593091742304648,1.0,1.0
G1_layout-A_target-orange_juice_level-A1_seed-0000,G1,A,orange_juice,right,A1,0,2,0.2,0.03189242718099857,0.007201176264054957,0.026741016009267544,0.0370438383527296,1.0,1.0
G1_layout-A_target-orange_juice_level-A1_seed-0000,G1,A,orange_juice,right,A1,0,3,0.3,-0.03490495577928961,0.01468915931837336,-0.045412947340850975,-0.024396964217728252,1.0,0.0
G1_layout-A_target-orange_juice_level-A1_seed-0000,G1,A,orange_juice,right,A1,0,4,0.4,-0.029157410145710376,0.015120555087847785,-0.03997400365017942,-0.018340816641241334,1.0,0.0
G1_layout-A_target-orange_juice_level-A1_seed-0000,G1,A,orange_juice,right,A1,0,5,0.5,0.014926311812816378,0.007364046861239623,0.009658390034606855,0.0201942335910259,1.0,1.0
G1_layout-A_target-orange_juice_level-A1_seed-0000,G1,A,orange_juice,right,A1,0,6,0.6,0.03895421814204961,0.008122745446907114,0.03314355609101926,0.044764880193079955,1.0,1.0
G1_layout-A_target-orange_juice_level-A1_seed-0000,G1,A,orange_juice,right,A1,0,7,0.7,0.026579754871922805,0.012094538141892378,0.017927843487380708,0.0352316662564649,1.0,1.0
G1_layout-A_target-orange_juice_level-A1_seed-0000,G1,A,orange_juice,right,A1,0,8,0.8,0.018101122429073788,0.01204018756800598,0.009488091102905754,0.02671415375524182,0.9,0.9
G1_layout-A_target-orange_juice_level-A1_seed-0000,G1,A,orange_juice,right,A1,0,9,0.9,-0.017002755642564298,0.013249030965643614,-0.026480541441490823,-0.007524969843637774,0.9,0.1
G1_layout-A_target-orange_juice_level-A1_seed-0000,G1,A,orange_juice,right,A1,0,10,1.0,-0.024100897374052122,0.007581804555342333,-0.029524593622570115,-0.01867720112553413,1.0,0.0
G1_layout-A_target-orange_juice_level-L0_seed-0000,G1,A,orange_juice,right,L0,0,1,0.1,0.028401547060161358,0.008046801591428189,0.02264521197061524,0.034157882149707476,1.0,1.0
G1_layout-A_target-orange_juice_level-L0_seed-0000,G1,A,orange_juice,right,L0,0,2,0.2,0.03515294613423787,0.009823475026395585,0.028125655433301797,0.04218023683517394,1.0,1.0
G1_layout-A_target-orange_juice_level-L0_seed-0000,G1,A,orange_juice,right,L0,0,3,0.3,-0.006788193263431092,0.015513570975872438,-0.01788593339756171,0.004309546870699526,0.7,0.3
G1_layout-A_target-orange_juice_level-L0_seed-0000,G1,A,orange_juice,right,L0,0,4,0.4,0.002540589789188413,0.012545848301657014,-0.006434169434884018,0.011515349013260845,0.5,0.5
G1_layout-A_target-orange_juice_level-L0_seed-0000,G1,A,orange_juice,right,L0,0,5,0.5,0.03220151189945077,0.006205599882307375,0.02776229316784176,0.036640730631059784,1.0,1.0
G1_layout-A_target-orange_juice_level-L0_seed-0000,G1,A,orange_juice,right,L0,0,6,0.6,0.02383155814333602,0.00587052519098071,0.019632037406189448,0.02803107888048259,1.0,1.0
G1_layout-A_target-orange_juice_level-L0_seed-0000,G1,A,orange_juice,right,L0,0,7,0.7,0.0292449686430577,0.008418126446124363,0.023223003754339555,0.035266933531775846,1.0,1.0
G1_layout-A_target-orange_juice_level-L0_seed-0000,G1,A,orange_juice,right,L0,0,8,0.8,0.020131481983426302,0.01420915815729537,0.009966862567324503,0.0302961013995281,0.9,0.9
G1_layout-A_target-orange_juice_level-L0_seed-0000,G1,A,orange_juice,right,L0,0,9,0.9,-0.03267386578288961,0.01295818792386538,-0.04194359500332142,-0.0234041365624578,1.0,0.0
G1_layout-A_target-orange_juice_level-L0_seed-0000,G1,A,orange_juice,right,L0,0,10,1.0,-0.022796225331690262,0.0073314239927418845,-0.02804081011562678,-0.017551640547753745,1.0,0.0
G1_layout-A_target-orange_juice_level-L1_seed-0000,G1,A,orange_juice,right,L1,0,1,0.1,0.03531823397292711,0.008492808152348614,0.029242845009910458,0.041393622935943765,1.0,1.0
G1_layout-A_target-orange_juice_level-L1_seed-0000,G1,A,orange_juice,right,L1,0,2,0.2,0.0015100244936107287,0.0075433291072901235,-0.003886148077432121,0.006906197064653579,0.7,0.7
G1_layout-A_target-orange_juice_level-L1_seed-0000,G1,A,orange_juice,right,L1,0,3,0.3,0.022431047810527904,0.01390058027499423,0.012487171713565483,0.032374923907490326,0.9,0.9
G1_layout-A_target-orange_juice_level-L1_seed-0000,G1,A,orange_juice,right,L1,0,4,0.4,0.025408888512511496,0.014343179005165936,0.015148396357339076,0.035669380667683916,1.0,1.0
G1_layout-A_target-orange_juice_level-L1_seed-0000,G1,A,orange_juice,right,L1,0,5,0.5,0.027767868859050675,0.00806307512526247,0.02199989238469137,0.03353584533340998,1.0,1.0
G1_layout-A_target-orange_juice_level-L1_seed-0000,G1,A,orange_juice,right,L1,0,6,0.6,0.02871503589624903,0.006148644826060458,0.024316560357457204,0.033113511435040856,1.0,1.0
G1_layout-A_target-orange_juice_level-L1_seed-0000,G1,A,orange_juice,right,L1,0,7,0.7,0.04544397949123737,0.007564180669086599,0.04003289061146277,0.050855068371011974,1.0,1.0
G1_layout-A_target-orange_juice_level-L1_seed-0000,G1,A,orange_juice,right,L1,0,8,0.8,-0.01046403206292289,0.010863474869022095,-0.018235293833508623,-0.0026927702923371577,0.9,0.1
G1_layout-A_target-orange_juice_level-L1_seed-0000,G1,A,orange_juice,right,L1,0,9,0.9,-0.04417821251444164,0.013031818919364868,-0.0535006141759988,-0.03485581085288447,1.0,0.0
G1_layout-A_target-orange_juice_level-L1_seed-0000,G1,A,orange_juice,right,L1,0,10,1.0,-0.02302572535734083,0.007489607178990819,-0.028383467575971762,-0.0176679831387099,1.0,0.0
G1_layout-A_target-orange_juice_level-L2_seed-0000,G1,A,orange_juice,right,L2,0,1,0.1,0.0438033092053532,0.008748033627598873,0.037545342936032115,0.05006127547467428,1.0,1.0
G1_layout-A_target-orange_juice_level-L2_seed-0000,G1,A,orange_juice,right,L2,0,2,0.2,-0.010211644533074927,0.00464635192781847,-0.013535444472292105,-0.006887844593857748,1.0,0.0
G1_layout-A_target-orange_juice_level-L2_seed-0000,G1,A,orange_juice,right,L2,0,3,0.3,0.01766802867252021,0.013802741328067216,0.007794142341916653,0.027541915003123765,0.9,0.9
G1_layout-A_target-orange_juice_level-L2_seed-0000,G1,A,orange_juice,right,L2,0,4,0.4,0.029014838967479757,0.013486634191579003,0.019367082059995246,0.03866259587496427,1.0,1.0
G1_layout-A_target-orange_juice_level-L2_seed-0000,G1,A,orange_juice,right,L2,0,5,0.5,0.04049712172519789,0.006555629705042335,0.03580750674259355,0.04518673670780223,1.0,1.0
G1_layout-A_target-orange_juice_level-L2_seed-0000,G1,A,orange_juice,right,L2,0,6,0.6,0.039040785450790996,0.005382037189928608,0.035190707978689485,0.04289086292289251,1.0,1.0
G1_layout-A_target-orange_juice_level-L2_seed-0000,G1,A,orange_juice,right,L2,0,7,0.7,0.01675173516526615,0.006477324415363989,0.012118136412408635,0.021385333918123667,1.0,1.0
G1_layout-A_target-orange_juice_level-L2_seed-0000,G1,A,orange_juice,right,L2,0,8,0.8,-0.023984442771190013,0.010368314874217913,-0.03140148841992342,-0.0165673971224566,1.0,0.0
G1_layout-A_target-orange_juice_level-L2_seed-0000,G1,A,orange_juice,right,L2,0,9,0.9,-0.05083075989852761,0.013151213841221629,-0.06023857154197495,-0.04142294825508027,1.0,0.0
G1_layout-A_target-orange_juice_level-L2_seed-0000,G1,A,orange_juice,right,L2,0,10,1.0,-0.029040976751366087,0.007361689157836451,-0.03430721193016388,-0.023774741572568293,1.0,0.0
G1_layout-A_target-orange_juice_level-L3_seed-0000,G1,A,orange_juice,right,L3,0,1,0.1,0.05136201395457265,0.008874322095472108,0.04501370635761176,0.057710321551533536,1.0,1.0
G1_layout-A_target-orange_juice_level-L3_seed-0000,G1,A,orange_juice,right,L3,0,2,0.2,0.0031493733040472067,0.00683905092347977,-0.0017429890044699807,0.008041735612564395,0.8,0.8
G1_layout-A_target-orange_juice_level-L3_seed-0000,G1,A,orange_juice,right,L3,0,3,0.3,0.01927722023177465,0.011242532280410665,0.01123479712418604,0.027319643339363257,1.0,1.0
G1_layout-A_target-orange_juice_level-L3_seed-0000,G1,A,orange_juice,right,L3,0,4,0.4,0.03880531481471002,0.012128245868380143,0.030129290375239735,0.04748133925418031,1.0,1.0
G1_layout-A_target-orange_juice_level-L3_seed-0000,G1,A,orange_juice,right,L3,0,5,0.5,0.0411062298920406,0.006748852232179477,0.03627839184025619,0.04593406794382501,1.0,1.0
G1_layout-A_target-orange_juice_level-L3_seed-0000,G1,A,orange_juice,right,L3,0,6,0.6,0.034408328570255296,0.005033654776819352,0.030807468863296376,0.038009188277214216,1.0,1.0
G1_layout-A_target-orange_juice_level-L3_seed-0000,G1,A,orange_juice,right,L3,0,7,0.7,0.016561259477606893,0.0052525567778170575,0.012803806712499598,0.020318712242714188,1.0,1.0
G1_layout-A_target-orange_juice_level-L3_seed-0000,G1,A,orange_juice,right,L3,0,8,0.8,-0.0009310992762739861,0.00861335541334003,-0.0070927225549388285,0.005230524002390857,0.5,0.5
G1_layout-A_target-orange_juice_level-L3_seed-0000,G1,A,orange_juice,right,L3,0,9,0.9,-0.052939995386814286,0.013372740575726799,-0.06250627770965095,-0.04337371306397763,1.0,0.0
G1_layout-A_target-orange_juice_level-L3_seed-0000,G1,A,orange_juice,right,L3,0,10,1.0,-0.03487378434557068,0.007354132691460145,-0.04013461395396131,-0.02961295473718005,1.0,0.0
G1_layout-B_target-milk_level-A1_seed-0000,G1,B,milk,right,A1,0,1,0.1,-0.02081193105479582,0.006138456157542014,-0.02520311805920015,-0.01642074405039149,1.0,0.0
G1_layout-B_target-milk_level-A1_seed-0000,G1,B,milk,right,A1,0,2,0.2,-0.03578805880508992,0.006897264465421919,-0.04072206457285747,-0.030854053037322377,1.0,0.0
G1_layout-B_target-milk_level-A1_seed-0000,G1,B,milk,right,A1,0,3,0.3,0.009690231427684498,0.013540029622587485,4.277729879842776e-06,0.01937618512548915,0.7,0.7
G1_layout-B_target-milk_level-A1_seed-0000,G1,B,milk,right,A1,0,4,0.4,-0.015598505429449355,0.013045521803631612,-0.024930709543898692,-0.006266301315000016,1.0,0.0
G1_layout-B_target-milk_level-A1_seed-0000,G1,B,milk,right,A1,0,5,0.5,-0.05192684646458786,0.006401643119740239,-0.05650630607996678,-0.04734738684920894,1.0,0.0
G1_layout-B_target-milk_level-A1_seed-0000,G1,B,milk,right,A1,0,6,0.6,-0.05057480262308136,0.0035430470507431372,-0.05310934579907208,-0.04804025944709064,1.0,0.0
G1_layout-B_target-milk_level-A1_seed-0000,G1,B,milk,right,A1,0,7,0.7,-0.02560603737407674,0.006446831231304394,-0.03021782261713165,-0.02099425213102183,1.0,0.0
G1_layout-B_target-milk_level-A1_seed-0000,G1,B,milk,right,A1,0,8,0.8,-0.018575340367900046,0.010785380941525572,-0.026290737108135388,-0.010859943627664705,0.9,0.1
G1_layout-B_target-milk_level-A1_seed-0000,G1,B,milk,right,A1,0,9,0.9,0.02898002650771354,0.01246548086351631,0.020062758685531652,0.03789729432989543,1.0,1.0
G1_layout-B_target-milk_level-A1_seed-0000,G1,B,milk,right,A1,0,10,1.0,0.0207842888189188,0.007568421528957684,0.01537016621074809,0.026198411427089507,1.0,1.0
G1_layout-B_target-milk_level-L0_seed-0000,G1,B,milk,right,L0,0,1,0.1,-0.022860638047657415,0.00693392122776604,-0.027820866483519002,-0.01790040961179583,1.0,0.0
G1_layout-B_target-milk_level-L0_seed-0000,G1,B,milk,right,L0,0,2,0.2,-0.03587254668257851,0.009162496328961761,-0.04242700170759412,-0.029318091657562904,1.0,0.0
G1_layout-B_target-milk_level-L0_seed-0000,G1,B,milk,right,L0,0,3,0.3,0.0017436796793356192,0.013781301499753417,-0.008114869522020455,0.011602228880691692,0.5,0.5
G1_layout-B_target-milk_level-L0_seed-0000,G1,B,milk,right,L0,0,4,0.4,-0.02720938801293671,0.012483899347646049,-0.03613983162493864,-0.018278944400934773,1.0,0.0
G1_layout-B_target-milk_level-L0_seed-0000,G1,B,milk,right,L0,0,5,0.5,-0.04376681869406813,0.006685967608842425,-0.04854967179626791,-0.03898396559186835,1.0,0.0
G1_layout-B_target-milk_level-L0_seed-0000,G1,B,milk,right,L0,0,6,0.6,-0.04211564365243947,0.002066512429227187,-0.04359393758999788,-0.04063734971488106,1.0,0.0
G1_layout-B_target-milk_level-L0_seed-0000,G1,B,milk,right,L0,0,7,0.7,-0.029892360697025368,0.011146207953378322,-0.03786587753205671,-0.021918843861994025,1.0,0.0
G1_layout-B_target-milk_level-L0_seed-0000,G1,B,milk,right,L0,0,8,0.8,-0.025772263452288124,0.009905795283052757,-0.032858442517326635,-0.01868608438724961,1.0,0.0
G1_layout-B_target-milk_level-L0_seed-0000,G1,B,milk,right,L0,0,9,0.9,0.034318743212639634,0.012682804726957658,0.02524601126390891,0.04339147516137036,1.0,1.0
G1_layout-B_target-milk_level-L0_seed-0000,G1,B,milk,right,L0,0,10,1.0,0.02098953722769915,0.0073369034716754804,0.015741032660666267,0.026238041794732034,1.0,1.0
G1_layout-B_target-milk_level-L1_seed-0000,G1,B,milk,right,L1,0,1,0.1,-0.029030754114206025,0.00740811721536994,-0.034330201924592026,-0.02373130630382003,1.0,0.0
G1_layout-B_target-milk_level-L1_seed-0000,G1,B,milk,right,L1,0,2,0.2,0.0006885966719659742,0.007482470232577434,-0.004664040082760473,0.006041233426692421,0.6,0.6
G1_layout-B_target-milk_level-L1_seed-0000,G1,B,milk,right,L1,0,3,0.3,-0.02380227715925417,0.013668151100490189,-0.033579883441081954,-0.014024670877426383,0.9,0.1
G1_layout-B_target-milk_level-L1_seed-0000,G1,B,milk,right,L1,0,4,0.4,-0.04455711563913208,0.011913191391297512,-0.0530792993732576,-0.03603493190500656,1.0,0.0
G1_layout-B_target-milk_level-L1_seed-0000,G1,B,milk,right,L1,0,5,0.5,-0.06552635918135104,0.006489993963047299,-0.07016902118263955,-0.060883697180062514,1.0,0.0
G1_layout-B_target-milk_level-L1_seed-0000,G1,B,milk,right,L1,0,6,0.6,-0.04160390080449413,0.0029589778487952825,-0.04372062604329636,-0.0394871755656919,1.0,0.0
G1_layout-B_target-milk_level-L1_seed-0000,G1,B,milk,right,L1,0,7,0.7,-0.03947471295667334,0.009052945191185364,-0.04595079981872172,-0.03299862609462496,1.0,0.0
G1_layout-B_target-milk_level-L1_seed-0000,G1,B,milk,right,L1,0,8,0.8,-0.007951201542214792,0.008674901977166144,-0.014156852580352496,-0.0017455505040770867,0.9,0.1
G1_layout-B_target-milk_level-L1_seed-0000,G1,B,milk,right,L1,0,9,0.9,0.028880467393600694,0.011299483616989577,0.020797303754085093,0.0369636310331163,1.0,1.0
G1_layout-B_target-milk_level-L1_seed-0000,G1,B,milk,right,L1,0,10,1.0,0.02856111679183527,0.00800224001188068,0.022836659135960207,0.034285574447710326,1.0,1.0
G1_layout-B_target-milk_level-L2_seed-0000,G1,B,milk,right,L2,0,1,0.1,-0.03679443406161585,0.0077215990735062185,-0.04231813328412169,-0.03127073483911001,1.0,0.0
G1_layout-B_target-milk_level-L2_seed-0000,G1,B,milk,right,L2,0,2,0.2,0.016851827604496446,0.004705292712266449,0.013485863968080034,0.020217791240912858,1.0,1.0
G1_layout-B_target-milk_level-L2_seed-0000,G1,B,milk,right,L2,0,3,0.3,-0.021538751448628223,0.01438039338471102,-0.031825865167210296,-0.011251637730046154,0.9,0.1
G1_layout-B_target-milk_level-L2_seed-0000,G1,B,milk,right,L2,0,4,0.4,-0.04467038237129386,0.012795111027267788,-0.053823453407537435,-0.03551731133505028,1.0,0.0
G1_layout-B_target-milk_level-L2_seed-0000,G1,B,milk,right,L2,0,5,0.5,-0.05412276842056067,0.00643454795079262,-0.058725766734073294,-0.04951977010704805,1.0,0.0
G1_layout-B_target-milk_level-L2_seed-0000,G1,B,milk,right,L2,0,6,0.6,-0.04919600736868009,0.0050188395372813815,-0.05278626889172165,-0.045605745845638535,1.0,0.0
G1_layout-B_target-milk_level-L2_seed-0000,G1,B,milk,right,L2,0,7,0.7,-0.02089824276395198,0.006267401007168833,-0.02538167135702848,-0.016414814170875477,1.0,0.0
G1_layout-B_target-milk_level-L2_seed-0000,G1,B,milk,right,L2,0,8,0.8,0.023896205475811717,0.010124464084120328,0.016653600173805325,0.031138810777818108,1.0,1.0
G1_layout-B_target-milk_level-L2_seed-0000,G1,B,milk,right,L2,0,9,0.9,0.04060641319550266,0.012211388104071517,0.031870912383551234,0.04934191400745408,1.0,1.0
G1_layout-B_target-milk_level-L2_seed-0000,G1,B,milk,right,L2,0,10,1.0,0.028675970427480945,0.007011613607882411,0.02366016421096044,0.03369177664400145,1.0,1.0
G1_layout-B_target-milk_level-L3_seed-0000,G1,B,milk,right,L3,0,1,0.1,-0.043582656892304686,0.007940504213287196,-0.04926295141830919,-0.03790236236630018,1.0,0.0
G1_layout-B_target-milk_level-L3_seed-0000,G1,B,milk,right,L3,0,2,0.2,0.006192041416189733,0.006439544326774859,0.0015854689106133022,0.010798613921766165,0.9,0.9
G1_layout-B_target-milk_level-L3_seed-0000,G1,B,milk,right,L3,0,3,0.3,-0.03372320757204346,0.01159996639615799,-0.042021323642767755,-0.025425091501319164,1.0,0.0
G1_layout-B_target-milk_level-L3_seed-0000,G1,B,milk,right,L3,0,4,0.4,-0.05104996232928214,0.011612443979896036,-0.0593570043257035,-0.042742920332860784,1.0,0.0
G1_layout-B_target-milk_level-L3_seed-0000,G1,B,milk,right,L3,0,5,0.5,-0.048528980759880935,0.00753347701163484,-0.05391810556625832,-0.04313985595350355,1.0,0.0
G1_layout-B_target-milk_level-L3_seed-0000,G1,B,milk,right,L3,0,6,0.6,-0.04173446756821299,0.0046187018248330545,-0.04503848781530826,-0.038430447321117715,1.0,0.0
G1_layout-B_target-milk_level-L3_seed-0000,G1,B,milk,right,L3,0,7,0.7,-0.014301220398017983,0.004786942383121967,-0.017725592690352565,-0.010876848105683401,1.0,0.0
G1_layout-B_target-milk_level-L3_seed-0000,G1,B,milk,right,L3,0,8,0.8,0.013543666609706202,0.009088008498621597,0.007042496968536516,0.020044836250875886,0.9,0.9
G1_layout-B_target-milk_level-L3_seed-0000,G1,B,milk,right,L3,0,9,0.9,0.04184455178963109,0.012042516583785827,0.03322985438594079,0.05045924919332139,1.0,1.0
G1_layout-B_target-milk_level-L3_seed-0000,G1,B,milk,right,L3,0,10,1.0,0.03511596874715456,0.007107744786580983,0.030031394428071234,0.04020054306623788,1.0,1.0
G1_layout-B_target-orange_juice_level-A1_seed-0000,G1,B,orange_juice,left,A1,0,1,0.1,0.020020548172032134,0.006742203556992342,0.015197466295958513,0.024843630048105754,1.0,1.0
G1_layout-B_target-orange_juice_level-A1_seed-0000,G1,B,orange_juice,left,A1,0,2,0.2,0.047984053129154554,0.008623755212369709,0.04181499028243294,0.054153115975876166,1.0,1.0
G1_layout-B_target-orange_juice_level-A1_seed-0000,G1,B,orange_juice,left,A1,0,3,0.3,-0.015136638914096029,0.014515417350474047,-0.02552034295906061,-0.004752934869131446,0.9,0.1
G1_layout-B_target-orange_juice_level-A1_seed-0000,G1,B,orange_juice,left,A1,0,4,0.4,0.008764186162831972,0.014934205930015498,-0.001919101184656635,0.019447473510320577,0.6,0.6
G1_layout-B_target-orange_juice_level-A1_seed-0000,G1,B,orange_juice,left,A1,0,5,0.5,0.04870372981750018,0.004910149352753654,0.04519122056857368,0.05221623906642668,1.0,1.0
G1_layout-B_target-orange_juice_level-A1_seed-0000,G1,B,orange_juice,left,A1,0,6,0.6,0.061532591575062065,0.005204256018790903,0.05780969109148861,0.06525549205863553,1.0,1.0
G1_layout-B_target-orange_juice_level-A1_seed-0000,G1,B,orange_juice,left,A1,0,7,0.7,0.04851192935673536,0.0033285056386897255,0.04613085986147753,0.050892998851993186,1.0,1.0
G1_layout-B_target-orange_juice_level-A1_seed-0000,G1,B,orange_juice,left,A1,0,8,0.8,0.03778944325180655,0.006530815370195059,0.03311757937500272,0.042461307128610376,1.0,1.0
G1_layout-B_target-orange_juice_level-A1_seed-0000,G1,B,orange_juice,left,A1,0,9,0.9,0.009327734415755337,0.005705978283399661,0.005245923445305897,0.013409545386204778,1.0,1.0
G1_layout-B_target-orange_juice_level-A1_seed-0000,G1,B,orange_juice,left,A1,0,10,1.0,-0.0060122763996461655,0.007302685932323607,-0.011236303213597757,-0.000788249585694574,0.8,0.2
G1_layout-B_target-orange_juice_level-L0_seed-0000,G1,B,orange_juice,left,L0,0,1,0.1,0.020635402770876173,0.006011811468359285,0.016334811919485454,0.02493599362226689,1.0,1.0
G1_layout-B_target-orange_juice_level-L0_seed-0000,G1,B,orange_juice,left,L0,0,2,0.2,0.0319805228923702,0.005651950564128913,0.02793736102401589,0.03602368476072451,1.0,1.0
G1_layout-B_target-orange_juice_level-L0_seed-0000,G1,B,orange_juice,left,L0,0,3,0.3,0.004637152449234095,0.014207569108024575,-0.005526330229497885,0.014800635127966075,0.6,0.6
G1_layout-B_target-orange_juice_level-L0_seed-0000,G1,B,orange_juice,left,L0,0,4,0.4,0.017675312975937118,0.013501591066570099,0.00801685656463572,0.027333769387238516,0.9,0.9
G1_layout-B_target-orange_juice_level-L0_seed-0000,G1,B,orange_juice,left,L0,0,5,0.5,0.05051272821617103,0.005346354254215909,0.04668817677855754,0.05433727965378452,1.0,1.0
G1_layout-B_target-orange_juice_level-L0_seed-0000,G1,B,orange_juice,left,L0,0,6,0.6,0.05935160437324,0.003817927459953205,0.05662042359819995,0.06208278514828004,1.0,1.0
G1_layout-B_target-orange_juice_level-L0_seed-0000,G1,B,orange_juice,left,L0,0,7,0.7,0.05761344260863148,0.002713821424516954,0.05567209171098416,0.0595547935062788,1.0,1.0
G1_layout-B_target-orange_juice_level-L0_seed-0000,G1,B,orange_juice,left,L0,0,8,0.8,0.031793863804715695,0.006067268145640951,0.02745360163624837,0.03613412597318302,1.0,1.0
G1_layout-B_target-orange_juice_level-L0_seed-0000,G1,B,orange_juice,left,L0,0,9,0.9,0.008514153118665824,0.005466131673017776,0.004603918077330959,0.012424388160000688,0.9,0.9
G1_layout-B_target-orange_juice_level-L0_seed-0000,G1,B,orange_juice,left,L0,0,10,1.0,-0.007700859088971307,0.007085800886746517,-0.012769735687763732,-0.0026319824901788825,0.9,0.1
G1_layout-B_target-orange_juice_level-L1_seed-0000,G1,B,orange_juice,left,L1,0,1,0.1,0.024892927411902153,0.005750250414169686,0.020779446066963556,0.02900640875684075,1.0,1.0
G1_layout-B_target-orange_juice_level-L1_seed-0000,G1,B,orange_juice,left,L1,0,2,0.2,0.005189225878274054,0.004510426939914072,0.0019626608178506667,0.00841579093869744,0.9,0.9
G1_layout-B_target-orange_juice_level-L1_seed-0000,G1,B,orange_juice,left,L1,0,3,0.3,0.01948665263682779,0.014147652304397487,0.009366031857355194,0.029607273416300383,0.9,0.9
G1_layout-B_target-orange_juice_level-L1_seed-0000,G1,B,orange_juice,left,L1,0,4,0.4,0.006737448773291877,0.01329247871265348,-0.0027714176715077886,0.016246315218091542,0.8,0.8
G1_layout-B_target-orange_juice_level-L1_seed-0000,G1,B,orange_juice,left,L1,0,5,0.5,0.025802132057416306,0.004821653143903164,0.022352929182644785,0.029251334932187827,1.0,1.0
G1_layout-B_target-orange_juice_level-L1_seed-0000,G1,B,orange_juice,left,L1,0,6,0.6,0.062027292057166616,0.005141881896538624,0.05834901133270129,0.06570557278163194,1.0,1.0
G1_layout-B_target-orange_juice_level-L1_seed-0000,G1,B,orange_juice,left,L1,0,7,0.7,0.053692463510604214,0.0018150623363696365,0.05239404613348286,0.054990880887725566,1.0,1.0
G1_layout-B_target-orange_juice_level-L1_seed-0000,G1,B,orange_juice,left,L1,0,8,0.8,0.03363579079060933,0.005389911271715703,0.029780080539723103,0.037491501041495554,1.0,1.0
G1_layout-B_target-orange_juice_level-L1_seed-0000,G1,B,orange_juice,left,L1,0,9,0.9,0.000432300313464859,0.006307617356909034,-0.004079897323131939,0.004944497950061657,0.4,0.4
G1_layout-B_target-orange_juice_level-L1_seed-0000,G1,B,orange_juice,left,L1,0,10,1.0,-0.008961331486962732,0.0073255766315052685,-0.014201733320656827,-0.0037209296532686367,0.9,0.1
G1_layout-B_target-orange_juice_level-L2_seed-0000,G1,B,orange_juice,left,L2,0,1,0.1,0.028613496117333513,0.006001707791602581,0.024320133000886576,0.03290685923378045,1.0,1.0
G1_layout-B_target-orange_juice_level-L2_seed-0000,G1,B,orange_juice,left,L2,0,2,0.2,0.012423828588638,0.005552832929442395,0.008451571204761919,0.01639608597251408,1.0,1.0
G1_layout-B_target-orange_juice_level-L2_seed-0000,G1,B,orange_juice,left,L2,0,3,0.3,-0.011091365649603436,0.01368951066241513,-0.020884251641563115,-0.0012984796576437571,0.7,0.3
G1_layout-B_target-orange_juice_level-L2_seed-0000,G1,B,orange_juice,left,L2,0,4,0.4,-0.030411123307526877,0.014434578767993117,-0.040736998914243414,-0.020085247700810337,1.0,0.0
G1_layout-B_target-orange_juice_level-L2_seed-0000,G1,B,orange_juice,left,L2,0,5,0.5,-0.0013074570065904456,0.005350614479410318,-0.005135056025717823,0.002520142012536932,0.5,0.5
G1_layout-B_target-orange_juice_level-L2_seed-0000,G1,B,orange_juice,left,L2,0,6,0.6,0.05121048325552783,0.006670676374602728,0.046438568843342506,0.05598239766771315,1.0,1.0
G1_layout-B_target-orange_juice_level-L2_seed-0000,G1,B,orange_juice,left,L2,0,7,0.7,0.040612914604065416,0.0032415632636085424,0.03829403993724494,0.04293178927088589,1.0,1.0
G1_layout-B_target-orange_juice_level-L2_seed-0000,G1,B,orange_juice,left,L2,0,8,0.8,0.022713623489951762,0.006204275203256342,0.018275352376650126,0.027151894603253398,1.0,1.0
G1_layout-B_target-orange_juice_level-L2_seed-0000,G1,B,orange_juice,left,L2,0,9,0.9,0.005246627727589123,0.006764994281349832,0.0004072423494538933,0.010086013105724352,0.8,0.8
G1_layout-B_target-orange_juice_level-L2_seed-0000,G1,B,orange_juice,left,L2,0,10,1.0,-0.013442954903642368,0.00788616440036157,-0.019084377069200412,-0.007801532738084323,0.9,0.1
G1_layout-B_target-orange_juice_level-L3_seed-0000,G1,B,orange_juice,left,L3,0,1,0.1,0.031487189937701776,0.009677944501505588,0.028736748542711698,0.03423763133269185,1.0,1.0
G1_layout-B_target-orange_juice_level-L3_seed-0000,G1,B,orange_juice,left,L3,0,2,0.2,0.016867155738752013,0.007720220638917467,0.014673093309438433,0.01906121816806559,0.98,0.98
G1_layout-B_target-orange_juice_level-L3_seed-0000,G1,B,orange_juice,left,L3,0,3,0.3,-0.05237077563837402,0.015351867275071613,-0.05673372804393717,-0.04800782323281087,1.0,0.0
G1_layout-B_target-orange_juice_level-L3_seed-0000,G1,B,orange_juice,left,L3,0,4,0.4,-0.005775633549537584,0.010269618286630335,-0.00869422677373937,-0.0028570403253357977,0.7,0.3
G1_layout-B_target-orange_juice_level-L3_seed-0000,G1,B,orange_juice,left,L3,0,5,0.5,-0.018328252336008453,0.010279368729779931,-0.021249616605493044,-0.015406888066523862,0.92,0.08
G1_layout-B_target-orange_juice_level-L3_seed-0000,G1,B,orange_juice,left,L3,0,6,0.6,0.0322800357494132,0.006467311441594079,0.030442046174200602,0.03411802532462579,1.0,1.0
G1_layout-B_target-orange_juice_level-L3_seed-0000,G1,B,orange_juice,left,L3,0,7,0.7,0.04619852432579503,0.0054831693168625704,0.044640224847792016,0.04775682380379804,1.0,1.0
G1_layout-B_target-orange_juice_level-L3_seed-0000,G1,B,orange_juice,left,L3,0,8,0.8,0.028980660067091487,0.0038000037841387463,0.02790071094076738,0.030060609193415595,1.0,1.0
G1_layout-B_target-orange_juice_level-L3_seed-0000,G1,B,orange_juice,left,L3,0,9,0.9,-0.010225921693488144,0.006438990712080961,-0.012055862606427764,-0.008395980780548524,0.94,0.06
G1_layout-B_target-orange_juice_level-L3_seed-0000,G1,B,orange_juice,left,L3,0,10,1.0,-0.010755765114661617,0.010148732286834853,-0.01364000291784807,-0.007871527311475165,0.9,0.1
G2_layout-A_target-milk_level-A1_seed-0000,G2,A,milk,left,A1,0,1,0.1,-0.021005466235915506,0.009388300744506408,-0.02772145200899364,-0.014289480462837373,1.0,0.0
G2_layout-A_target-milk_level-A1_seed-0000,G2,A,milk,left,A1,0,2,0.2,-0.04043408151432902,0.009438383748478229,-0.047185894510171036,-0.033682268518487005,1.0,0.0
G2_layout-A_target-milk_level-A1_seed-0000,G2,A,milk,left,A1,0,3,0.3,0.06370416375933952,0.015229445922895211,0.05280967444402046,0.07459865307465857,1.0,1.0
G2_layout-A_target-milk_level-A1_seed-0000,G2,A,milk,left,A1,0,4,0.4,0.04211952960689891,0.01471163632843488,0.03159545896096407,0.052643600252833746,1.0,1.0
G2_layout-A_target-milk_level-A1_seed-0000,G2,A,milk,left,A1,0,5,0.5,-0.012581001638148159,0.0065815846727626925,-0.017289183686155958,-0.007872819590140358,1.0,0.0
G2_layout-A_target-milk_level-A1_seed-0000,G2,A,milk,left,A1,0,6,0.6,-0.029676552989195987,0.009682532868525013,-0.03660301974415445,-0.022750086234237528,1.0,0.0
G2_layout-A_target-milk_level-A1_seed-0000,G2,A,milk,left,A1,0,7,0.7,-0.029144835669110546,0.0030682389709997954,-0.03133972160623781,-0.026949949731983284,1.0,0.0
G2_layout-A_target-milk_level-A1_seed-0000,G2,A,milk,left,A1,0,8,0.8,-0.01655939077340794,0.008902983329452373,-0.022928201382030756,-0.010190580164785119,1.0,0.0
G2_layout-A_target-milk_level-A1_seed-0000,G2,A,milk,left,A1,0,9,0.9,0.001619600355799175,0.004480286274990385,-0.001585403371819972,0.004824604083418322,0.6,0.6
G2_layout-A_target-milk_level-A1_seed-0000,G2,A,milk,left,A1,0,10,1.0,0.009984313541465178,0.005953521449050389,0.0057254208579372735,0.014243206224993083,0.9,0.9
G2_layout-A_target-milk_level-L0_seed-0000,G2,A,milk,left,L0,0,1,0.1,-0.021701951547583687,0.008597243189762698,-0.027852048835841657,-0.015551854259325718,1.0,0.0
G2_layout-A_target-milk_level-L0_seed-0000,G2,A,milk,left,L0,0,2,0.2,-0.01828004224967942,0.005198978606334951,-0.021999167499806762,-0.014560916999552077,1.0,0.0
G2_layout-A_target-milk_level-L0_seed-0000,G2,A,milk,left,L0,0,3,0.3,0.052090103547793754,0.014464146776428594,0.04174307626204657,0.06243713083354094,1.0,1.0
G2_layout-A_target-milk_level-L0_seed-0000,G2,A,milk,left,L0,0,4,0.4,0.06323934154269609,0.015726661741761218,0.051989165457584585,0.07448951762780759,1.0,1.0
G2_layout-A_target-milk_level-L0_seed-0000,G2,A,milk,left,L0,0,5,0.5,-0.03349195321340946,0.006739209390184726,-0.03831289319157957,-0.028671013235239347,1.0,0.0
G2_layout-A_target-milk_level-L0_seed-0000,G2,A,milk,left,L0,0,6,0.6,-0.0466817745669398,0.006557445993167132,-0.05137268884379748,-0.04199086029008212,1.0,0.0
G2_layout-A_target-milk_level-L0_seed-0000,G2,A,milk,left,L0,0,7,0.7,-0.022921984881746914,0.003978245282695833,-0.025767850118438913,-0.020076119645054916,1.0,0.0
G2_layout-A_target-milk_level-L0_seed-0000,G2,A,milk,left,L0,0,8,0.8,-0.03227032209227633,0.007267826001703013,-0.0374694116141162,-0.027071232570436456,1.0,0.0
G2_layout-A_target-milk_level-L0_seed-0000,G2,A,milk,left,L0,0,9,0.9,-0.005209990108143348,0.005395473352658746,-0.009069679232043845,-0.0013503009842428509,0.8,0.2
G2_layout-A_target-milk_level-L0_seed-0000,G2,A,milk,left,L0,0,10,1.0,0.009626490422381739,0.006179725082491953,0.005205781407511756,0.01404719943725172,0.9,0.9
G2_layout-A_target-milk_level-L1_seed-0000,G2,A,milk,left,L1,0,1,0.1,-0.028296866937603072,0.008650508629474652,-0.034485068026009494,-0.02210866584919665,1.0,0.0
G2_layout-A_target-milk_level-L1_seed-0000,G2,A,milk,left,L1,0,2,0.2,-0.0025882959300235764,0.0034249717406466106,-0.005038373117510035,-0.000138218742537118,0.9,0.1
G2_layout-A_target-milk_level-L1_seed-0000,G2,A,milk,left,L1,0,3,0.3,0.06805678926078934,0.014866207636236056,0.05742214496235128,0.0786914335592274,1.0,1.0
G2_layout-A_target-milk_level-L1_seed-0000,G2,A,milk,left,L1,0,4,0.4,0.08539847135706097,0.014836844802602448,0.07478483196444209,0.09601211074967984,1.0,1.0
G2_layout-A_target-milk_level-L1_seed-0000,G2,A,milk,left,L1,0,5,0.5,0.012097275445061317,0.006720045901859987,0.007290044200607133,0.0169045066895155,1.0,1.0
G2_layout-A_target-milk_level-L1_seed-0000,G2,A,milk,left,L1,0,6,0.6,-0.048919936019333324,0.0052581434984102955,-0.05268138528359882,-0.045158486755067825,1.0,0.0
G2_layout-A_target-milk_level-L1_seed-0000,G2,A,milk,left,L1,0,7,0.7,-0.038732546094494856,0.0038804417915020125,-0.04150844692833159,-0.03595664526065812,1.0,0.0
G2_layout-A_target-milk_level-L1_seed-0000,G2,A,milk,left,L1,0,8,0.8,-0.009583406654750822,0.00637744971343266,-0.014145559349848236,-0.0050212539596534095,1.0,0.0
G2_layout-A_target-milk_level-L1_seed-0000,G2,A,milk,left,L1,0,9,0.9,-0.0001732191331970001,0.0061918862220439,-0.004602627703230156,0.004256189436836156,0.5,0.5
G2_layout-A_target-milk_level-L1_seed-0000,G2,A,milk,left,L1,0,10,1.0,0.013577708697459289,0.006429949927078266,0.008977999611964629,0.01817741778295395,0.9,0.9
G2_layout-A_target-milk_level-L2_seed-0000,G2,A,milk,left,L2,0,1,0.1,-0.03378175700900657,0.008530487750853343,-0.03988410033302845,-0.027679413684984687,1.0,0.0
G2_layout-A_target-milk_level-L2_seed-0000,G2,A,milk,left,L2,0,2,0.2,-0.006247686705979913,0.006267185008142409,-0.010730960782661177,-0.0017644126292986496,0.9,0.1
G2_layout-A_target-milk_level-L2_seed-0000,G2,A,milk,left,L2,0,3,0.3,0.09056924127528615,0.017159201749252236,0.07829428780271136,0.10284419474786094,1.0,1.0
G2_layout-A_target-milk_level-L2_seed-0000,G2,A,milk,left,L2,0,4,0.4,0.07428583627425189,0.015288952667732536,0.06334877839806057,0.08522289415044322,1.0,1.0
G2_layout-A_target-milk_level-L2_seed-0000,G2,A,milk,left,L2,0,5,0.5,0.05818218908918538,0.005598578486443866,0.05417720730519001,0.06218717087318074,1.0,1.0
G2_layout-A_target-milk_level-L2_seed-0000,G2,A,milk,left,L2,0,6,0.6,-0.03741846103502149,0.007178677074859742,-0.04255377725638258,-0.0322831448136604,1.0,0.0
G2_layout-A_target-milk_level-L2_seed-0000,G2,A,milk,left,L2,0,7,0.7,-0.042237609862045375,0.0026198355751569317,-0.04411172733328782,-0.04036349239080293,1.0,0.0
G2_layout-A_target-milk_level-L2_seed-0000,G2,A,milk,left,L2,0,8,0.8,-0.02990118903496593,0.006916892976689523,-0.034849236193823026,-0.024953141876108836,1.0,0.0
G2_layout-A_target-milk_level-L2_seed-0000,G2,A,milk,left,L2,0,9,0.9,-0.0010373430129539923,0.0068936585549230775,-0.005968769267743816,0.0038940832418358313,0.5,0.5
G2_layout-A_target-milk_level-L2_seed-0000,G2,A,milk,left,L2,0,10,1.0,0.014301063317922974,0.007003829070302533,0.009290825824120162,0.019311300811725787,0.9,0.9
G2_layout-A_target-milk_level-L3_seed-0000,G2,A,milk,left,L3,0,1,0.1,-0.03680084059747195,0.008713712053398404,-0.04303425469166434,-0.03056742650327956,1.0,0.0
G2_layout-A_target-milk_level-L3_seed-0000,G2,A,milk,left,L3,0,2,0.2,-0.009106840644575906,0.00651931826086624,-0.013770479984822465,-0.004443201304329347,1.0,0.0
G2_layout-A_target-milk_level-L3_seed-0000,G2,A,milk,left,L3,0,3,0.3,0.10411843449671218,0.017004000219720504,0.09195450551010786,0.1162823634833165,1.0,1.0
G2_layout-A_target-milk_level-L3_seed-0000,G2,A,milk,left,L3,0,4,0.4,0.09765008812749695,0.01377251314907714,0.0877978257334894,0.1075023505215045,1.0,1.0
G2_layout-A_target-milk_level-L3_seed-0000,G2,A,milk,left,L3,0,5,0.5,0.05959786548436129,0.0081081652312642,0.053797633491281895,0.06539809747744067,1.0,1.0
G2_layout-A_target-milk_level-L3_seed-0000,G2,A,milk,left,L3,0,6,0.6,0.01092828925703399,0.01057119611863836,0.003366111109008905,0.018490467405059077,0.7,0.7
G2_layout-A_target-milk_level-L3_seed-0000,G2,A,milk,left,L3,0,7,0.7,-0.047133299832500766,0.004239641204039656,-0.05016615644672325,-0.04410044321827828,1.0,0.0
G2_layout-A_target-milk_level-L3_seed-0000,G2,A,milk,left,L3,0,8,0.8,-0.0259263890512443,0.008269158750244674,-0.03184178886994574,-0.020010989232542863,1.0,0.0
G2_layout-A_target-milk_level-L3_seed-0000,G2,A,milk,left,L3,0,9,0.9,-0.001032368425545388,0.0076463027207570285,-0.006502203882116362,0.004437467031025585,0.5,0.5
G2_layout-A_target-milk_level-L3_seed-0000,G2,A,milk,left,L3,0,10,1.0,0.016930080815111805,0.00717890671598664,0.011794600318384686,0.022065561311838924,1.0,1.0
G2_layout-A_target-orange_juice_level-A1_seed-0000,G2,A,orange_juice,right,A1,0,1,0.1,0.02127458171945394,0.008895304485958285,0.014911264224554622,0.02763789921435326,1.0,1.0
G2_layout-A_target-orange_juice_level-A1_seed-0000,G2,A,orange_juice,right,A1,0,2,0.2,0.028219693600898998,0.006796183353903805,0.023357996904320912,0.03308139029747709,1.0,1.0
G2_layout-A_target-orange_juice_level-A1_seed-0000,G2,A,orange_juice,right,A1,0,3,0.3,-0.04046198446844116,0.014703220075528151,-0.05098003448973663,-0.029943934447145694,1.0,0.0
G2_layout-A_target-orange_juice_level-A1_seed-0000,G2,A,orange_juice,right,A1,0,4,0.4,-0.029603348895736813,0.012909123164916367,-0.03883797930201379,-0.020368718489459835,1.0,0.0
G2_layout-A_target-orange_juice_level-A1_seed-0000,G2,A,orange_juice,right,A1,0,5,0.5,0.019211259242172114,0.006938709490821134,0.014247605489266377,0.02417491299507785,1.0,1.0
G2_layout-A_target-orange_juice_level-A1_seed-0000,G2,A,orange_juice,right,A1,0,6,0.6,0.016403801003784274,0.009912507154136888,0.009312820555413624,0.023494781452154924,1.0,1.0
G2_layout-A_target-orange_juice_level-A1_seed-0000,G2,A,orange_juice,right,A1,0,7,0.7,0.0219146488725614,0.006977358084055556,0.016923347581578686,0.026905950163544114,1.0,1.0
G2_layout-A_target-orange_juice_level-A1_seed-0000,G2,A,orange_juice,right,A1,0,8,0.8,0.00929382739679288,0.01015853108780896,0.0020268520284314976,0.016560802765154266,0.8,0.8
G2_layout-A_target-orange_juice_level-A1_seed-0000,G2,A,orange_juice,right,A1,0,9,0.9,-0.020353892435051906,0.01179381651960985,-0.02879068053031418,-0.011917104339789632,1.0,0.0
G2_layout-A_target-orange_juice_level-A1_seed-0000,G2,A,orange_juice,right,A1,0,10,1.0,-0.020279829281261146,0.006817087300958975,-0.02515647976072756,-0.01540317880179473,1.0,0.0
G2_layout-A_target-orange_juice_level-L0_seed-0000,G2,A,orange_juice,right,L0,0,1,0.1,0.026198496048612352,0.009921534106287044,0.019101058107681063,0.03329593398954364,1.0,1.0
G2_layout-A_target-orange_juice_level-L0_seed-0000,G2,A,orange_juice,right,L0,0,2,0.2,0.03264659700052781,0.009855569986497607,0.02559634694823534,0.03969684705282029,1.0,1.0
G2_layout-A_target-orange_juice_level-L0_seed-0000,G2,A,orange_juice,right,L0,0,3,0.3,-0.013898860675176816,0.017136093941891684,-0.02615728381817399,-0.001640437532179644,0.7,0.3
G2_layout-A_target-orange_juice_level-L0_seed-0000,G2,A,orange_juice,right,L0,0,4,0.4,0.010356874581071757,0.011952952586050255,0.0018062474016895189,0.018907501760453995,0.8,0.8
G2_layout-A_target-orange_juice_level-L0_seed-0000,G2,A,orange_juice,right,L0,0,5,0.5,0.010497093481387738,0.009402268160786514,0.003771116020614817,0.01722307094216066,0.9,0.9
G2_layout-A_target-orange_juice_level-L0_seed-0000,G2,A,orange_juice,right,L0,0,6,0.6,0.022710290886265406,0.008982646483621806,0.016284492690154667,0.029136089082376145,1.0,1.0
G2_layout-A_target-orange_juice_level-L0_seed-0000,G2,A,orange_juice,right,L0,0,7,0.7,0.03802142009843825,0.005388007845708729,0.03416707147649115,0.04187576872038535,1.0,1.0
G2_layout-A_target-orange_juice_level-L0_seed-0000,G2,A,orange_juice,right,L0,0,8,0.8,-0.011072576329596595,0.011435448651262696,-0.019253003495352413,-0.002892149163840778,0.9,0.1
G2_layout-A_target-orange_juice_level-L0_seed-0000,G2,A,orange_juice,right,L0,0,9,0.9,-0.031814557499999216,0.012042676994771498,-0.04042936965479592,-0.023199745345202513,1.0,0.0
G2_layout-A_target-orange_juice_level-L0_seed-0000,G2,A,orange_juice,right,L0,0,10,1.0,-0.026193411632009788,0.007205171748618048,-0.031347681001215794,-0.021039142262803782,1.0,0.0
G2_layout-A_target-orange_juice_level-L1_seed-0000,G2,A,orange_juice,right,L1,0,1,0.1,0.037425286638187415,0.010495461882818864,0.029917285498775554,0.04493328777759928,1.0,1.0
G2_layout-A_target-orange_juice_level-L1_seed-0000,G2,A,orange_juice,right,L1,0,2,0.2,0.009215390986849325,0.008538571424999078,0.0031072649507015333,0.015323517022997116,0.9,0.9
G2_layout-A_target-orange_juice_level-L1_seed-0000,G2,A,orange_juice,right,L1,0,3,0.3,0.024116286610271397,0.011900932918914881,0.015602872059021663,0.03262970116152113,1.0,1.0
G2_layout-A_target-orange_juice_level-L1_seed-0000,G2,A,orange_juice,right,L1,0,4,0.4,0.021375826520949548,0.011838673407703212,0.01290694974100854,0.029844703300890556,1.0,1.0
G2_layout-A_target-orange_juice_level-L1_seed-0000,G2,A,orange_juice,right,L1,0,5,0.5,0.021249247926959924,0.00790056803360614,0.015597522022889053,0.026900973831030794,1.0,1.0
G2_layout-A_target-orange_juice_level-L1_seed-0000,G2,A,orange_juice,right,L1,0,6,0.6,0.029470059106722585,0.005849985988861747,0.025285231229655307,0.033654886983789864,1.0,1.0
G2_layout-A_target-orange_juice_level-L1_seed-0000,G2,A,orange_juice,right,L1,0,7,0.7,0.015410386457169134,0.005305916032932952,0.01161476278041629,0.019206010133921977,1.0,1.0
G2_layout-A_target-orange_juice_level-L1_seed-0000,G2,A,orange_juice,right,L1,0,8,0.8,-0.02057014387691917,0.011129429735649274,-0.02853165829802786,-0.012608629455810476,0.9,0.1
G2_layout-A_target-orange_juice_level-L1_seed-0000,G2,A,orange_juice,right,L1,0,9,0.9,-0.03478504263972177,0.01189656643742827,-0.04329533359828519,-0.026274751681158354,1.0,0.0
G2_layout-A_target-orange_juice_level-L1_seed-0000,G2,A,orange_juice,right,L1,0,10,1.0,-0.02292540229376622,0.007127677266476325,-0.028024235449996153,-0.01782656913753629,1.0,0.0
G2_layout-A_target-orange_juice_level-L2_seed-0000,G2,A,orange_juice,right,L2,0,1,0.1,0.048967411775793786,0.010454431493333307,0.04148876200885581,0.05644606154273176,1.0,1.0
G2_layout-A_target-orange_juice_level-L2_seed-0000,G2,A,orange_juice,right,L2,0,2,0.2,-0.007811695145435923,0.010222073865056157,-0.015124126278326768,-0.0004992640125450788,0.8,0.2
G2_layout-A_target-orange_juice_level-L2_seed-0000,G2,A,orange_juice,right,L2,0,3,0.3,0.013455059089701082,0.010709846745253486,0.005793696258407254,0.02111642192099491,1.0,1.0
G2_layout-A_target-orange_juice_level-L2_seed-0000,G2,A,orange_juice,right,L2,0,4,0.4,0.03882091365827103,0.011384518703950805,0.030676919582046398,0.04696490773449567,1.0,1.0
G2_layout-A_target-orange_juice_level-L2_seed-0000,G2,A,orange_juice,right,L2,0,5,0.5,0.02343920292149616,0.006761600950944372,0.018602244985700775,0.028276160857291545,1.0,1.0
G2_layout-A_target-orange_juice_level-L2_seed-0000,G2,A,orange_juice,right,L2,0,6,0.6,0.027474082838819653,0.0050227986565399745,0.023880989132474825,0.03106717654516448,1.0,1.0
G2_layout-A_target-orange_juice_level-L2_seed-0000,G2,A,orange_juice,right,L2,0,7,0.7,0.021994226251326875,0.0050385433282968805,0.018389869485308224,0.025598583017345525,1.0,1.0
G2_layout-A_target-orange_juice_level-L2_seed-0000,G2,A,orange_juice,right,L2,0,8,0.8,-0.015274353429598745,0.00969065212181174,-0.022206628348467334,-0.008342078510730155,0.9,0.1
G2_layout-A_target-orange_juice_level-L2_seed-0000,G2,A,orange_juice,right,L2,0,9,0.9,-0.03566442361749008,0.01295551202339944,-0.04493223861404384,-0.026396608620936318,1.0,0.0
G2_layout-A_target-orange_juice_level-L2_seed-0000,G2,A,orange_juice,right,L2,0,10,1.0,-0.023536148657367823,0.007032422076670418,-0.028566840355738872,-0.018505456958996774,1.0,0.0
G2_layout-A_target-orange_juice_level-L3_seed-0000,G2,A,orange_juice,right,L3,0,1,0.1,0.05784589174072452,0.010321021064543509,0.05046267804535219,0.06522910543609685,1.0,1.0
G2_layout-A_target-orange_juice_level-L3_seed-0000,G2,A,orange_juice,right,L3,0,2,0.2,-0.009558559524361826,0.010329323387217633,-0.01694771234359483,-0.0021694067051288204,0.8,0.2
G2_layout-A_target-orange_juice_level-L3_seed-0000,G2,A,orange_juice,right,L3,0,3,0.3,0.02374174418484622,0.011170449500564276,0.01575088599162356,0.03173260237806888,1.0,1.0
G2_layout-A_target-orange_juice_level-L3_seed-0000,G2,A,orange_juice,right,L3,0,4,0.4,0.03898285164402729,0.011649123962741611,0.030649570368565818,0.04731613291948876,1.0,1.0
G2_layout-A_target-orange_juice_level-L3_seed-0000,G2,A,orange_juice,right,L3,0,5,0.5,0.017454056247724652,0.009166130667257803,0.010897001373710271,0.024011111121739034,1.0,1.0
G2_layout-A_target-orange_juice_level-L3_seed-0000,G2,A,orange_juice,right,L3,0,6,0.6,0.03931965991713147,0.005829632301635016,0.035149392190784154,0.04348992764347878,1.0,1.0
G2_layout-A_target-orange_juice_level-L3_seed-0000,G2,A,orange_juice,right,L3,0,7,0.7,0.024989952406890927,0.00505112941213817,0.021376592098877063,0.02860331271490479,1.0,1.0
G2_layout-A_target-orange_juice_level-L3_seed-0000,G2,A,orange_juice,right,L3,0,8,0.8,-0.01432456530157015,0.008725648336167539,-0.020566518098073267,-0.008082612505067033,0.9,0.1
G2_layout-A_target-orange_juice_level-L3_seed-0000,G2,A,orange_juice,right,L3,0,9,0.9,-0.04063235014564408,0.012034513450465047,-0.049241322452643815,-0.03202337783864434,1.0,0.0
G2_layout-A_target-orange_juice_level-L3_seed-0000,G2,A,orange_juice,right,L3,0,10,1.0,-0.0207275395908385,0.0072129106464466864,-0.02588734503405096,-0.01556773414762604,1.0,0.0
G2_layout-B_target-milk_level-A1_seed-0000,G2,B,milk,right,A1,0,1,0.1,-0.023752316006496136,0.007842169871023496,-0.029362266381666485,-0.018142365631325787,1.0,0.0
G2_layout-B_target-milk_level-A1_seed-0000,G2,B,milk,right,A1,0,2,0.2,-0.03215478923968369,0.00763904553098814,-0.03761943321543543,-0.02669014526393196,1.0,0.0
G2_layout-B_target-milk_level-A1_seed-0000,G2,B,milk,right,A1,0,3,0.3,0.01587422648627489,0.013454020392896622,0.006249800084908332,0.02549865288764145,0.9,0.9
G2_layout-B_target-milk_level-A1_seed-0000,G2,B,milk,right,A1,0,4,0.4,-0.0221939566378165,0.010937732595369782,-0.03001833918576804,-0.014369574089864955,1.0,0.0
G2_layout-B_target-milk_level-A1_seed-0000,G2,B,milk,right,A1,0,5,0.5,-0.0691637375633891,0.005438503293239338,-0.0730542084524482,-0.06527326667433,1.0,0.0
G2_layout-B_target-milk_level-A1_seed-0000,G2,B,milk,right,A1,0,6,0.6,-0.0389221075708312,0.007075586060584288,-0.043983676923185,-0.0338605382184774,1.0,0.0
G2_layout-B_target-milk_level-A1_seed-0000,G2,B,milk,right,A1,0,7,0.7,-0.030321077313966483,0.006162954559453948,-0.03472978941936419,-0.025912365208568773,1.0,0.0
G2_layout-B_target-milk_level-A1_seed-0000,G2,B,milk,right,A1,0,8,0.8,-0.006103225629154327,0.010047573877875377,-0.013290826991120525,0.0010843757328118696,0.7,0.3
G2_layout-B_target-milk_level-A1_seed-0000,G2,B,milk,right,A1,0,9,0.9,0.009748347627754884,0.011103291306812025,0.0018055315122266005,0.017691163743283167,0.8,0.8
G2_layout-B_target-milk_level-A1_seed-0000,G2,B,milk,right,A1,0,10,1.0,0.01342582748955069,0.007239895658451779,0.00824671813164221,0.018604936847459168,0.9,0.9
G2_layout-B_target-milk_level-L0_seed-0000,G2,B,milk,right,L0,0,1,0.1,-0.025851644327888203,0.008478378307472478,-0.03191671080172037,-0.019786577854056034,1.0,0.0
G2_layout-B_target-milk_level-L0_seed-0000,G2,B,milk,right,L0,0,2,0.2,-0.03962006669997779,0.009670377053685933,-0.046537837708843205,-0.03270229569111238,1.0,0.0
G2_layout-B_target-milk_level-L0_seed-0000,G2,B,milk,right,L0,0,3,0.3,-0.009759828151096139,0.014258160488013831,-0.019959501722886915,0.0004398454206946366,0.8,0.2
G2_layout-B_target-milk_level-L0_seed-0000,G2,B,milk,right,L0,0,4,0.4,-0.026156500295871198,0.01154449999214911,-0.034414938091437405,-0.017898062500304995,1.0,0.0
G2_layout-B_target-milk_level-L0_seed-0000,G2,B,milk,right,L0,0,5,0.5,-0.06692761894763366,0.0059339010099998665,-0.07117247601458825,-0.06268276188067907,1.0,0.0
G2_layout-B_target-milk_level-L0_seed-0000,G2,B,milk,right,L0,0,6,0.6,-0.04271576079667151,0.004412440883354515,-0.04587223085484446,-0.039559290738498565,1.0,0.0
G2_layout-B_target-milk_level-L0_seed-0000,G2,B,milk,right,L0,0,7,0.7,-0.026839248637801228,0.006727184540747212,-0.031651586556882744,-0.02202691071871971,1.0,0.0
G2_layout-B_target-milk_level-L0_seed-0000,G2,B,milk,right,L0,0,8,0.8,0.0022451818861137147,0.010711478890968669,-0.005417348511889047,0.009907712284116478,0.8,0.8
G2_layout-B_target-milk_level-L0_seed-0000,G2,B,milk,right,L0,0,9,0.9,0.019751743612366132,0.01159376388862677,0.011458064548238741,0.02804542267649352,1.0,1.0
G2_layout-B_target-milk_level-L0_seed-0000,G2,B,milk,right,L0,0,10,1.0,0.01923277974562864,0.007141557106109531,0.014124017550263084,0.024341541940994197,1.0,1.0
G2_layout-B_target-milk_level-L1_seed-0000,G2,B,milk,right,L1,0,1,0.1,-0.034633483802544426,0.009101217215253456,-0.041144102390375956,-0.028122865214712897,1.0,0.0
G2_layout-B_target-milk_level-L1_seed-0000,G2,B,milk,right,L1,0,2,0.2,-0.009998340165190727,0.009113342079890433,-0.01651763235867449,-0.003479047971706964,0.8,0.2
G2_layout-B_target-milk_level-L1_seed-0000,G2,B,milk,right,L1,0,3,0.3,-0.035893929992346106,0.01190201854533543,-0.0444081211539531,-0.02737973883073911,1.0,0.0
G2_layout-B_target-milk_level-L1_seed-0000,G2,B,milk,right,L1,0,4,0.4,-0.04835265196066937,0.010257572967885176,-0.05569047762192534,-0.041014826299413394,1.0,0.0
G2_layout-B_target-milk_level-L1_seed-0000,G2,B,milk,right,L1,0,5,0.5,-0.04846749920870118,0.006604592676264826,-0.05319214019090723,-0.043742858226495124,1.0,0.0
G2_layout-B_target-milk_level-L1_seed-0000,G2,B,milk,right,L1,0,6,0.6,-0.051686203635097835,0.005341043005806604,-0.05550695563448231,-0.04786545163571336,1.0,0.0
G2_layout-B_target-milk_level-L1_seed-0000,G2,B,milk,right,L1,0,7,0.7,-0.017597158192741814,0.006249720207279709,-0.022067938703514235,-0.013126377681969394,1.0,0.0
G2_layout-B_target-milk_level-L1_seed-0000,G2,B,milk,right,L1,0,8,0.8,0.009015797164722464,0.01023439797522315,0.0016945498945134998,0.016337044434931426,0.8,0.8
G2_layout-B_target-milk_level-L1_seed-0000,G2,B,milk,right,L1,0,9,0.9,0.025248940004919108,0.011372873803536018,0.017113276188625737,0.03338460382121248,1.0,1.0
G2_layout-B_target-milk_level-L1_seed-0000,G2,B,milk,right,L1,0,10,1.0,0.02405466286712062,0.006527395492476237,0.01938524542346058,0.028724080310780657,1.0,1.0
G2_layout-B_target-milk_level-L2_seed-0000,G2,B,milk,right,L2,0,1,0.1,-0.04436940332550404,0.009266096763300195,-0.05099796963668704,-0.037740837014321044,1.0,0.0
G2_layout-B_target-milk_level-L2_seed-0000,G2,B,milk,right,L2,0,2,0.2,0.0061393846478572794,0.009786919519755383,-0.0008617558189518209,0.01314052511466638,0.7,0.7
G2_layout-B_target-milk_level-L2_seed-0000,G2,B,milk,right,L2,0,3,0.3,-0.029192068219480144,0.010586509338963344,-0.03676520078541763,-0.02161893565354266,1.0,0.0
G2_layout-B_target-milk_level-L2_seed-0000,G2,B,milk,right,L2,0,4,0.4,-0.055828643630765284,0.010430387750972596,-0.06329009354055973,-0.04836719372097085,1.0,0.0
G2_layout-B_target-milk_level-L2_seed-0000,G2,B,milk,right,L2,0,5,0.5,-0.058697883340845004,0.0075487930769822355,-0.06409796460034121,-0.053297802081348794,1.0,0.0
G2_layout-B_target-milk_level-L2_seed-0000,G2,B,milk,right,L2,0,6,0.6,-0.04082880373578291,0.0039753052702835735,-0.04367256581429211,-0.03798504165727371,1.0,0.0
G2_layout-B_target-milk_level-L2_seed-0000,G2,B,milk,right,L2,0,7,0.7,-0.015902300954925442,0.00589130321591486,-0.020116685395701453,-0.011687916514149431,1.0,0.0
G2_layout-B_target-milk_level-L2_seed-0000,G2,B,milk,right,L2,0,8,0.8,0.015534290257133317,0.009603401399821018,0.008664430744793263,0.022404149769473372,0.9,0.9
G2_layout-B_target-milk_level-L2_seed-0000,G2,B,milk,right,L2,0,9,0.9,0.03614956117886379,0.01196864684192073,0.027587707005160257,0.04471141535256732,1.0,1.0
G2_layout-B_target-milk_level-L2_seed-0000,G2,B,milk,right,L2,0,10,1.0,0.02039379356928841,0.006667421715101689,0.015624207400253793,0.025163379738323024,1.0,1.0
G2_layout-B_target-milk_level-L3_seed-0000,G2,B,milk,right,L3,0,1,0.1,-0.051765817245894574,0.009307071739077064,-0.05842369528897226,-0.04510793920281689,1.0,0.0
G2_layout-B_target-milk_level-L3_seed-0000,G2,B,milk,right,L3,0,2,0.2,0.009920456587762616,0.009674351845809667,0.0029998421839016257,0.016841070991623606,0.9,0.9
G2_layout-B_target-milk_level-L3_seed-0000,G2,B,milk,right,L3,0,3,0.3,-0.0351570929648851,0.010913611293147073,-0.0429642201727102,-0.02734996575706001,1.0,0.0
G2_layout-B_target-milk_level-L3_seed-0000,G2,B,milk,right,L3,0,4,0.4,-0.05758499709548981,0.011436772610352823,-0.065766371364524,-0.04940362282645562,1.0,0.0
G2_layout-B_target-milk_level-L3_seed-0000,G2,B,milk,right,L3,0,5,0.5,-0.024350579637572718,0.008330970632754887,-0.030310197013299976,-0.01839096226184546,1.0,0.0
G2_layout-B_target-milk_level-L3_seed-0000,G2,B,milk,right,L3,0,6,0.6,-0.04571519503055538,0.004854063131733109,-0.04918758261394405,-0.04224280744716671,1.0,0.0
G2_layout-B_target-milk_level-L3_seed-0000,G2,B,milk,right,L3,0,7,0.7,-0.02375629768976358,0.005305998738260134,-0.027551980530343384,-0.019960614849183773,1.0,0.0
G2_layout-B_target-milk_level-L3_seed-0000,G2,B,milk,right,L3,0,8,0.8,0.014169414345470189,0.008813260956172088,0.007864787256195086,0.020474041434745294,0.9,0.9
G2_layout-B_target-milk_level-L3_seed-0000,G2,B,milk,right,L3,0,9,0.9,0.037615295981919,0.011596870294088082,0.029319394729192056,0.04591119723464594,1.0,1.0
G2_layout-B_target-milk_level-L3_seed-0000,G2,B,milk,right,L3,0,10,1.0,0.022373956224262484,0.00661263049555385,0.01764356533251894,0.02710434711600603,1.0,1.0
G2_layout-B_target-orange_juice_level-A1_seed-0000,G2,B,orange_juice,left,A1,0,1,0.1,0.022023120356866842,0.008257248053328956,0.016116240937459198,0.027929999776274486,1.0,1.0
G2_layout-B_target-orange_juice_level-A1_seed-0000,G2,B,orange_juice,left,A1,0,2,0.2,0.046094900344405984,0.009799087146587502,0.03908505568171304,0.05310474500709893,1.0,1.0
G2_layout-B_target-orange_juice_level-A1_seed-0000,G2,B,orange_juice,left,A1,0,3,0.3,-0.0264803722095531,0.014431044880648721,-0.03680371982555284,-0.016157024593553358,1.0,0.0
G2_layout-B_target-orange_juice_level-A1_seed-0000,G2,B,orange_juice,left,A1,0,4,0.4,0.018579775612960474,0.015617585127707667,0.007407628236994004,0.029751922988926944,0.9,0.9
G2_layout-B_target-orange_juice_level-A1_seed-0000,G2,B,orange_juice,left,A1,0,5,0.5,0.0696067003444804,0.005686755326516632,0.06553864064899075,0.07367476003997005,1.0,1.0
G2_layout-B_target-orange_juice_level-A1_seed-0000,G2,B,orange_juice,left,A1,0,6,0.6,0.0772377042388404,0.0058366354290371476,0.07306242677694245,0.08141298170073834,1.0,1.0
G2_layout-B_target-orange_juice_level-A1_seed-0000,G2,B,orange_juice,left,A1,0,7,0.7,0.05844194606551546,0.0036233029546377006,0.05584999127442743,0.0610339008566035,1.0,1.0
G2_layout-B_target-orange_juice_level-A1_seed-0000,G2,B,orange_juice,left,A1,0,8,0.8,0.026653418908249616,0.007441289929524609,0.0213302407677027,0.03197659704879653,1.0,1.0
G2_layout-B_target-orange_juice_level-A1_seed-0000,G2,B,orange_juice,left,A1,0,9,0.9,0.0021445092399227012,0.004296838088315677,-0.0009292635604676545,0.005218282040313057,0.6,0.6
G2_layout-B_target-orange_juice_level-A1_seed-0000,G2,B,orange_juice,left,A1,0,10,1.0,-0.009150894123174668,0.007128781391397043,-0.01425051712279171,-0.004051271123557626,0.9,0.1
G2_layout-B_target-orange_juice_level-L0_seed-0000,G2,B,orange_juice,left,L0,0,1,0.1,0.025214326205111735,0.007850858251229081,0.01959816053715947,0.030830491873064,1.0,1.0
G2_layout-B_target-orange_juice_level-L0_seed-0000,G2,B,orange_juice,left,L0,0,2,0.2,0.03229494161789569,0.005792140760680347,0.028151493724286443,0.03643838951150493,1.0,1.0
G2_layout-B_target-orange_juice_level-L0_seed-0000,G2,B,orange_juice,left,L0,0,3,0.3,-0.020027297743009966,0.014253018595821064,-0.030223293026710795,-0.009831302459309136,1.0,0.0
G2_layout-B_target-orange_juice_level-L0_seed-0000,G2,B,orange_juice,left,L0,0,4,0.4,-0.008282945707252853,0.01486107553364786,-0.018913918720662205,0.0023480273061564985,0.7,0.3
G2_layout-B_target-orange_juice_level-L0_seed-0000,G2,B,orange_juice,left,L0,0,5,0.5,0.05473137071301878,0.005770944546407038,0.05060308567767075,0.0588596557483668,1.0,1.0
G2_layout-B_target-orange_juice_level-L0_seed-0000,G2,B,orange_juice,left,L0,0,6,0.6,0.07320653478862967,0.004963377621452055,0.06965594833009596,0.07675712124716337,1.0,1.0
G2_layout-B_target-orange_juice_level-L0_seed-0000,G2,B,orange_juice,left,L0,0,7,0.7,0.055211372741853115,0.003237721159730696,0.05289524655057518,0.05752749893313105,1.0,1.0
G2_layout-B_target-orange_juice_level-L0_seed-0000,G2,B,orange_juice,left,L0,0,8,0.8,0.033581960132144054,0.007624587976006268,0.02812765846819231,0.039036261796095796,1.0,1.0
G2_layout-B_target-orange_juice_level-L0_seed-0000,G2,B,orange_juice,left,L0,0,9,0.9,0.01359092659351783,0.0044753665921441034,0.010389442194998042,0.016792410992037616,1.0,1.0
G2_layout-B_target-orange_juice_level-L0_seed-0000,G2,B,orange_juice,left,L0,0,10,1.0,-0.01141775994586946,0.006891082683970839,-0.016347343533584666,-0.006488176358154255,0.9,0.1
G2_layout-B_target-orange_juice_level-L1_seed-0000,G2,B,orange_juice,left,L1,0,1,0.1,0.03367600949916602,0.007755928627238275,0.028127752393318453,0.03922426660501359,1.0,1.0
G2_layout-B_target-orange_juice_level-L1_seed-0000,G2,B,orange_juice,left,L1,0,2,0.2,0.00817231895591981,0.003286222425886796,0.005821497048947934,0.010523140862891685,1.0,1.0
G2_layout-B_target-orange_juice_level-L1_seed-0000,G2,B,orange_juice,left,L1,0,3,0.3,-0.04958760627166603,0.01478483963519295,-0.060164043408631435,-0.039011169134700624,1.0,0.0
G2_layout-B_target-orange_juice_level-L1_seed-0000,G2,B,orange_juice,left,L1,0,4,0.4,-0.021675283440033093,0.013918325312144736,-0.03163185357186815,-0.011718713308198039,1.0,0.0
G2_layout-B_target-orange_juice_level-L1_seed-0000,G2,B,orange_juice,left,L1,0,5,0.5,0.013759708273133903,0.006005653910497745,0.009463522273283462,0.018055894272984346,1.0,1.0
G2_layout-B_target-orange_juice_level-L1_seed-0000,G2,B,orange_juice,left,L1,0,6,0.6,0.056591341657584816,0.004731768080969681,0.05320643868332796,0.059976244631841674,1.0,1.0
G2_layout-B_target-orange_juice_level-L1_seed-0000,G2,B,orange_juice,left,L1,0,7,0.7,0.04801667349035703,0.004542941807516437,0.04476684869484699,0.05126649828586707,1.0,1.0
G2_layout-B_target-orange_juice_level-L1_seed-0000,G2,B,orange_juice,left,L1,0,8,0.8,0.030432216462576607,0.005964442685127715,0.026165511197398857,0.03469892172775436,1.0,1.0
G2_layout-B_target-orange_juice_level-L1_seed-0000,G2,B,orange_juice,left,L1,0,9,0.9,-0.0002510487469516931,0.00533422877115741,-0.0040669261365208435,0.0035648286426174574,0.6,0.4
G2_layout-B_target-orange_juice_level-L1_seed-0000,G2,B,orange_juice,left,L1,0,10,1.0,-0.012806318298814675,0.007549918904172309,-0.018207204926566255,-0.007405431671063094,0.9,0.1
G2_layout-B_target-orange_juice_level-L2_seed-0000,G2,B,orange_juice,left,L2,0,1,0.1,0.04012556737018749,0.00790485694538979,0.034470773363453014,0.04578036137692197,1.0,1.0
G2_layout-B_target-orange_juice_level-L2_seed-0000,G2,B,orange_juice,left,L2,0,2,0.2,0.022880429901246106,0.007687900657234877,0.01738083707354084,0.028380022728951373,1.0,1.0
G2_layout-B_target-orange_juice_level-L2_seed-0000,G2,B,orange_juice,left,L2,0,3,0.3,-0.05420146880257404,0.015482747549232463,-0.06527715918559153,-0.043125778419556546,1.0,0.0
G2_layout-B_target-orange_juice_level-L2_seed-0000,G2,B,orange_juice,left,L2,0,4,0.4,-0.0402658038597824,0.01355089081500508,-0.04995952718659025,-0.03057208053297455,1.0,0.0
G2_layout-B_target-orange_juice_level-L2_seed-0000,G2,B,orange_juice,left,L2,0,5,0.5,-0.01716641825520433,0.004753172212066381,-0.020566632822457888,-0.013766203687950769,1.0,0.0
G2_layout-B_target-orange_juice_level-L2_seed-0000,G2,B,orange_juice,left,L2,0,6,0.6,0.042587025079523166,0.006818705060854446,0.03770921732434329,0.04746483283470304,1.0,1.0
G2_layout-B_target-orange_juice_level-L2_seed-0000,G2,B,orange_juice,left,L2,0,7,0.7,0.04841557913203297,0.0037133531991960663,0.045759206276614166,0.05107195198745177,1.0,1.0
G2_layout-B_target-orange_juice_level-L2_seed-0000,G2,B,orange_juice,left,L2,0,8,0.8,0.03390553887078737,0.005889542506139115,0.02969241396590888,0.03811866377566586,1.0,1.0
G2_layout-B_target-orange_juice_level-L2_seed-0000,G2,B,orange_juice,left,L2,0,9,0.9,0.004269984022020115,0.005552886099803148,0.0002976886023592744,0.008242279441680956,0.7,0.7
G2_layout-B_target-orange_juice_level-L2_seed-0000,G2,B,orange_juice,left,L2,0,10,1.0,-0.01463427965160038,0.007820623326906712,-0.020228816557636604,-0.009039742745564155,0.9,0.1
G2_layout-B_target-orange_juice_level-L3_seed-0000,G2,B,orange_juice,left,L3,0,1,0.1,0.043912799845680174,0.012186599370618587,0.04044940662536413,0.04737619306599622,1.0,1.0
G2_layout-B_target-orange_juice_level-L3_seed-0000,G2,B,orange_juice,left,L3,0,2,0.2,0.0114162674283453,0.00686220352796889,0.009466050763924837,0.013366484092765762,0.96,0.96
G2_layout-B_target-orange_juice_level-L3_seed-0000,G2,B,orange_juice,left,L3,0,3,0.3,-0.04409801825609958,0.014457614558226287,-0.04820682685151678,-0.03998920966068238,1.0,0.0
G2_layout-B_target-orange_juice_level-L3_seed-0000,G2,B,orange_juice,left,L3,0,4,0.4,-0.0795335539103986,0.01057195038446174,-0.0825380689661195,-0.0765290388546777,1.0,0.0
G2_layout-B_target-orange_juice_level-L3_seed-0000,G2,B,orange_juice,left,L3,0,5,0.5,0.009400382969195358,0.009836610042336248,0.006604849326425678,0.012195916611965039,0.82,0.82
G2_layout-B_target-orange_juice_level-L3_seed-0000,G2,B,orange_juice,left,L3,0,6,0.6,0.019784323935096156,0.007471238396115326,0.01766102147626122,0.021907626393931092,1.0,1.0
G2_layout-B_target-orange_juice_level-L3_seed-0000,G2,B,orange_juice,left,L3,0,7,0.7,0.05109616969151695,0.005847050482705339,0.04943445633040731,0.052757883052626596,1.0,1.0
G2_layout-B_target-orange_juice_level-L3_seed-0000,G2,B,orange_juice,left,L3,0,8,0.8,0.03497345984201324,0.004531651348963099,0.03368557877843495,0.036261340905591535,1.0,1.0
G2_layout-B_target-orange_juice_level-L3_seed-0000,G2,B,orange_juice,left,L3,0,9,0.9,-0.00026296344006829177,0.007148200138444261,-0.002294459441868292,0.0017685325617317082,0.52,0.48
G2_layout-B_target-orange_juice_level-L3_seed-0000,G2,B,orange_juice,left,L3,0,10,1.0,-0.008376431751783688,0.00919709643374293,-0.01099021763794442,-0.0057626458656229555,0.8,0.2
