episode_id,rollout_path,score_path,checkpoint_manifest_sha256,geometry_id,layout_id,target_identity,distractor_identity,target_side,target_prompt,distractor_prompt,separation_m,legibility_level,level_order,simulator_seed,task_success,collision_free,seed_count,normalized_action_out_of_range_fraction,actual_path_length_m,planned_path_length_m,direct_distance_m,actual_max_lateral_deviation_m,actual_abs_max_lateral_deviation_m,planned_max_lateral_deviation_m,max_deviation_progress,min_distractor_distance_m,mean_tracking_error_m,max_tracking_error_m,geometric_confidence_10,geometric_confidence_20,geometric_confidence_30,geometric_confidence_40,C20,C20_seed_sd,C20_ci95_low,C20_ci95_high,C20_seed_sign_agreement,C20_true_seed_fraction,C30,C30_seed_sd,C30_ci95_low,C30_ci95_high,C30_seed_sign_agreement,C30_true_seed_fraction,C40,C40_seed_sd,C40_ci95_low,C40_ci95_high,C40_seed_sign_agreement,C40_true_seed_fraction,flat_score,flat_score_seed_sd,flat_score_ci95_low,flat_score_ci95_high,flat_score_seed_sign_agreement,flat_score_true_seed_fraction,linear_score,linear_score_seed_sd,linear_score_ci95_low,linear_score_ci95_high,linear_score_seed_sign_agreement,linear_score_true_seed_fraction,exponential_score,exponential_score_seed_sd,exponential_score_ci95_low,exponential_score_ci95_high,exponential_score_seed_sign_agreement,exponential_score_true_seed_fraction,prediction_20,correct_20,prediction_30,correct_30,prediction_40,correct_40,excess_path_length
G1_layout-A_target-milk_level-A1_seed-0000,/home/hci-lab/repos/openpi/artifacts/pi05_libero_spatial_legibility_formal_seed0_20260818/rollouts/episodes/G1_layout-A_target-milk_level-A1_seed-0000.h5,/home/hci-lab/repos/openpi/artifacts/pi05_libero_spatial_legibility_formal_seed0_20260818/observer/raw/G1_layout-A_target-milk_level-A1_seed-0000__fdff08086a0f.npz,52ee2b0ee4b640e775c665514feabacf7c1427b8bf699b51ea877e5b8f45c8e5,G1,A,milk,orange_juice,left,pick up the milk and place it in the basket,pick up the orange juice and place it in the basket,0.1,A1,-1,0,True,True,10,0.0,0.21965179746672625,0.2261097654547575,0.22451311491616482,-0.010186369084879217,0.010186369084879217,-0.010000020033026628,0.27885006834975545,0.09702659649081585,0.006436389809081169,0.006632405075939351,0.4922567413505169,0.4961650333047058,0.5260104868460453,0.5767737546520887,-0.033452336785721244,0.00502010011131647,-0.03704350006910431,-0.029861173502338172,1.0,0.0,-0.006972318678762591,0.0060443796168698815,-0.011296207380105618,-0.0026484299774195644,0.8,0.2,0.005369857103464615,0.005322644874463193,0.0015622663343939284,0.009177447872535301,0.8,0.8,-0.009062010651513663,0.0021587916718074523,-0.010606317182531237,-0.007517704120496088,1.0,0.0,-0.007943775063015817,0.0031551495419331974,-0.010200833077263678,-0.005686717048767956,1.0,0.0,-0.009249486439489628,0.0032326933496089564,-0.011562015952074975,-0.006936956926904282,1.0,0.0,orange_juice,False,orange_juice,False,milk,True,0.007100582504320147
G1_layout-A_target-milk_level-L0_seed-0000,/home/hci-lab/repos/openpi/artifacts/pi05_libero_spatial_legibility_formal_seed0_20260818/rollouts/episodes/G1_layout-A_target-milk_level-L0_seed-0000.h5,/home/hci-lab/repos/openpi/artifacts/pi05_libero_spatial_legibility_formal_seed0_20260818/observer/raw/G1_layout-A_target-milk_level-L0_seed-0000__6cf144611512.npz,52ee2b0ee4b640e775c665514feabacf7c1427b8bf699b51ea877e5b8f45c8e5,G1,A,milk,orange_juice,left,pick up the milk and place it in the basket,pick up the orange juice and place it in the basket,0.1,L0,0,0,True,True,10,0.0,0.21810313813991267,0.2245131149191839,0.22451311491616482,-0.000629969414106426,0.000629969414106426,1.1874978028680871e-08,0.07202520804929803,0.09771588086076498,0.00640420580284368,0.006810832999249219,0.5173179192987172,0.555053573755025,0.5986813081589223,0.6515496024180836,-0.02368760876941389,0.004741557061645657,-0.027079514358599892,-0.020295703180227886,1.0,0.0,-0.008515695253541091,0.005234724973900879,-0.012260391914570717,-0.004770998592511465,0.9,0.1,0.0003965836729147423,0.0046444471142765365,-0.002925853644780595,0.00371902099061008,0.6,0.6,-0.01317073981553624,0.001622005059632091,-0.014331052336492086,-0.012010427294580394,1.0,0.0,-0.013004597742067497,0.00249247333979977,-0.014787605758685086,-0.011221589725449909,1.0,0.0,-0.012591767998925588,0.0026212792340561783,-0.014466918201531502,-0.010716617796319675,1.0,0.0,orange_juice,False,orange_juice,False,milk,True,0.0
G1_layout-A_target-milk_level-L1_seed-0000,/home/hci-lab/repos/openpi/artifacts/pi05_libero_spatial_legibility_formal_seed0_20260818/rollouts/episodes/G1_layout-A_target-milk_level-L1_seed-0000.h5,/home/hci-lab/repos/openpi/artifacts/pi05_libero_spatial_legibility_formal_seed0_20260818/observer/raw/G1_layout-A_target-milk_level-L1_seed-0000__f20464b0e0ae.npz,52ee2b0ee4b640e775c665514feabacf7c1427b8bf699b51ea877e5b8f45c8e5,G1,A,milk,orange_juice,left,pick up the milk and place it in the basket,pick up the orange juice and place it in the basket,0.1,L1,1,0,True,True,10,0.0,0.21942237921862864,0.22597558528169476,0.22451311491616482,0.009811732870310891,0.009811732870310891,0.010000011253191075,0.33040232108672263,0.09822645033164792,0.006457124364928857,0.007205224109726354,0.5411684891850271,0.6067246206782665,0.6608466696299252,0.71496665203046,-0.01395763291515641,0.004097483479010488,-0.01688879601903969,-0.011026469811273129,1.0,0.0,-0.006194128282107204,0.004744135921034923,-0.009587878676166891,-0.002800377888047518,0.8,0.2,0.00478739862744053,0.004225683205484419,0.001764526963878306,0.007810270291002754,0.9,0.9,-0.01036908538493395,0.0016461522591154766,-0.011546671771800514,-0.009191498998067385,1.0,0.0,-0.009174433945086592,0.002301027250234247,-0.010820489679409021,-0.007528378210764163,1.0,0.0,-0.008739865281137424,0.0022912957140334644,-0.010378959493832747,-0.0071007710684421,1.0,0.0,orange_juice,False,orange_juice,False,milk,True,0.0060487028750117605
G1_layout-A_target-milk_level-L2_seed-0000,/home/hci-lab/repos/openpi/artifacts/pi05_libero_spatial_legibility_formal_seed0_20260818/rollouts/episodes/G1_layout-A_target-milk_level-L2_seed-0000.h5,/home/hci-lab/repos/openpi/artifacts/pi05_libero_spatial_legibility_formal_seed0_20260818/observer/raw/G1_layout-A_target-milk_level-L2_seed-0000__035d8055994a.npz,52ee2b0ee4b640e775c665514feabacf7c1427b8bf699b51ea877e5b8f45c8e5,G1,A,milk,orange_juice,left,pick up the milk and place it in the basket,pick up the orange juice and place it in the basket,0.1,L2,2,0,True,True,10,0.0,0.2232957674097546,0.2299711436455725,0.22451311491616482,0.019792108981806812,0.019792108981806812,0.020000024463186675,0.3407379962609055,0.09854193252058045,0.006589545574005517,0.007685658127107677,0.5576104836962968,0.6464370930204907,0.7120754233895277,0.766724283416795,-0.019875589110024093,0.004753693321880898,-0.023276176456782247,-0.01647500176326594,1.0,0.0,0.006984611843094188,0.005147512396709355,0.003302303301447559,0.010666920384740817,1.0,1.0,0.0205730582214533,0.00412290379458093,0.017623710519274298,0.0235224059236323,1.0,1.0,-0.0016193063943181914,0.0016424005750932179,-0.002794208988110346,-0.00044440380052603685,0.9,0.1,0.0023603548317370398,0.0020978727711102115,0.0008596270570384538,0.0038610826064356257,0.9,0.9,0.0009407973774893628,0.0022899776746344988,-0.0006973539666195456,0.0025789487215982713,0.5,0.5,orange_juice,False,milk,True,milk,True,0.023808136435482515
G1_layout-A_target-milk_level-L3_seed-0000,/home/hci-lab/repos/openpi/artifacts/pi05_libero_spatial_legibility_formal_seed0_20260818/rollouts/episodes/G1_layout-A_target-milk_level-L3_seed-0000.h5,/home/hci-lab/repos/openpi/artifacts/pi05_libero_spatial_legibility_formal_seed0_20260818/observer/raw/G1_layout-A_target-milk_level-L3_seed-0000__eacedb5513a7.npz,52ee2b0ee4b640e775c665514feabacf7c1427b8bf699b51ea877e5b8f45c8e5,G1,A,milk,orange_juice,left,pick up the milk and place it in the basket,pick up the orange juice and place it in the basket,0.1,L3,3,0,True,True,10,0.0,0.22917252492701176,0.2359683207444014,0.22451311491616482,0.02982694591236934,0.02982694591236934,0.030000034683222297,0.3615411183451362,0.09874235158977475,0.0067760333454491084,0.00815242911163147,0.5684911158569264,0.6750271258727415,0.7518825014849668,0.8080430981149089,-0.02057549187216394,0.004842203649793994,-0.024039395693246018,-0.01711158805108186,1.0,0.0,0.01546451535640971,0.005497466278810888,0.01153186488842432,0.0193971658243951,1.0,1.0,0.02267358746836589,0.004653564683507137,0.019344627834555615,0.026002547102176164,1.0,1.0,0.005160494582252938,0.002080778360548391,0.0036719954122035508,0.006648993752302326,1.0,1.0,0.009254204501021334,0.0024224719201894943,0.007521272483350944,0.010987136518691723,1.0,1.0,0.006581753399876293,0.0023242729426952097,0.004919068698917433,0.008244438100835152,1.0,1.0,orange_juice,False,milk,True,milk,True,0.05075299182535424
G1_layout-A_target-orange_juice_level-A1_seed-0000,/home/hci-lab/repos/openpi/artifacts/pi05_libero_spatial_legibility_formal_seed0_20260818/rollouts/episodes/G1_layout-A_target-orange_juice_level-A1_seed-0000.h5,/home/hci-lab/repos/openpi/artifacts/pi05_libero_spatial_legibility_formal_seed0_20260818/observer/raw/G1_layout-A_target-orange_juice_level-A1_seed-0000__2be942af05d1.npz,52ee2b0ee4b640e775c665514feabacf7c1427b8bf699b51ea877e5b8f45c8e5,G1,A,orange_juice,milk,right,pick up the orange juice and place it in the basket,pick up the milk and place it in the basket,0.1,A1,-1,0,True,True,10,0.0,0.21948773298517138,0.226112842958743,0.2245161960418523,-0.010281531917879071,0.010281531917879071,-0.010000004796493347,0.2792513833419243,0.0967130413273967,0.00645794411943156,0.006646514128465502,0.4925594581967172,0.4964048962784004,0.5251882962123301,0.5764790569669713,0.028624755191209234,0.004279379800232393,0.02556347129776599,0.03168603908465248,1.0,1.0,0.007448184867709618,0.005200163472155205,0.003728212015635087,0.011168157719784149,1.0,1.0,-0.0017032138856453813,0.00508197100348391,-0.00533863693902009,0.0019322091677293274,0.6,0.4,0.005064489869666463,0.002664376988600836,0.0031585093907144385,0.006970470348618488,1.0,1.0,0.008375672994868846,0.002453057866871036,0.006620861109013624,0.010130484880724067,1.0,1.0,0.00943985569826036,0.002327899981762531,0.0077745763698564025,0.011105135026664317,1.0,1.0,orange_juice,True,orange_juice,True,milk,False,0.007046290344529589
G1_layout-A_target-orange_juice_level-L0_seed-0000,/home/hci-lab/repos/openpi/artifacts/pi05_libero_spatial_legibility_formal_seed0_20260818/rollouts/episodes/G1_layout-A_target-orange_juice_level-L0_seed-0000.h5,/home/hci-lab/repos/openpi/artifacts/pi05_libero_spatial_legibility_formal_seed0_20260818/observer/raw/G1_layout-A_target-orange_juice_level-L0_seed-0000__9f7245b5c971.npz,52ee2b0ee4b640e775c665514feabacf7c1427b8bf699b51ea877e5b8f45c8e5,G1,A,orange_juice,milk,right,pick up the orange juice and place it in the basket,pick up the milk and place it in the basket,0.1,L0,0,0,True,True,10,0.0,0.21795198005255595,0.22451619604419593,0.2245161960418523,-0.0004297414665258982,0.0004297414665258982,1.0273218668983841e-08,0.07313628201756328,0.09735256642712334,0.0064024367655378675,0.006590255780844972,0.5185523464417932,0.5555835138214235,0.5985681865633454,0.6509806971717896,0.03177724659719961,0.005102466766498689,0.028127161758208778,0.035427331436190444,1.0,1.0,0.018922099976989383,0.0058606443842964566,0.014729647543141131,0.023114552410837635,1.0,1.0,0.014826722430039138,0.005191740051202206,0.011112775330315383,0.018540669529762896,1.0,1.0,0.010924631927484746,0.002576929877929585,0.009081207343060126,0.012768056511909365,1.0,1.0,0.018216892686552515,0.002695758250561214,0.016288463405138506,0.020145321967966524,1.0,1.0,0.018976222513571187,0.0027657383954829006,0.016997732452205382,0.02095471257493699,1.0,1.0,orange_juice,True,orange_juice,True,orange_juice,True,0.0
G1_layout-A_target-orange_juice_level-L1_seed-0000,/home/hci-lab/repos/openpi/artifacts/pi05_libero_spatial_legibility_formal_seed0_20260818/rollouts/episodes/G1_layout-A_target-orange_juice_level-L1_seed-0000.h5,/home/hci-lab/repos/openpi/artifacts/pi05_libero_spatial_legibility_formal_seed0_20260818/observer/raw/G1_layout-A_target-orange_juice_level-L1_seed-0000__bc2f38b8a70e.npz,52ee2b0ee4b640e775c665514feabacf7c1427b8bf699b51ea877e5b8f45c8e5,G1,A,orange_juice,milk,right,pick up the orange juice and place it in the basket,pick up the milk and place it in the basket,0.1,L1,1,0,True,True,10,0.0,0.21934211717747054,0.22597863328037043,0.2245161960418523,0.009830643181035655,0.009830643181035655,0.010000012993730744,0.3102862764074769,0.09778270128639659,0.006452977318894147,0.006829091470329601,0.5420903178245169,0.6073366389931697,0.6613887006455378,0.7143784217896464,0.01841412923326892,0.004971473820297835,0.014857751102978628,0.02197050736355921,1.0,1.0,0.01975310209235525,0.004877548148801595,0.016263914339819385,0.023242289844891115,1.0,1.0,0.02116704869739431,0.0045743433011819715,0.017894760626532287,0.024439336768256333,1.0,1.0,0.010892710910140897,0.0026268793833163296,0.009013554602087168,0.012771867218194625,1.0,1.0,0.020376073434367457,0.0027923432985448708,0.018378551371863124,0.02237359549687179,1.0,1.0,0.020327229030924536,0.002630398810209794,0.018445555076537445,0.022208902985311627,1.0,1.0,orange_juice,True,orange_juice,True,orange_juice,True,0.006378180756051773
G1_layout-A_target-orange_juice_level-L2_seed-0000,/home/hci-lab/repos/openpi/artifacts/pi05_libero_spatial_legibility_formal_seed0_20260818/rollouts/episodes/G1_layout-A_target-orange_juice_level-L2_seed-0000.h5,/home/hci-lab/repos/openpi/artifacts/pi05_libero_spatial_legibility_formal_seed0_20260818/observer/raw/G1_layout-A_target-orange_juice_level-L2_seed-0000__c75536031fc3.npz,52ee2b0ee4b640e775c665514feabacf7c1427b8bf699b51ea877e5b8f45c8e5,G1,A,orange_juice,milk,right,pick up the orange juice and place it in the basket,pick up the milk and place it in the basket,0.1,L2,2,0,True,True,10,0.0,0.22321724649668342,0.22997407408251933,0.2245161960418523,0.019893574937472902,0.019893574937472902,0.02000002484050281,0.33098500174965306,0.0980727263308753,0.006577994908694686,0.007227325809287899,0.5584980469735483,0.6459941068777868,0.7128248042483686,0.7664451886654391,0.016795832336139134,0.004863776547188677,0.01331649619392359,0.02027516847835468,1.0,1.0,0.01708656444826616,0.005085673611311288,0.013448492708811969,0.02072463618772035,1.0,1.0,0.02006863307806956,0.004720277680750216,0.01669194984096227,0.02344531631517685,1.0,1.0,0.0072707995232449574,0.0023267506435275145,0.005606342381884736,0.008935256664605179,1.0,1.0,0.01913520338392737,0.0024294138776821614,0.017397305389023524,0.020873101378831214,1.0,1.0,0.019614028299314183,0.0026837742467886645,0.017694171857760257,0.02153388474086811,1.0,1.0,orange_juice,True,orange_juice,True,orange_juice,True,0.02415791975304759
G1_layout-A_target-orange_juice_level-L3_seed-0000,/home/hci-lab/repos/openpi/artifacts/pi05_libero_spatial_legibility_formal_seed0_20260818/rollouts/episodes/G1_layout-A_target-orange_juice_level-L3_seed-0000.h5,/home/hci-lab/repos/openpi/artifacts/pi05_libero_spatial_legibility_formal_seed0_20260818/observer/raw/G1_layout-A_target-orange_juice_level-L3_seed-0000__1bcc69ed7608.npz,52ee2b0ee4b640e775c665514feabacf7c1427b8bf699b51ea877e5b8f45c8e5,G1,A,orange_juice,milk,right,pick up the orange juice and place it in the basket,pick up the milk and place it in the basket,0.1,L3,3,0,True,True,10,0.0,0.22907640200876014,0.23597106185858177,0.2245161960418523,0.029950214473534045,0.029950214473534045,0.030000039419807754,0.3517909649939129,0.09827646476380227,0.006757182693665618,0.007643884156920672,0.5694377161312708,0.674149845492286,0.7524602338924411,0.8081279608386814,0.027255693629309928,0.004500783898685412,0.024036026785024193,0.030475360473595663,1.0,1.0,0.024596202496798173,0.004639710571395389,0.021277153497763372,0.027915251495832974,1.0,1.0,0.02814848057627613,0.00419756715527581,0.02514572192339975,0.031151239229152514,1.0,1.0,0.011592486123634838,0.0019775770338767416,0.010177812735327172,0.013007159511942503,1.0,1.0,0.02502468042774142,0.0024107037232175307,0.023300166871045955,0.026749193984436884,1.0,1.0,0.026072608787582646,0.002661744454617891,0.02416851150999557,0.02797670606516972,1.0,1.0,orange_juice,True,orange_juice,True,orange_juice,True,0.05104070150462364
G1_layout-B_target-milk_level-A1_seed-0000,/home/hci-lab/repos/openpi/artifacts/pi05_libero_spatial_legibility_formal_seed0_20260818/rollouts/episodes/G1_layout-B_target-milk_level-A1_seed-0000.h5,/home/hci-lab/repos/openpi/artifacts/pi05_libero_spatial_legibility_formal_seed0_20260818/observer/raw/G1_layout-B_target-milk_level-A1_seed-0000__1c28d96b32d3.npz,52ee2b0ee4b640e775c665514feabacf7c1427b8bf699b51ea877e5b8f45c8e5,G1,B,milk,orange_juice,right,pick up the milk and place it in the basket,pick up the orange juice and place it in the basket,0.1,A1,-1,0,True,True,10,0.0,0.21948470250270485,0.2261097270746742,0.22451308836776263,-0.010281499492423898,0.010281499492423898,-0.009999985093782327,0.2792513667809612,0.09671442950356172,0.006457857169273594,0.006646428070244426,0.4925596768418779,0.49640462467128615,0.525186420929106,0.5764750738660105,-0.028299994929942875,0.0037971244256743914,-0.031016294110746058,-0.02558369574913969,1.0,0.0,-0.01563658614406708,0.005069530606843698,-0.019263109873791977,-0.012010062414342179,1.0,0.0,-0.01562706596541265,0.004525971586741124,-0.01886475099629492,-0.012389380934530384,1.0,0.0,-0.015942697536466426,0.00192568739989655,-0.017320251316757154,-0.014565143756175698,1.0,0.0,-0.022520139187294,0.0021677155793906723,-0.024070829497229634,-0.020969448877358368,1.0,0.0,-0.021208447167459614,0.0022056504064712273,-0.022786274417924794,-0.019630619916994434,1.0,0.0,orange_juice,False,orange_juice,False,orange_juice,False,0.007046345097499103
G1_layout-B_target-milk_level-L0_seed-0000,/home/hci-lab/repos/openpi/artifacts/pi05_libero_spatial_legibility_formal_seed0_20260818/rollouts/episodes/G1_layout-B_target-milk_level-L0_seed-0000.h5,/home/hci-lab/repos/openpi/artifacts/pi05_libero_spatial_legibility_formal_seed0_20260818/observer/raw/G1_layout-B_target-milk_level-L0_seed-0000__b363ef84807a.npz,52ee2b0ee4b640e775c665514feabacf7c1427b8bf699b51ea877e5b8f45c8e5,G1,B,milk,orange_juice,right,pick up the milk and place it in the basket,pick up the orange juice and place it in the basket,0.1,L0,0,0,True,True,10,0.0,0.2179489589244823,0.22451308837011646,0.22451308836776263,-0.000429730983648399,0.000429730983648399,1.0622546217642359e-08,0.07313627619765707,0.09735368276789777,0.006402350244134144,0.006590168287543676,0.5185520079933292,0.5555822456030567,0.5985655712339372,0.650976158642566,-0.029366592365117968,0.004488029939373865,-0.032577135576531496,-0.026156049153704442,1.0,0.0,-0.018996501683633434,0.005342903055984146,-0.0228185842827579,-0.015174419084508969,1.0,0.0,-0.021049723265959254,0.005147397416197537,-0.0247319495555027,-0.01736749697641581,1.0,0.0,-0.017043769911931933,0.0023920520788480296,-0.018754940886019637,-0.01533259893784423,1.0,0.0,-0.02446390139269173,0.0029154201768204326,-0.026549467350037975,-0.022378335435345485,1.0,0.0,-0.023374057358822746,0.0029039074231637964,-0.025451387588333773,-0.02129672712931172,1.0,0.0,orange_juice,False,orange_juice,False,orange_juice,False,0.0
G1_layout-B_target-milk_level-L1_seed-0000,/home/hci-lab/repos/openpi/artifacts/pi05_libero_spatial_legibility_formal_seed0_20260818/rollouts/episodes/G1_layout-B_target-milk_level-L1_seed-0000.h5,/home/hci-lab/repos/openpi/artifacts/pi05_libero_spatial_legibility_formal_seed0_20260818/observer/raw/G1_layout-B_target-milk_level-L1_seed-0000__3b38db218f34.npz,52ee2b0ee4b640e775c665514feabacf7c1427b8bf699b51ea877e5b8f45c8e5,G1,B,milk,orange_juice,right,pick up the milk and place it in the basket,pick up the orange juice and place it in the basket,0.1,L1,1,0,True,True,10,0.0,0.21933912135787917,0.22597555416482432,0.22451308836776263,0.009830622443042957,0.009830622443042957,0.009999992704347172,0.3102862569196004,0.09778355956308774,0.006452893080243504,0.006829007665949392,0.5420901261327205,0.6073352651992401,0.661385491843676,0.7143732388699451,-0.014171078721120025,0.004459713760527189,-0.01736136575844438,-0.010980791683795671,1.0,0.0,-0.017381478200498072,0.005219960796046985,-0.021115613204938675,-0.013647343196057468,1.0,0.0,-0.024175387560156577,0.004396558613684963,-0.027320496127038636,-0.021030278993274518,1.0,0.0,-0.019381614053992365,0.002021522958888496,-0.020827724463247235,-0.017935503644737495,1.0,0.0,-0.027722563831144808,0.002661520607289537,-0.02962650097799966,-0.025818626684289955,1.0,0.0,-0.02500619334790762,0.002729706830566923,-0.02695890798047721,-0.023053478715338027,1.0,0.0,orange_juice,False,orange_juice,False,orange_juice,False,0.006378385289183947
G1_layout-B_target-milk_level-L2_seed-0000,/home/hci-lab/repos/openpi/artifacts/pi05_libero_spatial_legibility_formal_seed0_20260818/rollouts/episodes/G1_layout-B_target-milk_level-L2_seed-0000.h5,/home/hci-lab/repos/openpi/artifacts/pi05_libero_spatial_legibility_formal_seed0_20260818/observer/raw/G1_layout-B_target-milk_level-L2_seed-0000__0e32e9e3e20a.npz,52ee2b0ee4b640e775c665514feabacf7c1427b8bf699b51ea877e5b8f45c8e5,G1,B,milk,orange_juice,right,pick up the milk and place it in the basket,pick up the orange juice and place it in the basket,0.1,L2,2,0,True,True,10,0.0,0.22321433801905052,0.22997109612958985,0.22451308836776263,0.01989352484859871,0.01989352484859871,0.019999981067015903,0.3309849893248691,0.09807346252891327,0.006577914038973819,0.007227254376883897,0.5584982573152444,0.6459929312235297,0.7128213003379221,0.7664392930334628,-0.009971303228559701,0.004573880057741157,-0.013243259915027186,-0.006699346542092217,1.0,0.0,-0.013827119301915875,0.005557677057453322,-0.017802841966218064,-0.009851396637613684,1.0,0.0,-0.021537935069260373,0.005047414871261928,-0.025148638154805843,-0.017927231983714903,1.0,0.0,-0.01171901697314389,0.0021434898635008626,-0.013252377249915237,-0.010185656696372544,1.0,0.0,-0.022308354013494094,0.002553819295361524,-0.024135246283077238,-0.02048146174391095,1.0,0.0,-0.0208631424614228,0.0028830363663333264,-0.022925542436294875,-0.018800742486550726,1.0,0.0,orange_juice,False,orange_juice,False,orange_juice,False,0.02415877148737675
G1_layout-B_target-milk_level-L3_seed-0000,/home/hci-lab/repos/openpi/artifacts/pi05_libero_spatial_legibility_formal_seed0_20260818/rollouts/episodes/G1_layout-B_target-milk_level-L3_seed-0000.h5,/home/hci-lab/repos/openpi/artifacts/pi05_libero_spatial_legibility_formal_seed0_20260818/observer/raw/G1_layout-B_target-milk_level-L3_seed-0000__b6a80b726b08.npz,52ee2b0ee4b640e775c665514feabacf7c1427b8bf699b51ea877e5b8f45c8e5,G1,B,milk,orange_juice,right,pick up the milk and place it in the basket,pick up the orange juice and place it in the basket,0.1,L3,3,0,True,True,10,0.0,0.22907367279903423,0.23596824791305954,0.22451308836776263,0.029950134296643102,0.029950134296643102,0.029999966562783996,0.3517909291367828,0.0982770901257526,0.006757106157476784,0.00764382702078965,0.5694380505424561,0.6741490478005491,0.7524567759441575,0.8081217253732865,-0.018695307738057474,0.0043260612058708126,-0.021789985497405406,-0.015600629978709542,1.0,0.0,-0.023704607682719467,0.004673567010878229,-0.027047876119550493,-0.02036133924588844,1.0,0.0,-0.030540946344360137,0.004443224723823658,-0.03371943783540553,-0.027362454853314747,1.0,0.0,-0.013622426695706059,0.0018349569047533428,-0.014935075789712352,-0.012309777601699766,1.0,0.0,-0.026734729828340374,0.0023119699985493214,-0.028388613533240483,-0.025080846123440265,1.0,0.0,-0.026386110524635686,0.0026356689877886316,-0.028271554536949583,-0.02450066651232179,1.0,0.0,orange_juice,False,orange_juice,False,orange_juice,False,0.05104274840058571
G1_layout-B_target-orange_juice_level-A1_seed-0000,/home/hci-lab/repos/openpi/artifacts/pi05_libero_spatial_legibility_formal_seed0_20260818/rollouts/episodes/G1_layout-B_target-orange_juice_level-A1_seed-0000.h5,/home/hci-lab/repos/openpi/artifacts/pi05_libero_spatial_legibility_formal_seed0_20260818/observer/raw/G1_layout-B_target-orange_juice_level-A1_seed-0000__5db60a516a08.npz,52ee2b0ee4b640e775c665514feabacf7c1427b8bf699b51ea877e5b8f45c8e5,G1,B,orange_juice,milk,left,pick up the orange juice and place it in the basket,pick up the milk and place it in the basket,0.1,A1,-1,0,True,True,10,0.0,0.219654750916118,0.22611280825779498,0.22451616617530504,-0.010186360942558648,0.010186360942558648,-0.009999993009828541,0.27885008041787296,0.09702472500571392,0.006436471833548586,0.006632488326762411,0.49225661214228755,0.49616557684338003,0.5260120833509314,0.5767770680703246,0.034002300650593335,0.0043839392053308945,0.030866219464626844,0.037138381836559826,1.0,1.0,0.01762265412903022,0.005869244838848291,0.013424049300623672,0.021821258957436765,1.0,1.0,0.015408037137480656,0.005430169486290152,0.01152352789477584,0.019292546380185474,1.0,1.0,0.026148530056713592,0.002367201233552915,0.024455136306427396,0.027841923806999787,1.0,1.0,0.027230401556414735,0.003159064971469175,0.024970542612608403,0.029490260500221067,1.0,1.0,0.02517913698620582,0.0031874800502060727,0.022898951119590845,0.027459322852820794,1.0,1.0,orange_juice,True,orange_juice,True,orange_juice,True,0.007100469392293351
G1_layout-B_target-orange_juice_level-L0_seed-0000,/home/hci-lab/repos/openpi/artifacts/pi05_libero_spatial_legibility_formal_seed0_20260818/rollouts/episodes/G1_layout-B_target-orange_juice_level-L0_seed-0000.h5,/home/hci-lab/repos/openpi/artifacts/pi05_libero_spatial_legibility_formal_seed0_20260818/observer/raw/G1_layout-B_target-orange_juice_level-L0_seed-0000__e867406a1287.npz,52ee2b0ee4b640e775c665514feabacf7c1427b8bf699b51ea877e5b8f45c8e5,G1,B,orange_juice,milk,left,pick up the orange juice and place it in the basket,pick up the milk and place it in the basket,0.1,L0,0,0,True,True,10,0.0,0.21810609526243446,0.2245161661781999,0.22451616617530504,-0.000629977170890833,0.000629977170890833,-1.4810927977115806e-08,0.07202525268525069,0.09771431532791233,0.0064042866288087155,0.006810912040526328,0.5173181537901405,0.5550544141823176,0.5986830910015312,0.6515527461319245,0.026307962831623188,0.0042520847975956785,0.023266204606815086,0.02934972105643129,1.0,1.0,0.01908435937082682,0.005411110471610154,0.015213484125894672,0.022955234615758966,1.0,1.0,0.018732097772104397,0.004448084870110562,0.015550129541848558,0.021914066002360236,1.0,1.0,0.02750133241208703,0.0017268900226198151,0.026265989708523587,0.028736675115650475,1.0,1.0,0.029049873645307013,0.0025894799647438603,0.027197471269609048,0.03090227602100498,1.0,1.0,0.026236205796426333,0.002695033478355168,0.024308294985815188,0.02816411660703748,1.0,1.0,orange_juice,True,orange_juice,True,orange_juice,True,0.0
G1_layout-B_target-orange_juice_level-L1_seed-0000,/home/hci-lab/repos/openpi/artifacts/pi05_libero_spatial_legibility_formal_seed0_20260818/rollouts/episodes/G1_layout-B_target-orange_juice_level-L1_seed-0000.h5,/home/hci-lab/repos/openpi/artifacts/pi05_libero_spatial_legibility_formal_seed0_20260818/observer/raw/G1_layout-B_target-orange_juice_level-L1_seed-0000__2150da02cd9c.npz,52ee2b0ee4b640e775c665514feabacf7c1427b8bf699b51ea877e5b8f45c8e5,G1,B,orange_juice,milk,left,pick up the orange juice and place it in the basket,pick up the milk and place it in the basket,0.1,L1,1,0,True,True,10,0.0,0.21942530665876994,0.2259785941655308,0.22451616617530504,0.009811723425059858,0.009811723425059858,0.009999986097790334,0.33040235764996845,0.09822513388265283,0.006457205725572946,0.007205300861039201,0.5411684166373043,0.6067251361459965,0.6608485523810855,0.7149701060868062,0.015041076645088103,0.0036164632717251865,0.012454014668406305,0.0176281386217699,1.0,1.0,0.016522935309001334,0.0052331318926442496,0.012779378269650438,0.02026649234835223,1.0,1.0,0.01407656367507397,0.0040444828878871165,0.011183314910072255,0.016969812440075685,1.0,1.0,0.022293490194259448,0.001637343493897821,0.021122205218424565,0.02346477517009433,1.0,1.0,0.02319499933488798,0.0023265681092692098,0.021530672770670015,0.024859325899105944,1.0,1.0,0.020788197923399993,0.0022875591527778626,0.019151776685603514,0.022424619161196473,1.0,1.0,orange_juice,True,orange_juice,True,orange_juice,True,0.0060484847741102705
G1_layout-B_target-orange_juice_level-L2_seed-0000,/home/hci-lab/repos/openpi/artifacts/pi05_libero_spatial_legibility_formal_seed0_20260818/rollouts/episodes/G1_layout-B_target-orange_juice_level-L2_seed-0000.h5,/home/hci-lab/repos/openpi/artifacts/pi05_libero_spatial_legibility_formal_seed0_20260818/observer/raw/G1_layout-B_target-orange_juice_level-L2_seed-0000__c01d520cc794.npz,52ee2b0ee4b640e775c665514feabacf7c1427b8bf699b51ea877e5b8f45c8e5,G1,B,orange_juice,milk,left,pick up the orange juice and place it in the basket,pick up the milk and place it in the basket,0.1,L2,2,0,True,True,10,0.0,0.22329855538364704,0.22997401525300704,0.22451616617530504,0.01979206461644114,0.01979206461644114,0.01999996332736037,0.34073804937042423,0.09854071479130658,0.006589623484946087,0.007685720865856311,0.5576099683824697,0.6464369990219521,0.7120772364141394,0.7667282320225763,0.020518662352985755,0.004284669689669858,0.017453594300601505,0.023583730405370006,1.0,1.0,0.009981986352122694,0.005388521429180484,0.0061272703346922745,0.013836702369553113,1.0,1.0,-0.00011629106278969944,0.004515046144958647,-0.0033461605034418988,0.0031135783778625,0.5,0.5,0.010456807291574251,0.002047772000432505,0.0089919194491753,0.011921695133973202,1.0,1.0,0.010398141946788791,0.002534911207385816,0.008584775708518106,0.012211508185059476,1.0,1.0,0.010764819623802371,0.0025616313969328867,0.008932338913409872,0.01259730033419487,1.0,1.0,orange_juice,True,orange_juice,True,milk,False,0.023807038106682853
G1_layout-B_target-orange_juice_level-L3_seed-0000,/home/hci-lab/repos/openpi/artifacts/pi05_libero_spatial_legibility_formal_seed0_20260818/rollouts/episodes/G1_layout-B_target-orange_juice_level-L3_seed-0000.h5,/home/hci-lab/repos/openpi/artifacts/pi05_libero_spatial_legibility_formal_seed0_20260818/observer/raw/G1_layout-B_target-orange_juice_level-L3_seed-0000__d750ab33e820.npz,52ee2b0ee4b640e775c665514feabacf7c1427b8bf699b51ea877e5b8f45c8e5,G1,B,orange_juice,milk,left,pick up the orange juice and place it in the basket,pick up the milk and place it in the basket,0.1,L3,3,0,True,True,50,0.0,0.22917511314290923,0.23597097570454434,0.22451616617530504,0.02982688423965966,0.02982688423965966,0.02999995419700286,0.36154112985090353,0.09874124709961006,0.006776104601353497,0.008152476867044199,0.5684903686519546,0.6750266218742611,0.7518841918370611,0.8080473056246672,0.02417717283822689,0.006028190422733777,0.022463980075756475,0.025890365600697306,1.0,1.0,-0.0013388099873067455,0.006525199985760103,-0.003193251304740548,0.0005156313301270573,0.54,0.46,-0.002448015877864455,0.005690012919767108,-0.0040650996573923445,-0.000830932098336566,0.7,0.3,0.005835721748668368,0.002885765570903818,0.005015596247719663,0.006655847249617073,0.98,0.98,0.005401223721250412,0.003591688149258162,0.004380477243309965,0.006421970199190859,0.94,0.94,0.006576285447250077,0.003985405450476012,0.005443645750349251,0.007708925144150902,0.94,0.94,orange_juice,True,milk,False,milk,False,0.05075061229790966
G2_layout-A_target-milk_level-A1_seed-0000,/home/hci-lab/repos/openpi/artifacts/pi05_libero_spatial_legibility_formal_seed0_20260818/rollouts/episodes/G2_layout-A_target-milk_level-A1_seed-0000.h5,/home/hci-lab/repos/openpi/artifacts/pi05_libero_spatial_legibility_formal_seed0_20260818/observer/raw/G2_layout-A_target-milk_level-A1_seed-0000__dcc6c34ae0fe.npz,52ee2b0ee4b640e775c665514feabacf7c1427b8bf699b51ea877e5b8f45c8e5,G2,A,milk,orange_juice,left,pick up the milk and place it in the basket,pick up the orange juice and place it in the basket,0.125,A1,-1,0,True,True,10,0.0,0.2235562885278208,0.2301249063516358,0.22762335239930617,-0.012802418183105027,0.012802418183105027,-0.012500015462900107,0.28898370471322304,0.1182611425562434,0.006571074349605718,0.006778112387785962,0.4871464204171426,0.49393137063248443,0.539601274814956,0.6147504046715823,-0.030719773875122265,0.005379279535466647,-0.034567878640060085,-0.02687166911018445,1.0,0.0,0.0007548720030316617,0.0054725766163260135,-0.0031599734730074543,0.004669717479070778,0.5,0.5,0.011096036403998474,0.0051372407583294135,0.00742107574980275,0.014770997058194197,1.0,1.0,-0.0031973721556604385,0.0013446144425667788,-0.004159251383042246,-0.002235492928278631,1.0,0.0,-0.0026081458681055385,0.0023999161849877918,-0.004324942484829746,-0.0008913492513813312,0.9,0.1,-0.004176584523135428,0.0027500012634353852,-0.0061438169184105905,-0.002209352127860265,1.0,0.0,orange_juice,False,milk,True,milk,True,0.010872497669187277
G2_layout-A_target-milk_level-L0_seed-0000,/home/hci-lab/repos/openpi/artifacts/pi05_libero_spatial_legibility_formal_seed0_20260818/rollouts/episodes/G2_layout-A_target-milk_level-L0_seed-0000.h5,/home/hci-lab/repos/openpi/artifacts/pi05_libero_spatial_legibility_formal_seed0_20260818/observer/raw/G2_layout-A_target-milk_level-L0_seed-0000__3588bf6a33f6.npz,52ee2b0ee4b640e775c665514feabacf7c1427b8bf699b51ea877e5b8f45c8e5,G2,A,milk,orange_juice,left,pick up the milk and place it in the basket,pick up the orange juice and place it in the basket,0.125,L0,0,0,True,True,10,0.0,0.22115181592464359,0.22762335240134365,0.22762335239930617,-0.0006850147924034257,0.0006850147924034257,-1.0063321633467515e-08,0.07176313666662093,0.12043942211034767,0.006506868665802968,0.006974716275640711,0.5273108767825866,0.5846046601929759,0.6472125145770838,0.7191698034240797,-0.01999099689863155,0.005319494835974089,-0.023796334265914928,-0.016185659531348175,1.0,0.0,0.004036036583510214,0.004943812875004638,0.0004994459014615758,0.007572627265558852,0.8,0.8,0.018836862823306683,0.004376585475488814,0.015706042178767497,0.021967683467845868,1.0,1.0,-0.005560208314690739,0.0013868369949624646,-0.006552291736517255,-0.004568124892864223,1.0,0.0,-0.0023599124536230537,0.002099262362524021,-0.00386163428213601,-0.0008581906251100971,0.9,0.1,-0.0024590443862965447,0.0025497544353108113,-0.004283028830170534,-0.0006350599424225557,0.9,0.1,orange_juice,False,milk,True,milk,True,0.0
G2_layout-A_target-milk_level-L1_seed-0000,/home/hci-lab/repos/openpi/artifacts/pi05_libero_spatial_legibility_formal_seed0_20260818/rollouts/episodes/G2_layout-A_target-milk_level-L1_seed-0000.h5,/home/hci-lab/repos/openpi/artifacts/pi05_libero_spatial_legibility_formal_seed0_20260818/observer/raw/G2_layout-A_target-milk_level-L1_seed-0000__1cdf832aa097.npz,52ee2b0ee4b640e775c665514feabacf7c1427b8bf699b51ea877e5b8f45c8e5,G2,A,milk,orange_juice,left,pick up the milk and place it in the basket,pick up the orange juice and place it in the basket,0.125,L1,1,0,True,True,10,0.0,0.223172623058569,0.22981729771479192,0.22762335239930617,0.012229947195676338,0.012229947195676338,0.012500014524192412,0.3097304967197603,0.12155189239024149,0.0065769361174142825,0.007486668269493302,0.5611309214979573,0.6564510681439695,0.7306984802744576,0.7964689295941985,-0.015442581433813324,0.004729145392581304,-0.018825608249819298,-0.012059554617807349,1.0,0.0,0.012390542131054231,0.005360218503366361,0.008556072807064621,0.01622501145504384,1.0,1.0,0.03064252443755592,0.0044435925634120875,0.02746376980992065,0.03382127906519119,1.0,1.0,0.005083597399096827,0.0016353453907957335,0.003913741780114898,0.006253453018078756,1.0,1.0,0.009361942650130985,0.002421877032041206,0.007629436189805765,0.011094449110456206,1.0,1.0,0.007611517011550778,0.002615965699293183,0.005740167882732782,0.009482866140368773,1.0,1.0,orange_juice,False,milk,True,milk,True,0.009137646577652304
G2_layout-A_target-milk_level-L2_seed-0000,/home/hci-lab/repos/openpi/artifacts/pi05_libero_spatial_legibility_formal_seed0_20260818/rollouts/episodes/G2_layout-A_target-milk_level-L2_seed-0000.h5,/home/hci-lab/repos/openpi/artifacts/pi05_libero_spatial_legibility_formal_seed0_20260818/observer/raw/G2_layout-A_target-milk_level-L2_seed-0000__b522c4bb4fb1.npz,52ee2b0ee4b640e775c665514feabacf7c1427b8bf699b51ea877e5b8f45c8e5,G2,A,milk,orange_juice,left,pick up the milk and place it in the basket,pick up the orange juice and place it in the basket,0.125,L2,2,0,True,True,10,0.0,0.22883413975413205,0.23563004661772322,0.22762335239930617,0.02477283928207683,0.02477283928207683,0.025000026310707368,0.35112821494737484,0.12235947166327954,0.0067596469907823,0.008071744809544604,0.5811735250354938,0.7042933202673076,0.7897635120440987,0.8510461866974307,-0.020014721857493242,0.0053407464193296296,-0.023835261691693192,-0.016194182023293292,1.0,0.0,0.016846599186766557,0.005460679920446691,0.012940264094283158,0.020752934279249957,1.0,1.0,0.03120640845863789,0.004615508392239685,0.027904672655602092,0.03450814426167369,1.0,1.0,0.008671428329667313,0.0018700029165692649,0.007333708829081151,0.010009147830253473,1.0,1.0,0.014454481842575435,0.0024360961616872352,0.012711803629660783,0.016197160055490087,1.0,1.0,0.0111549198057346,0.002537299410087864,0.009339845150168105,0.012969994461301095,1.0,1.0,orange_juice,False,milk,True,milk,True,0.03473778317111438
G2_layout-A_target-milk_level-L3_seed-0000,/home/hci-lab/repos/openpi/artifacts/pi05_libero_spatial_legibility_formal_seed0_20260818/rollouts/episodes/G2_layout-A_target-milk_level-L3_seed-0000.h5,/home/hci-lab/repos/openpi/artifacts/pi05_libero_spatial_legibility_formal_seed0_20260818/observer/raw/G2_layout-A_target-milk_level-L3_seed-0000__eb56dd4f66bd.npz,52ee2b0ee4b640e775c665514feabacf7c1427b8bf699b51ea877e5b8f45c8e5,G2,A,milk,orange_juice,left,pick up the milk and place it in the basket,pick up the orange juice and place it in the basket,0.125,L3,3,0,True,True,10,0.0,0.2372203627176429,0.24418910800702623,0.22762335239930617,0.037369574477350176,0.037369574477350176,0.037500037328963565,0.38230429760593304,0.12288580851267442,0.007015615209773187,0.00859783370413093,0.5935979622716197,0.7347264613561568,0.8291771911421102,0.8887883075595097,-0.022953840621023926,0.005043441583443384,-0.02656170138768892,-0.019345979854358934,1.0,0.0,0.01940358441822144,0.006220281481496898,0.014953863103241254,0.02385330573320163,1.0,1.0,0.03896521034554032,0.005518806701157893,0.03501729385905229,0.042913126832028345,1.0,1.0,0.01692250196293779,0.002538802892551592,0.015106351780807837,0.018738652145067747,1.0,1.0,0.02285394455894415,0.0031259610585223025,0.0206177667278796,0.0250901223900087,1.0,1.0,0.017392051541180134,0.0032991250472986632,0.015031999654875927,0.019752103427484343,1.0,1.0,orange_juice,False,milk,True,milk,True,0.07265844381976318
G2_layout-A_target-orange_juice_level-A1_seed-0000,/home/hci-lab/repos/openpi/artifacts/pi05_libero_spatial_legibility_formal_seed0_20260818/rollouts/episodes/G2_layout-A_target-orange_juice_level-A1_seed-0000.h5,/home/hci-lab/repos/openpi/artifacts/pi05_libero_spatial_legibility_formal_seed0_20260818/observer/raw/G2_layout-A_target-orange_juice_level-A1_seed-0000__5b5cdf3f698f.npz,52ee2b0ee4b640e775c665514feabacf7c1427b8bf699b51ea877e5b8f45c8e5,G2,A,orange_juice,milk,right,pick up the orange juice and place it in the basket,pick up the milk and place it in the basket,0.125,A1,-1,0,True,True,10,0.0,0.22331423795966562,0.2301279392174224,0.22762639019772868,-0.012769985681068526,0.012769985681068526,-0.012500006777608819,0.2792677800946077,0.11824458183568763,0.006587398238725887,0.00683102856772093,0.48737712812880224,0.4938250240711186,0.5396310917722681,0.6165604120845452,0.02474713766017647,0.0047279662283465935,0.02136495436744909,0.028129320952903852,1.0,1.0,0.0030107636173039277,0.004909471941260745,-0.0005012610406329283,0.006522788275240783,0.7,0.7,-0.0051427645109562575,0.004317722605816957,-0.008231477195169389,-0.002054051826743126,0.9,0.1,0.0005618756755172586,0.0020993145325037656,-0.0009398834731509936,0.002063634824185511,0.6,0.6,0.0036966677441714084,0.0022619869417203286,0.0020785397641563267,0.00531479572418649,0.9,0.9,0.005165042492926002,0.0022638448962027614,0.0035455854123408997,0.006784499573511104,1.0,1.0,orange_juice,True,orange_juice,True,milk,False,0.010749985849429182
G2_layout-A_target-orange_juice_level-L0_seed-0000,/home/hci-lab/repos/openpi/artifacts/pi05_libero_spatial_legibility_formal_seed0_20260818/rollouts/episodes/G2_layout-A_target-orange_juice_level-L0_seed-0000.h5,/home/hci-lab/repos/openpi/artifacts/pi05_libero_spatial_legibility_formal_seed0_20260818/observer/raw/G2_layout-A_target-orange_juice_level-L0_seed-0000__80f595a27611.npz,52ee2b0ee4b640e775c665514feabacf7c1427b8bf699b51ea877e5b8f45c8e5,G2,A,orange_juice,milk,right,pick up the orange juice and place it in the basket,pick up the milk and place it in the basket,0.125,L0,0,0,True,True,10,0.0,0.22093914527438105,0.22762639019970918,0.22762639019772868,-0.0004885382093407498,0.0004885382093407498,1.0676724118956898e-08,0.07305665943357709,0.12004934972499559,0.006501976516947478,0.006732379659468167,0.5288304660789671,0.5852390602067779,0.6480284172347321,0.7197416854534393,0.029422546524570083,0.0055308648420114,0.02546600416374912,0.033379088885391046,1.0,1.0,0.01498207745798778,0.005985942934081035,0.010699991841240805,0.019264163074734754,1.0,1.0,0.013825776738758778,0.005088912672898438,0.010185387914229299,0.01746616556328826,1.0,1.0,0.00574513659595209,0.0026810986058287685,0.00382719419263677,0.00766307899926741,1.0,1.0,0.013879306545396191,0.003079672538980334,0.011676241526453964,0.016082371564338418,1.0,1.0,0.015132315694794831,0.003038367826076108,0.012958798287478509,0.017305833102111156,1.0,1.0,orange_juice,True,orange_juice,True,orange_juice,True,0.0
G2_layout-A_target-orange_juice_level-L1_seed-0000,/home/hci-lab/repos/openpi/artifacts/pi05_libero_spatial_legibility_formal_seed0_20260818/rollouts/episodes/G2_layout-A_target-orange_juice_level-L1_seed-0000.h5,/home/hci-lab/repos/openpi/artifacts/pi05_libero_spatial_legibility_formal_seed0_20260818/observer/raw/G2_layout-A_target-orange_juice_level-L1_seed-0000__9f30b94ed14c.npz,52ee2b0ee4b640e775c665514feabacf7c1427b8bf699b51ea877e5b8f45c8e5,G2,A,orange_juice,milk,right,pick up the orange juice and place it in the basket,pick up the milk and place it in the basket,0.125,L1,1,0,True,True,10,0.0,0.22304985249533343,0.2298202904310959,0.22762639019772868,0.012357506113053654,0.012357506113053654,0.012500015304203891,0.3103850446331374,0.12120425592817463,0.006575158002578051,0.007073109190197155,0.5621791178963781,0.6566962631461846,0.7314585250864125,0.7966150830496136,0.02332033881251837,0.006050585769639892,0.0189920104969317,0.027648667128105042,1.0,1.0,0.023585654745102713,0.005206521449540912,0.0198611336699972,0.027310175820208227,1.0,1.0,0.023033197689064425,0.004463037487280213,0.019840533000853675,0.026225862377275175,1.0,1.0,0.007998189543670218,0.0023320243089529455,0.0063299598493280415,0.009666419238012394,1.0,1.0,0.018840858515881333,0.0027847884370005155,0.016848740875756538,0.020832976156006128,1.0,1.0,0.020316967091969507,0.0031212007754616426,0.01808419456226686,0.022549739621672154,1.0,1.0,orange_juice,True,orange_juice,True,orange_juice,True,0.009553342022443007
G2_layout-A_target-orange_juice_level-L2_seed-0000,/home/hci-lab/repos/openpi/artifacts/pi05_libero_spatial_legibility_formal_seed0_20260818/rollouts/episodes/G2_layout-A_target-orange_juice_level-L2_seed-0000.h5,/home/hci-lab/repos/openpi/artifacts/pi05_libero_spatial_legibility_formal_seed0_20260818/observer/raw/G2_layout-A_target-orange_juice_level-L2_seed-0000__3816eeb10d91.npz,52ee2b0ee4b640e775c665514feabacf7c1427b8bf699b51ea877e5b8f45c8e5,G2,A,orange_juice,milk,right,pick up the orange juice and place it in the basket,pick up the milk and place it in the basket,0.125,L2,2,0,True,True,10,0.0,0.22871629389800363,0.23563288768629168,0.22762639019772868,0.02492064307298877,0.02492064307298877,0.025000026916501245,0.3414910849587677,0.12191794185809504,0.00675383256843315,0.007575129611232977,0.5823055122320083,0.7033135110751193,0.790467545598357,0.8513431275347978,0.02057785831517893,0.006142892259405414,0.016183497914670948,0.02497221871568691,1.0,1.0,0.018203591906686314,0.004875858953681003,0.014715612531545528,0.021691571281827103,1.0,1.0,0.023357922344582494,0.004489831294205928,0.02014609052154972,0.02656975416761527,1.0,1.0,0.009186427568551602,0.002230868721598755,0.007590560222202553,0.010782294914900651,1.0,1.0,0.01956236144958002,0.0028324283255507796,0.01753616428618028,0.021588558612979758,1.0,1.0,0.02086249339504775,0.0031592130244334367,0.01860252854053098,0.02312245824956452,1.0,1.0,orange_juice,True,orange_juice,True,orange_juice,True,0.03520041056538105
G2_layout-A_target-orange_juice_level-L3_seed-0000,/home/hci-lab/repos/openpi/artifacts/pi05_libero_spatial_legibility_formal_seed0_20260818/rollouts/episodes/G2_layout-A_target-orange_juice_level-L3_seed-0000.h5,/home/hci-lab/repos/openpi/artifacts/pi05_libero_spatial_legibility_formal_seed0_20260818/observer/raw/G2_layout-A_target-orange_juice_level-L3_seed-0000__e27331c92236.npz,52ee2b0ee4b640e775c665514feabacf7c1427b8bf699b51ea877e5b8f45c8e5,G2,A,orange_juice,milk,right,pick up the orange juice and place it in the basket,pick up the milk and place it in the basket,0.125,L3,3,0,True,True,10,0.0,0.23709686871078658,0.2441917203750097,0.22762639019772868,0.03748254080518422,0.03748254080518422,0.03750004519915234,0.37254822988599057,0.1223784455804753,0.007004361761543996,0.008065532293970258,0.5947748465341484,0.7338391542932969,0.8294183060835475,0.8891032827877722,0.024143666108181354,0.005942695256354471,0.019892518016364033,0.028394814199998675,1.0,1.0,0.024009692133736306,0.004649979909028016,0.020683296893106082,0.02733608737436653,1.0,1.0,0.027752982011309053,0.004231215472865936,0.024726152802069686,0.03077981122054842,1.0,1.0,0.011709114157893052,0.002516762520512123,0.009908730708112084,0.013509497607674021,1.0,1.0,0.023060334735964323,0.0030482655870372193,0.020879736896990644,0.025240932574938,1.0,1.0,0.024813624736573336,0.0031670621485443153,0.022548044956917892,0.02707920451622878,1.0,1.0,orange_juice,True,orange_juice,True,orange_juice,True,0.07313200843761525
G2_layout-B_target-milk_level-A1_seed-0000,/home/hci-lab/repos/openpi/artifacts/pi05_libero_spatial_legibility_formal_seed0_20260818/rollouts/episodes/G2_layout-B_target-milk_level-A1_seed-0000.h5,/home/hci-lab/repos/openpi/artifacts/pi05_libero_spatial_legibility_formal_seed0_20260818/observer/raw/G2_layout-B_target-milk_level-A1_seed-0000__21e8e8373d55.npz,52ee2b0ee4b640e775c665514feabacf7c1427b8bf699b51ea877e5b8f45c8e5,G2,B,milk,orange_juice,right,pick up the milk and place it in the basket,pick up the orange juice and place it in the basket,0.125,A1,-1,0,True,True,10,0.0,0.22331124758263893,0.23012485912968464,0.22762331966724658,-0.012769959759272243,0.012769959759272243,-0.012499981996484708,0.27926777008525083,0.11824636029832725,0.006587310896513293,0.006830940084709421,0.4873774199982176,0.49382454280419474,0.5396282623147908,0.6165548530143151,-0.027953552623089916,0.004250726417091684,-0.030994339121023524,-0.02491276612515631,1.0,0.0,-0.013344292919968312,0.0049074114191268335,-0.016854843569166732,-0.009833742270769892,1.0,0.0,-0.015556708849430357,0.004182589931377008,-0.018548753441758197,-0.012564664257102516,1.0,0.0,-0.018356280835775694,0.0018055793314540479,-0.01964791447984116,-0.01706464719171023,1.0,0.0,-0.023595263405010232,0.0017704079388950892,-0.02486173695051542,-0.022328789859505045,1.0,0.0,-0.02219566117498274,0.0019982623814280916,-0.023625131969514032,-0.020766190380451445,1.0,0.0,orange_juice,False,orange_juice,False,orange_juice,False,0.010750051530079444
G2_layout-B_target-milk_level-L0_seed-0000,/home/hci-lab/repos/openpi/artifacts/pi05_libero_spatial_legibility_formal_seed0_20260818/rollouts/episodes/G2_layout-B_target-milk_level-L0_seed-0000.h5,/home/hci-lab/repos/openpi/artifacts/pi05_libero_spatial_legibility_formal_seed0_20260818/observer/raw/G2_layout-B_target-milk_level-L0_seed-0000__8df78415411c.npz,52ee2b0ee4b640e775c665514feabacf7c1427b8bf699b51ea877e5b8f45c8e5,G2,B,milk,orange_juice,right,pick up the milk and place it in the basket,pick up the orange juice and place it in the basket,0.125,L0,0,0,True,True,10,0.0,0.2209361723450709,0.22762331966896285,0.22762331966724658,-0.0004885422205589819,0.0004885422205589819,3.1923858834215224e-09,0.07305663111363037,0.1200507136721937,0.006501890592950553,0.006732280171699997,0.5288298468078433,0.5852372552276988,0.6480247621503811,0.7197360873413413,-0.032735855513932995,0.0051437465192375595,-0.03641547010912307,-0.02905624091874292,1.0,0.0,-0.02507717972632071,0.0054767579360341,-0.028995016338289152,-0.021159343114352268,1.0,0.0,-0.025347009868708338,0.00480694644540384,-0.028785692205144077,-0.0219083275322726,1.0,0.0,-0.019664096261283126,0.002130895038755427,-0.02118844674319311,-0.01813974577937314,1.0,0.0,-0.028699607782875926,0.0024849836167188254,-0.030477257974363618,-0.026921957591388233,1.0,0.0,-0.027810851688012932,0.0026407734237444145,-0.029699947193838973,-0.02592175618218689,1.0,0.0,orange_juice,False,orange_juice,False,orange_juice,False,0.0
G2_layout-B_target-milk_level-L1_seed-0000,/home/hci-lab/repos/openpi/artifacts/pi05_libero_spatial_legibility_formal_seed0_20260818/rollouts/episodes/G2_layout-B_target-milk_level-L1_seed-0000.h5,/home/hci-lab/repos/openpi/artifacts/pi05_libero_spatial_legibility_formal_seed0_20260818/observer/raw/G2_layout-B_target-milk_level-L1_seed-0000__7571c2e78ee9.npz,52ee2b0ee4b640e775c665514feabacf7c1427b8bf699b51ea877e5b8f45c8e5,G2,B,milk,orange_juice,right,pick up the milk and place it in the basket,pick up the orange juice and place it in the basket,0.125,L1,1,0,True,True,10,0.0,0.2230469190367762,0.22981725900508795,0.22762331966724658,0.01235748689343898,0.01235748689343898,0.012499988103879547,0.31038499900309185,0.12120531800329293,0.006575074131798658,0.007073017981020169,0.5621788202391098,0.6566943719951094,0.7314546789546066,0.7966094870614021,-0.022315911983867575,0.0057194206181361215,-0.02640733902130335,-0.0182244849464318,1.0,0.0,-0.026841917986693754,0.005278410768039799,-0.030617865582254242,-0.023065970391133266,1.0,0.0,-0.032219601480187654,0.004301843277247704,-0.035296954777046315,-0.029142248183328997,1.0,0.0,-0.018830986692052926,0.0016140591690369935,-0.019985615065297342,-0.01767635831880851,1.0,0.0,-0.029716193630857757,0.002203362706601858,-0.031292384359422554,-0.028140002902292956,1.0,0.0,-0.028756363166191595,0.002737384120742905,-0.03071456980130785,-0.02679815653107534,1.0,0.0,orange_juice,False,orange_juice,False,orange_juice,False,0.009553649225028731
G2_layout-B_target-milk_level-L2_seed-0000,/home/hci-lab/repos/openpi/artifacts/pi05_libero_spatial_legibility_formal_seed0_20260818/rollouts/episodes/G2_layout-B_target-milk_level-L2_seed-0000.h5,/home/hci-lab/repos/openpi/artifacts/pi05_libero_spatial_legibility_formal_seed0_20260818/observer/raw/G2_layout-B_target-milk_level-L2_seed-0000__c3a2e0aa8ccd.npz,52ee2b0ee4b640e775c665514feabacf7c1427b8bf699b51ea877e5b8f45c8e5,G2,B,milk,orange_juice,right,pick up the milk and place it in the basket,pick up the orange juice and place it in the basket,0.125,L2,2,0,True,True,10,0.0,0.22871346692247033,0.23562998982341135,0.22762331966724658,0.024920614009390097,0.024920614009390097,0.0249999745481243,0.34149108732933375,0.12191870842173438,0.006753751689895349,0.007575063747528213,0.5823055191644126,0.7033120600990743,0.790463917696908,0.8513377718456553,-0.019115009338823378,0.005585971392927777,-0.02311097255140757,-0.015119046126239186,1.0,0.0,-0.022474028965708964,0.004792975141690359,-0.025902716833547605,-0.019045341097870323,1.0,0.0,-0.030812682631973048,0.0043850417994547985,-0.033949552566260574,-0.02767581269768552,1.0,0.0,-0.016660207355416002,0.001758101169247948,-0.017917877168263697,-0.015402537542568307,1.0,0.0,-0.02820240643327427,0.002449667131466082,-0.029954792733141177,-0.026450020133407363,1.0,0.0,-0.027659786820140985,0.002926490309276263,-0.029753271873189713,-0.025566301767092257,1.0,0.0,orange_juice,False,orange_juice,False,orange_juice,False,0.03520154483916919
G2_layout-B_target-milk_level-L3_seed-0000,/home/hci-lab/repos/openpi/artifacts/pi05_libero_spatial_legibility_formal_seed0_20260818/rollouts/episodes/G2_layout-B_target-milk_level-L3_seed-0000.h5,/home/hci-lab/repos/openpi/artifacts/pi05_libero_spatial_legibility_formal_seed0_20260818/observer/raw/G2_layout-B_target-milk_level-L3_seed-0000__fddfb8bb8c3f.npz,52ee2b0ee4b640e775c665514feabacf7c1427b8bf699b51ea877e5b8f45c8e5,G2,B,milk,orange_juice,right,pick up the milk and place it in the basket,pick up the orange juice and place it in the basket,0.125,L3,3,0,True,True,10,0.0,0.2370942445778137,0.24418902473721976,0.22762331966724658,0.037482504879415415,0.037482504879415415,0.03749996227975426,0.3725482280385788,0.12237901497428465,0.00700428670439227,0.008065475617104299,0.5947750248488166,0.7338379568130464,0.8294151255142357,0.8890984524399701,-0.02092268032906598,0.005521513729408506,-0.024872533306907786,-0.01697282735122417,1.0,0.0,-0.025667484541005686,0.004671853104066673,-0.029009526922762843,-0.02232544215924853,1.0,0.0,-0.033646862679626716,0.004458093083183033,-0.03683599035422055,-0.030457735005032884,1.0,0.0,-0.015425085652474687,0.00247718571989508,-0.01719715756461733,-0.013653013740332044,1.0,0.0,-0.02730384421613949,0.002993093634866218,-0.02944497441811078,-0.025162714014168197,1.0,0.0,-0.027803674829846976,0.003122583928683139,-0.030037436807758663,-0.02556991285193529,1.0,0.0,orange_juice,False,orange_juice,False,orange_juice,False,0.07313457122587505
G2_layout-B_target-orange_juice_level-A1_seed-0000,/home/hci-lab/repos/openpi/artifacts/pi05_libero_spatial_legibility_formal_seed0_20260818/rollouts/episodes/G2_layout-B_target-orange_juice_level-A1_seed-0000.h5,/home/hci-lab/repos/openpi/artifacts/pi05_libero_spatial_legibility_formal_seed0_20260818/observer/raw/G2_layout-B_target-orange_juice_level-A1_seed-0000__95f90d25ba2c.npz,52ee2b0ee4b640e775c665514feabacf7c1427b8bf699b51ea877e5b8f45c8e5,G2,B,orange_juice,milk,left,pick up the orange juice and place it in the basket,pick up the milk and place it in the basket,0.125,A1,-1,0,True,True,10,0.0,0.22355919132050275,0.23012789534077768,0.22762635132892847,-0.012802384399644984,0.012802384399644984,-0.01249999497358326,0.2889837178156876,0.1182589606525477,0.006571152606215257,0.006778191215867284,0.4871463598375629,0.4939321847326109,0.5396038829264352,0.6147551787542375,0.03405901035063642,0.005330638219086493,0.030245701487287516,0.03787231921398533,1.0,1.0,0.013879216163906577,0.006090900497477302,0.009522048429348375,0.01823638389846478,1.0,1.0,0.015054356026170052,0.005886019510555274,0.010843751320512227,0.019264960731827877,1.0,1.0,0.02851508087785141,0.0020881526274083386,0.02702130647507716,0.030008855280625663,1.0,1.0,0.03046840484995859,0.0032729211771939794,0.02812709808309739,0.03280971161681979,1.0,1.0,0.027247626698609077,0.0034388980371685804,0.024787587238730785,0.02970766615848737,1.0,1.0,orange_juice,True,orange_juice,True,orange_juice,True,0.010872224529472698
G2_layout-B_target-orange_juice_level-L0_seed-0000,/home/hci-lab/repos/openpi/artifacts/pi05_libero_spatial_legibility_formal_seed0_20260818/rollouts/episodes/G2_layout-B_target-orange_juice_level-L0_seed-0000.h5,/home/hci-lab/repos/openpi/artifacts/pi05_libero_spatial_legibility_formal_seed0_20260818/observer/raw/G2_layout-B_target-orange_juice_level-L0_seed-0000__b7b74a701c5d.npz,52ee2b0ee4b640e775c665514feabacf7c1427b8bf699b51ea877e5b8f45c8e5,G2,B,orange_juice,milk,left,pick up the orange juice and place it in the basket,pick up the milk and place it in the basket,0.125,L0,0,0,True,True,10,0.0,0.22115474725261355,0.2276263513307372,0.22762635132892847,-0.0006850079914927443,0.0006850079914927443,8.778986447521842e-09,0.0717632005744799,0.12043757613335407,0.006506947061403792,0.006974803284060136,0.5273113569912279,0.5846058262138747,0.6472150799728121,0.7191742985278041,0.028754633911503714,0.005165057963262765,0.025059774027653626,0.032449493795353807,1.0,1.0,0.01249399002666582,0.005224940777775294,0.008756292557904175,0.016231687495427465,1.0,1.0,0.0072997560931861525,0.004516201884104457,0.004069059886554476,0.01053045229981783,1.0,1.0,0.02481034293960386,0.001726355621943942,0.023575382523254463,0.026045303355953255,1.0,1.0,0.024646467656911628,0.0024599552599090567,0.02288672167331334,0.026406213640509914,1.0,1.0,0.022176588198323972,0.0026863742211299196,0.020254871847169637,0.024098304549478308,1.0,1.0,orange_juice,True,orange_juice,True,orange_juice,True,0.0
G2_layout-B_target-orange_juice_level-L1_seed-0000,/home/hci-lab/repos/openpi/artifacts/pi05_libero_spatial_legibility_formal_seed0_20260818/rollouts/episodes/G2_layout-B_target-orange_juice_level-L1_seed-0000.h5,/home/hci-lab/repos/openpi/artifacts/pi05_libero_spatial_legibility_formal_seed0_20260818/observer/raw/G2_layout-B_target-orange_juice_level-L1_seed-0000__63de9cf4d54c.npz,52ee2b0ee4b640e775c665514feabacf7c1427b8bf699b51ea877e5b8f45c8e5,G2,B,orange_juice,milk,left,pick up the orange juice and place it in the basket,pick up the milk and place it in the basket,0.125,L1,1,0,True,True,10,0.0,0.22317550115238535,0.2298202398742162,0.22762635132892847,0.012229909724114783,0.012229909724114783,0.01249998009340015,0.30973051956691516,0.12155036250488827,0.006577014052804891,0.007486741330248699,0.5611308930363569,0.6564518915586459,0.730700892043423,0.7964729756990007,0.020924164227542914,0.004166769901879774,0.01794343660256886,0.023904891852516968,1.0,1.0,-0.002579759272193401,0.005247251131627958,-0.006333416606658593,0.0011738980622717906,0.7,0.3,-0.007353640314153325,0.0046783890778951355,-0.010700358249926031,-0.004006922378380618,0.9,0.1,0.010632801158127269,0.0017663275166505273,0.00936924657085408,0.011896355745400457,1.0,1.0,0.00888578022067819,0.0026007488462675365,0.007025316572759501,0.010746243868596881,1.0,1.0,0.008525256300991624,0.0026414838804974285,0.00663565256502091,0.01041486003696234,1.0,1.0,orange_juice,True,milk,False,milk,False,0.00913728475140349
G2_layout-B_target-orange_juice_level-L2_seed-0000,/home/hci-lab/repos/openpi/artifacts/pi05_libero_spatial_legibility_formal_seed0_20260818/rollouts/episodes/G2_layout-B_target-orange_juice_level-L2_seed-0000.h5,/home/hci-lab/repos/openpi/artifacts/pi05_libero_spatial_legibility_formal_seed0_20260818/observer/raw/G2_layout-B_target-orange_juice_level-L2_seed-0000__c6b969676ef8.npz,52ee2b0ee4b640e775c665514feabacf7c1427b8bf699b51ea877e5b8f45c8e5,G2,B,orange_juice,milk,left,pick up the orange juice and place it in the basket,pick up the milk and place it in the basket,0.125,L2,2,0,True,True,10,0.0,0.22883684835215984,0.235632816318957,0.22762635132892847,0.02477279543833305,0.02477279543833305,0.024999968914587566,0.3511282436408026,0.12235826063000692,0.006759722645612151,0.008071791487964795,0.5811731576423875,0.7042936112134749,0.7897656231588795,0.8510500673638169,0.0315029986357168,0.005547872884493416,0.027534289454248986,0.03547170781718462,1.0,1.0,0.0029348428229531895,0.005645943129984395,-0.0011040215858985716,0.006973707231804951,0.7,0.7,-0.007865318847730708,0.0043544443812253445,-0.010980300707582382,-0.004750336987879035,0.9,0.1,0.006591615380663609,0.0017159067292496085,0.005364129651863036,0.007819101109464181,1.0,1.0,0.005159406517400529,0.0023525897449142353,0.0034764651964187833,0.006842347838382274,1.0,1.0,0.007323499174335923,0.0024533902417687,0.005568449521802281,0.009078548826869566,1.0,1.0,orange_juice,True,orange_juice,True,milk,False,0.0347363156114909
G2_layout-B_target-orange_juice_level-L3_seed-0000,/home/hci-lab/repos/openpi/artifacts/pi05_libero_spatial_legibility_formal_seed0_20260818/rollouts/episodes/G2_layout-B_target-orange_juice_level-L3_seed-0000.h5,/home/hci-lab/repos/openpi/artifacts/pi05_libero_spatial_legibility_formal_seed0_20260818/observer/raw/G2_layout-B_target-orange_juice_level-L3_seed-0000__5fec82d21149.npz,52ee2b0ee4b640e775c665514feabacf7c1427b8bf699b51ea877e5b8f45c8e5,G2,B,orange_juice,milk,left,pick up the orange juice and place it in the basket,pick up the milk and place it in the basket,0.125,L3,3,0,True,True,50,0.0,0.23722282155805596,0.244191621505308,0.22762635132892847,0.03736949277813935,0.03736949277813935,0.037499956154557174,0.38230427966653957,0.12288475454983443,0.007015683831443386,0.00859786948571342,0.593597500298507,0.7347265357753733,0.8291789367796027,0.8887917670588004,0.02766453363701273,0.006764443633261264,0.025742100027261766,0.02958696724676369,1.0,1.0,0.0037436830059752947,0.006938630497886235,0.0017717460370292558,0.005715619974921334,0.68,0.68,-0.017075626223118177,0.006130776406019325,-0.01881797359945628,-0.015333278846780072,0.98,0.02,0.0038312436353497015,0.0029637007673298803,0.002988969196644268,0.004673518074055135,0.96,0.96,0.001378515617288284,0.0038919158137892,0.0002724453811552886,0.002484585853421279,0.66,0.66,0.004151606462033819,0.00453023109779373,0.002864129029371872,0.005439083894695765,0.8,0.8,orange_juice,True,orange_juice,True,milk,False,0.07265534430101418
